joint_idx,source,brnpdb_id,common_name,HIV_active,community
0,HIV,,,0.0,0
1,HIV,,,0.0,1
2,HIV,,,0.0,2
3,HIV,,,0.0,434
4,HIV,,,0.0,343
5,HIV,,,0.0,1830
6,HIV,,,0.0,5
7,HIV,,,0.0,3
8,HIV,,,0.0,6801
9,HIV,,,0.0,6801
10,HIV,,,0.0,1016
11,HIV,,,1.0,4
12,HIV,,,0.0,5
13,HIV,,,0.0,1016
14,HIV,,,0.0,6
15,HIV,,,0.0,5992
16,HIV,,,1.0,7
17,HIV,,,0.0,11296
18,HIV,,,0.0,8
19,HIV,,,0.0,8551
20,HIV,,,0.0,9
21,HIV,,,0.0,343
22,HIV,,,0.0,10
23,HIV,,,0.0,1016
24,HIV,,,0.0,1016
25,HIV,,,0.0,3309
26,HIV,,,0.0,11
27,HIV,,,0.0,5363
28,HIV,,,0.0,5165
29,HIV,,,0.0,5363
30,HIV,,,0.0,288
31,HIV,,,0.0,12
32,HIV,,,0.0,13
33,HIV,,,0.0,14
34,HIV,,,0.0,5424
35,HIV,,,0.0,343
36,HIV,,,0.0,5424
37,HIV,,,0.0,5424
38,HIV,,,0.0,3254
39,HIV,,,0.0,1016
40,HIV,,,0.0,15
41,HIV,,,0.0,1016
42,HIV,,,0.0,1016
43,HIV,,,0.0,16
44,HIV,,,0.0,5363
45,HIV,,,0.0,5363
46,HIV,,,0.0,17
47,HIV,,,0.0,18
48,HIV,,,0.0,5597
49,HIV,,,0.0,5597
50,HIV,,,0.0,12533
51,HIV,,,0.0,19
52,HIV,,,0.0,12238
53,HIV,,,0.0,1016
54,HIV,,,0.0,1342
55,HIV,,,0.0,604
56,HIV,,,0.0,20
57,HIV,,,0.0,441
58,HIV,,,0.0,1016
59,HIV,,,0.0,6801
60,HIV,,,0.0,441
61,HIV,,,0.0,21
62,HIV,,,0.0,434
63,HIV,,,0.0,22
64,HIV,,,0.0,32
65,HIV,,,0.0,205
66,HIV,,,0.0,23
67,HIV,,,0.0,13815
68,HIV,,,0.0,899
69,HIV,,,0.0,2546
70,HIV,,,0.0,1016
71,HIV,,,0.0,24
72,HIV,,,0.0,3138
73,HIV,,,0.0,25
74,HIV,,,0.0,521
75,HIV,,,0.0,10138
76,HIV,,,0.0,26
77,HIV,,,0.0,9265
78,HIV,,,0.0,5424
79,HIV,,,0.0,27
80,HIV,,,1.0,5165
81,HIV,,,0.0,5165
82,HIV,,,0.0,28
83,HIV,,,0.0,8146
84,HIV,,,0.0,29
85,HIV,,,0.0,521
86,HIV,,,0.0,236
87,HIV,,,0.0,6801
88,HIV,,,0.0,30
89,HIV,,,0.0,31
90,HIV,,,0.0,343
91,HIV,,,0.0,7356
92,HIV,,,0.0,98
93,HIV,,,0.0,8392
94,HIV,,,0.0,32
95,HIV,,,0.0,7337
96,HIV,,,0.0,7365
97,HIV,,,0.0,33
98,HIV,,,0.0,6801
99,HIV,,,0.0,5
100,HIV,,,0.0,3279
101,HIV,,,0.0,343
102,HIV,,,0.0,34
103,HIV,,,0.0,35
104,HIV,,,0.0,36
105,HIV,,,0.0,1016
106,HIV,,,0.0,343
107,HIV,,,0.0,6436
108,HIV,,,0.0,37
109,HIV,,,0.0,1176
110,HIV,,,0.0,38
111,HIV,,,0.0,39
112,HIV,,,0.0,1016
113,HIV,,,0.0,659
114,HIV,,,0.0,5992
115,HIV,,,0.0,40
116,HIV,,,0.0,41
117,HIV,,,0.0,343
118,HIV,,,0.0,5597
119,HIV,,,0.0,343
120,HIV,,,0.0,42
121,HIV,,,0.0,343
122,HIV,,,0.0,1258
123,HIV,,,0.0,343
124,HIV,,,0.0,343
125,HIV,,,0.0,343
126,HIV,,,0.0,343
127,HIV,,,0.0,1016
128,HIV,,,0.0,1729
129,HIV,,,0.0,12470
130,HIV,,,0.0,8959
131,HIV,,,0.0,5165
132,HIV,,,0.0,43
133,HIV,,,0.0,44
134,HIV,,,0.0,45
135,HIV,,,0.0,46
136,HIV,,,0.0,7356
137,HIV,,,0.0,47
138,HIV,,,0.0,129
139,HIV,,,0.0,9329
140,HIV,,,0.0,48
141,HIV,,,0.0,49
142,HIV,,,0.0,53
143,HIV,,,0.0,50
144,HIV,,,0.0,51
145,HIV,,,0.0,50
146,HIV,,,0.0,51
147,HIV,,,0.0,52
148,HIV,,,0.0,53
149,HIV,,,0.0,54
150,HIV,,,0.0,9886
151,HIV,,,0.0,55
152,HIV,,,0.0,56
153,HIV,,,0.0,57
154,HIV,,,0.0,57
155,HIV,,,0.0,58
156,HIV,,,0.0,59
157,HIV,,,0.0,343
158,HIV,,,0.0,1016
159,HIV,,,0.0,60
160,HIV,,,0.0,60
161,HIV,,,0.0,3254
162,HIV,,,0.0,5481
163,HIV,,,0.0,5424
164,HIV,,,0.0,288
165,HIV,,,0.0,61
166,HIV,,,0.0,719
167,HIV,,,0.0,5
168,HIV,,,0.0,62
169,HIV,,,0.0,63
170,HIV,,,0.0,64
171,HIV,,,0.0,343
172,HIV,,,0.0,2546
173,HIV,,,0.0,65
174,HIV,,,0.0,66
175,HIV,,,0.0,67
176,HIV,,,0.0,7356
177,HIV,,,0.0,68
178,HIV,,,0.0,69
179,HIV,,,0.0,70
180,HIV,,,0.0,71
181,HIV,,,0.0,5363
182,HIV,,,0.0,73
183,HIV,,,0.0,73
184,HIV,,,0.0,72
185,HIV,,,0.0,73
186,HIV,,,0.0,74
187,HIV,,,0.0,74
188,HIV,,,0.0,74
189,HIV,,,0.0,75
190,HIV,,,0.0,3309
191,HIV,,,0.0,76
192,HIV,,,0.0,5165
193,HIV,,,0.0,77
194,HIV,,,0.0,78
195,HIV,,,0.0,2527
196,HIV,,,0.0,79
197,HIV,,,0.0,3138
198,HIV,,,0.0,434
199,HIV,,,0.0,343
200,HIV,,,0.0,5424
201,HIV,,,0.0,5363
202,HIV,,,0.0,80
203,HIV,,,1.0,17
204,HIV,,,0.0,1016
205,HIV,,,0.0,81
206,HIV,,,0.0,5363
207,HIV,,,0.0,82
208,HIV,,,0.0,83
209,HIV,,,0.0,5747
210,HIV,,,0.0,5165
211,HIV,,,0.0,84
212,HIV,,,0.0,98
213,HIV,,,0.0,85
214,HIV,,,0.0,2546
215,HIV,,,0.0,2473
216,HIV,,,0.0,2473
217,HIV,,,0.0,2473
218,HIV,,,0.0,5363
219,HIV,,,0.0,5363
220,HIV,,,0.0,434
221,HIV,,,0.0,13609
222,HIV,,,0.0,158
223,HIV,,,0.0,5165
224,HIV,,,0.0,4548
225,HIV,,,0.0,7710
226,HIV,,,0.0,86
227,HIV,,,0.0,11760
228,HIV,,,0.0,5363
229,HIV,,,0.0,9799
230,HIV,,,0.0,87
231,HIV,,,0.0,6801
232,HIV,,,0.0,88
233,HIV,,,0.0,89
234,HIV,,,1.0,5
235,HIV,,,1.0,90
236,HIV,,,0.0,4056
237,HIV,,,0.0,7591
238,HIV,,,0.0,91
239,HIV,,,0.0,92
240,HIV,,,0.0,6801
241,HIV,,,0.0,7192
242,HIV,,,0.0,343
243,HIV,,,0.0,5992
244,HIV,,,1.0,31
245,HIV,,,0.0,93
246,HIV,,,0.0,32
247,HIV,,,0.0,1132
248,HIV,,,0.0,1132
249,HIV,,,0.0,94
250,HIV,,,0.0,95
251,HIV,,,0.0,96
252,HIV,,,0.0,343
253,HIV,,,0.0,5718
254,HIV,,,0.0,97
255,HIV,,,0.0,5597
256,HIV,,,0.0,236
257,HIV,,,0.0,61
258,HIV,,,0.0,118
259,HIV,,,0.0,98
260,HIV,,,0.0,343
261,HIV,,,0.0,84
262,HIV,,,0.0,3764
263,HIV,,,0.0,3309
264,HIV,,,0.0,3021
265,HIV,,,0.0,99
266,HIV,,,0.0,100
267,HIV,,,0.0,5424
268,HIV,,,0.0,13880
269,HIV,,,0.0,14106
270,HIV,,,0.0,101
271,HIV,,,1.0,434
272,HIV,,,0.0,5165
273,HIV,,,0.0,102
274,HIV,,,0.0,5718
275,HIV,,,0.0,434
276,HIV,,,0.0,5165
277,HIV,,,0.0,103
278,HIV,,,0.0,434
279,HIV,,,1.0,434
280,HIV,,,0.0,104
281,HIV,,,0.0,6801
282,HIV,,,0.0,105
283,HIV,,,0.0,1016
284,HIV,,,0.0,155
285,HIV,,,0.0,106
286,HIV,,,0.0,107
287,HIV,,,0.0,108
288,HIV,,,0.0,1016
289,HIV,,,0.0,3309
290,HIV,,,0.0,109
291,HIV,,,0.0,2546
292,HIV,,,0.0,5
293,HIV,,,0.0,7604
294,HIV,,,0.0,434
295,HIV,,,0.0,110
296,HIV,,,0.0,7710
297,HIV,,,0.0,1016
298,HIV,,,0.0,155
299,HIV,,,0.0,5165
300,HIV,,,0.0,1016
301,HIV,,,0.0,111
302,HIV,,,0.0,1016
303,HIV,,,0.0,1016
304,HIV,,,0.0,112
305,HIV,,,0.0,113
306,HIV,,,0.0,114
307,HIV,,,0.0,6801
308,HIV,,,0.0,6801
309,HIV,,,0.0,6801
310,HIV,,,0.0,6801
311,HIV,,,0.0,6801
312,HIV,,,0.0,115
313,HIV,,,0.0,116
314,HIV,,,0.0,2546
315,HIV,,,0.0,45
316,HIV,,,0.0,117
317,HIV,,,0.0,6039
318,HIV,,,0.0,205
319,HIV,,,0.0,10400
320,HIV,,,0.0,14106
321,HIV,,,0.0,118
322,HIV,,,0.0,5992
323,HIV,,,0.0,6801
324,HIV,,,0.0,210
325,HIV,,,0.0,604
326,HIV,,,1.0,4878
327,HIV,,,0.0,119
328,HIV,,,0.0,6801
329,HIV,,,0.0,441
330,HIV,,,0.0,120
331,HIV,,,0.0,121
332,HIV,,,0.0,13270
333,HIV,,,0.0,122
334,HIV,,,0.0,123
335,HIV,,,0.0,1016
336,HIV,,,0.0,1016
337,HIV,,,0.0,124
338,HIV,,,0.0,5597
339,HIV,,,0.0,5597
340,HIV,,,0.0,5597
341,HIV,,,0.0,5597
342,HIV,,,0.0,7356
343,HIV,,,0.0,2410
344,HIV,,,0.0,125
345,HIV,,,0.0,1016
346,HIV,,,0.0,17
347,HIV,,,0.0,3309
348,HIV,,,0.0,126
349,HIV,,,0.0,434
350,HIV,,,0.0,137
351,HIV,,,0.0,3309
352,HIV,,,1.0,127
353,HIV,,,1.0,434
354,HIV,,,0.0,343
355,HIV,,,0.0,9799
356,HIV,,,0.0,128
357,HIV,,,0.0,1016
358,HIV,,,0.0,129
359,HIV,,,0.0,1016
360,HIV,,,0.0,57
361,HIV,,,1.0,130
362,HIV,,,0.0,131
363,HIV,,,0.0,7388
364,HIV,,,0.0,14106
365,HIV,,,0.0,14106
366,HIV,,,0.0,14106
367,HIV,,,0.0,132
368,HIV,,,0.0,5424
369,HIV,,,0.0,5363
370,HIV,,,0.0,133
371,HIV,,,0.0,604
372,HIV,,,0.0,343
373,HIV,,,0.0,5165
374,HIV,,,0.0,134
375,HIV,,,0.0,135
376,HIV,,,0.0,441
377,HIV,,,0.0,1016
378,HIV,,,0.0,1016
379,HIV,,,0.0,136
380,HIV,,,0.0,6801
381,HIV,,,0.0,1286
382,HIV,,,0.0,434
383,HIV,,,0.0,434
384,HIV,,,1.0,137
385,HIV,,,0.0,137
386,HIV,,,0.0,137
387,HIV,,,1.0,137
388,HIV,,,0.0,434
389,HIV,,,0.0,137
390,HIV,,,0.0,434
391,HIV,,,0.0,434
392,HIV,,,0.0,3138
393,HIV,,,0.0,205
394,HIV,,,0.0,138
395,HIV,,,0.0,139
396,HIV,,,0.0,1016
397,HIV,,,0.0,175
398,HIV,,,0.0,7365
399,HIV,,,0.0,343
400,HIV,,,0.0,140
401,HIV,,,0.0,5
402,HIV,,,0.0,141
403,HIV,,,0.0,142
404,HIV,,,0.0,143
405,HIV,,,0.0,441
406,HIV,,,0.0,144
407,HIV,,,0.0,343
408,HIV,,,0.0,343
409,HIV,,,0.0,1729
410,HIV,,,0.0,434
411,HIV,,,0.0,145
412,HIV,,,0.0,145
413,HIV,,,0.0,146
414,HIV,,,0.0,60
415,HIV,,,0.0,147
416,HIV,,,0.0,148
417,HIV,,,0.0,2546
418,HIV,,,0.0,138
419,HIV,,,0.0,149
420,HIV,,,0.0,150
421,HIV,,,0.0,343
422,HIV,,,0.0,5363
423,HIV,,,0.0,151
424,HIV,,,0.0,152
425,HIV,,,0.0,9512
426,HIV,,,0.0,7356
427,HIV,,,0.0,7388
428,HIV,,,0.0,153
429,HIV,,,1.0,154
430,HIV,,,0.0,843
431,HIV,,,0.0,2546
432,HIV,,,0.0,155
433,HIV,,,0.0,155
434,HIV,,,1.0,155
435,HIV,,,0.0,156
436,HIV,,,0.0,1016
437,HIV,,,0.0,5363
438,HIV,,,0.0,2546
439,HIV,,,0.0,157
440,HIV,,,0.0,1016
441,HIV,,,0.0,5992
442,HIV,,,0.0,137
443,HIV,,,1.0,434
444,HIV,,,0.0,158
445,HIV,,,0.0,2473
446,HIV,,,0.0,159
447,HIV,,,0.0,160
448,HIV,,,0.0,7388
449,HIV,,,0.0,7388
450,HIV,,,0.0,5116
451,HIV,,,0.0,7356
452,HIV,,,0.0,434
453,HIV,,,0.0,7388
454,HIV,,,0.0,1016
455,HIV,,,0.0,5424
456,HIV,,,0.0,1912
457,HIV,,,0.0,343
458,HIV,,,0.0,161
459,HIV,,,0.0,3998
460,HIV,,,0.0,5747
461,HIV,,,0.0,162
462,HIV,,,0.0,163
463,HIV,,,0.0,6801
464,HIV,,,0.0,5747
465,HIV,,,0.0,5747
466,HIV,,,0.0,164
467,HIV,,,0.0,5747
468,HIV,,,0.0,7604
469,HIV,,,0.0,165
470,HIV,,,0.0,7591
471,HIV,,,0.0,8959
472,HIV,,,0.0,13270
473,HIV,,,0.0,434
474,HIV,,,0.0,434
475,HIV,,,0.0,166
476,HIV,,,0.0,1286
477,HIV,,,0.0,434
478,HIV,,,0.0,137
479,HIV,,,0.0,167
480,HIV,,,0.0,343
481,HIV,,,0.0,168
482,HIV,,,0.0,169
483,HIV,,,0.0,170
484,HIV,,,0.0,171
485,HIV,,,0.0,172
486,HIV,,,0.0,173
487,HIV,,,0.0,8199
488,HIV,,,0.0,174
489,HIV,,,0.0,175
490,HIV,,,0.0,176
491,HIV,,,0.0,177
492,HIV,,,0.0,2546
493,HIV,,,0.0,3764
494,HIV,,,0.0,178
495,HIV,,,0.0,137
496,HIV,,,0.0,137
497,HIV,,,0.0,179
498,HIV,,,1.0,434
499,HIV,,,1.0,434
500,HIV,,,0.0,205
501,HIV,,,0.0,180
502,HIV,,,0.0,1729
503,HIV,,,0.0,434
504,HIV,,,0.0,181
505,HIV,,,0.0,2546
506,HIV,,,0.0,45
507,HIV,,,0.0,182
508,HIV,,,0.0,2546
509,HIV,,,0.0,7356
510,HIV,,,0.0,183
511,HIV,,,0.0,2546
512,HIV,,,0.0,184
513,HIV,,,0.0,8526
514,HIV,,,0.0,8526
515,HIV,,,0.0,8526
516,HIV,,,0.0,8526
517,HIV,,,0.0,8526
518,HIV,,,0.0,8526
519,HIV,,,0.0,185
520,HIV,,,0.0,186
521,HIV,,,0.0,1016
522,HIV,,,0.0,2800
523,HIV,,,0.0,6801
524,HIV,,,0.0,6801
525,HIV,,,0.0,6801
526,HIV,,,0.0,187
527,HIV,,,0.0,188
528,HIV,,,0.0,2546
529,HIV,,,0.0,5363
530,HIV,,,0.0,189
531,HIV,,,0.0,1912
532,HIV,,,0.0,7388
533,HIV,,,0.0,190
534,HIV,,,0.0,192
535,HIV,,,0.0,191
536,HIV,,,0.0,192
537,HIV,,,0.0,8920
538,HIV,,,0.0,193
539,HIV,,,0.0,7337
540,HIV,,,0.0,194
541,HIV,,,0.0,331
542,HIV,,,0.0,5363
543,HIV,,,0.0,4548
544,HIV,,,0.0,195
545,HIV,,,0.0,196
546,HIV,,,0.0,7388
547,HIV,,,0.0,197
548,HIV,,,0.0,7356
549,HIV,,,0.0,5718
550,HIV,,,0.0,198
551,HIV,,,0.0,199
552,HIV,,,0.0,200
553,HIV,,,0.0,201
554,HIV,,,0.0,7591
555,HIV,,,0.0,6436
556,HIV,,,0.0,202
557,HIV,,,0.0,203
558,HIV,,,0.0,204
559,HIV,,,0.0,205
560,HIV,,,0.0,5363
561,HIV,,,0.0,843
562,HIV,,,0.0,206
563,HIV,,,0.0,177
564,HIV,,,0.0,207
565,HIV,,,0.0,208
566,HIV,,,0.0,208
567,HIV,,,0.0,7388
568,HIV,,,0.0,209
569,HIV,,,0.0,7710
570,HIV,,,0.0,98
571,HIV,,,0.0,210
572,HIV,,,0.0,211
573,HIV,,,0.0,1016
574,HIV,,,0.0,7356
575,HIV,,,0.0,538
576,HIV,,,0.0,5718
577,HIV,,,0.0,8959
578,HIV,,,0.0,8959
579,HIV,,,0.0,6801
580,HIV,,,0.0,212
581,HIV,,,0.0,213
582,HIV,,,0.0,10400
583,HIV,,,0.0,7337
584,HIV,,,0.0,214
585,HIV,,,0.0,215
586,HIV,,,0.0,1063
587,HIV,,,0.0,216
588,HIV,,,0.0,217
589,HIV,,,0.0,343
590,HIV,,,0.0,218
591,HIV,,,0.0,5363
592,HIV,,,0.0,219
593,HIV,,,0.0,434
594,HIV,,,0.0,7356
595,HIV,,,0.0,220
596,HIV,,,0.0,7710
597,HIV,,,0.0,160
598,HIV,,,0.0,221
599,HIV,,,0.0,5363
600,HIV,,,0.0,497
601,HIV,,,0.0,251
602,HIV,,,0.0,222
603,HIV,,,0.0,223
604,HIV,,,0.0,224
605,HIV,,,0.0,5363
606,HIV,,,0.0,225
607,HIV,,,0.0,226
608,HIV,,,0.0,227
609,HIV,,,0.0,1016
610,HIV,,,0.0,228
611,HIV,,,0.0,3138
612,HIV,,,0.0,229
613,HIV,,,0.0,3138
614,HIV,,,0.0,288
615,HIV,,,0.0,230
616,HIV,,,0.0,1016
617,HIV,,,0.0,3138
618,HIV,,,0.0,3138
619,HIV,,,0.0,231
620,HIV,,,0.0,7022
621,HIV,,,0.0,288
622,HIV,,,0.0,6436
623,HIV,,,0.0,7382
624,HIV,,,0.0,5363
625,HIV,,,0.0,232
626,HIV,,,0.0,7356
627,HIV,,,0.0,14043
628,HIV,,,0.0,2546
629,HIV,,,0.0,233
630,HIV,,,0.0,2546
631,HIV,,,0.0,2095
632,HIV,,,0.0,234
633,HIV,,,0.0,235
634,HIV,,,0.0,9799
635,HIV,,,0.0,1016
636,HIV,,,0.0,14125
637,HIV,,,0.0,5857
638,HIV,,,0.0,7189
639,HIV,,,0.0,3138
640,HIV,,,0.0,3138
641,HIV,,,0.0,236
642,HIV,,,0.0,236
643,HIV,,,0.0,237
644,HIV,,,0.0,1016
645,HIV,,,0.0,1016
646,HIV,,,0.0,7356
647,HIV,,,0.0,7189
648,HIV,,,0.0,7189
649,HIV,,,0.0,7189
650,HIV,,,0.0,238
651,HIV,,,0.0,7189
652,HIV,,,0.0,434
653,HIV,,,0.0,7388
654,HIV,,,1.0,2567
655,HIV,,,0.0,7388
656,HIV,,,0.0,239
657,HIV,,,0.0,240
658,HIV,,,0.0,241
659,HIV,,,0.0,242
660,HIV,,,0.0,7591
661,HIV,,,0.0,2473
662,HIV,,,0.0,2473
663,HIV,,,0.0,7337
664,HIV,,,0.0,7337
665,HIV,,,0.0,6436
666,HIV,,,0.0,5989
667,HIV,,,0.0,4281
668,HIV,,,0.0,243
669,HIV,,,0.0,2546
670,HIV,,,0.0,3309
671,HIV,,,0.0,2546
672,HIV,,,0.0,244
673,HIV,,,0.0,245
674,HIV,,,0.0,5363
675,HIV,,,0.0,11722
676,HIV,,,1.0,246
677,HIV,,,0.0,247
678,HIV,,,0.0,434
679,HIV,,,0.0,1016
680,HIV,,,0.0,248
681,HIV,,,0.0,249
682,HIV,,,0.0,250
683,HIV,,,0.0,251
684,HIV,,,0.0,5314
685,HIV,,,0.0,343
686,HIV,,,0.0,343
687,HIV,,,0.0,5363
688,HIV,,,0.0,1016
689,HIV,,,0.0,7356
690,HIV,,,0.0,441
691,HIV,,,0.0,252
692,HIV,,,0.0,271
693,HIV,,,0.0,9462
694,HIV,,,0.0,45
695,HIV,,,0.0,288
696,HIV,,,0.0,253
697,HIV,,,0.0,253
698,HIV,,,0.0,236
699,HIV,,,1.0,1607
700,HIV,,,0.0,1607
701,HIV,,,0.0,8959
702,HIV,,,0.0,7501
703,HIV,,,0.0,254
704,HIV,,,0.0,255
705,HIV,,,0.0,7356
706,HIV,,,0.0,255
707,HIV,,,0.0,256
708,HIV,,,0.0,1651
709,HIV,,,0.0,257
710,HIV,,,0.0,7604
711,HIV,,,0.0,5597
712,HIV,,,0.0,5363
713,HIV,,,0.0,5363
714,HIV,,,0.0,5363
715,HIV,,,0.0,1640
716,HIV,,,0.0,5363
717,HIV,,,0.0,343
718,HIV,,,0.0,1280
719,HIV,,,0.0,13970
720,HIV,,,0.0,258
721,HIV,,,0.0,8686
722,HIV,,,0.0,259
723,HIV,,,0.0,260
724,HIV,,,0.0,261
725,HIV,,,0.0,343
726,HIV,,,0.0,262
727,HIV,,,0.0,271
728,HIV,,,0.0,6582
729,HIV,,,0.0,6582
730,HIV,,,0.0,9223
731,HIV,,,0.0,5718
732,HIV,,,0.0,263
733,HIV,,,0.0,264
734,HIV,,,0.0,512
735,HIV,,,0.0,265
736,HIV,,,0.0,265
737,HIV,,,0.0,5165
738,HIV,,,0.0,4837
739,HIV,,,0.0,5363
740,HIV,,,1.0,10390
741,HIV,,,0.0,5363
742,HIV,,,0.0,5363
743,HIV,,,0.0,266
744,HIV,,,0.0,6801
745,HIV,,,0.0,13815
746,HIV,,,0.0,13815
747,HIV,,,0.0,267
748,HIV,,,0.0,267
749,HIV,,,0.0,268
750,HIV,,,0.0,5992
751,HIV,,,0.0,6801
752,HIV,,,0.0,269
753,HIV,,,0.0,6801
754,HIV,,,0.0,13815
755,HIV,,,0.0,6801
756,HIV,,,0.0,6801
757,HIV,,,0.0,6801
758,HIV,,,0.0,6801
759,HIV,,,0.0,2800
760,HIV,,,0.0,2473
761,HIV,,,0.0,270
762,HIV,,,0.0,343
763,HIV,,,0.0,343
764,HIV,,,0.0,343
765,HIV,,,0.0,343
766,HIV,,,0.0,6801
767,HIV,,,0.0,271
768,HIV,,,0.0,271
769,HIV,,,0.0,271
770,HIV,,,0.0,2567
771,HIV,,,0.0,2672
772,HIV,,,0.0,2672
773,HIV,,,0.0,272
774,HIV,,,0.0,273
775,HIV,,,0.0,9512
776,HIV,,,0.0,1016
777,HIV,,,0.0,1132
778,HIV,,,0.0,274
779,HIV,,,0.0,275
780,HIV,,,0.0,276
781,HIV,,,0.0,5424
782,HIV,,,0.0,1604
783,HIV,,,0.0,1604
784,HIV,,,0.0,9223
785,HIV,,,0.0,5747
786,HIV,,,0.0,5992
787,HIV,,,0.0,277
788,HIV,,,0.0,5165
789,HIV,,,0.0,278
790,HIV,,,0.0,8686
791,HIV,,,0.0,279
792,HIV,,,0.0,280
793,HIV,,,0.0,7356
794,HIV,,,0.0,1525
795,HIV,,,0.0,281
796,HIV,,,0.0,282
797,HIV,,,0.0,2546
798,HIV,,,0.0,2546
799,HIV,,,0.0,5165
800,HIV,,,0.0,283
801,HIV,,,0.0,5363
802,HIV,,,0.0,343
803,HIV,,,0.0,6801
804,HIV,,,0.0,284
805,HIV,,,0.0,284
806,HIV,,,0.0,5363
807,HIV,,,0.0,5363
808,HIV,,,0.0,5363
809,HIV,,,0.0,5363
810,HIV,,,0.0,5363
811,HIV,,,0.0,6801
812,HIV,,,0.0,286
813,HIV,,,0.0,287
814,HIV,,,0.0,1016
815,HIV,,,0.0,1016
816,HIV,,,0.0,5501
817,HIV,,,0.0,2546
818,HIV,,,1.0,271
819,HIV,,,0.0,288
820,HIV,,,0.0,329
821,HIV,,,0.0,289
822,HIV,,,0.0,231
823,HIV,,,0.0,290
824,HIV,,,0.0,291
825,HIV,,,0.0,2546
826,HIV,,,0.0,2546
827,HIV,,,0.0,2546
828,HIV,,,0.0,155
829,HIV,,,0.0,292
830,HIV,,,0.0,293
831,HIV,,,0.0,12533
832,HIV,,,0.0,3197
833,HIV,,,0.0,294
834,HIV,,,0.0,295
835,HIV,,,0.0,296
836,HIV,,,0.0,297
837,HIV,,,0.0,298
838,HIV,,,0.0,7604
839,HIV,,,0.0,299
840,HIV,,,0.0,5165
841,HIV,,,0.0,7356
842,HIV,,,0.0,9512
843,HIV,,,0.0,6582
844,HIV,,,0.0,300
845,HIV,,,0.0,8392
846,HIV,,,0.0,1913
847,HIV,,,0.0,7365
848,HIV,,,0.0,301
849,HIV,,,0.0,271
850,HIV,,,0.0,2546
851,HIV,,,0.0,74
852,HIV,,,0.0,5363
853,HIV,,,0.0,5363
854,HIV,,,0.0,4030
855,HIV,,,0.0,6436
856,HIV,,,0.0,5992
857,HIV,,,0.0,3021
858,HIV,,,0.0,302
859,HIV,,,0.0,303
860,HIV,,,0.0,6436
861,HIV,,,0.0,613
862,HIV,,,0.0,205
863,HIV,,,0.0,6801
864,HIV,,,0.0,6801
865,HIV,,,0.0,10400
866,HIV,,,0.0,10400
867,HIV,,,0.0,10400
868,HIV,,,0.0,10400
869,HIV,,,1.0,304
870,HIV,,,0.0,305
871,HIV,,,0.0,306
872,HIV,,,0.0,292
873,HIV,,,0.0,294
874,HIV,,,0.0,294
875,HIV,,,0.0,5363
876,HIV,,,0.0,288
877,HIV,,,0.0,1016
878,HIV,,,0.0,3138
879,HIV,,,1.0,3138
880,HIV,,,0.0,307
881,HIV,,,0.0,8392
882,HIV,,,0.0,308
883,HIV,,,0.0,1813
884,HIV,,,0.0,5992
885,HIV,,,0.0,309
886,HIV,,,0.0,3998
887,HIV,,,0.0,6801
888,HIV,,,0.0,3998
889,HIV,,,0.0,3998
890,HIV,,,0.0,375
891,HIV,,,0.0,3998
892,HIV,,,0.0,310
893,HIV,,,0.0,310
894,HIV,,,0.0,3279
895,HIV,,,0.0,380
896,HIV,,,0.0,5363
897,HIV,,,0.0,5363
898,HIV,,,0.0,6801
899,HIV,,,0.0,311
900,HIV,,,0.0,820
901,HIV,,,0.0,820
902,HIV,,,0.0,343
903,HIV,,,0.0,312
904,HIV,,,0.0,313
905,HIV,,,0.0,314
906,HIV,,,0.0,315
907,HIV,,,0.0,98
908,HIV,,,0.0,98
909,HIV,,,0.0,316
910,HIV,,,0.0,317
911,HIV,,,0.0,7356
912,HIV,,,0.0,318
913,HIV,,,0.0,319
914,HIV,,,0.0,320
915,HIV,,,0.0,321
916,HIV,,,0.0,322
917,HIV,,,0.0,1016
918,HIV,,,0.0,5363
919,HIV,,,0.0,3309
920,HIV,,,0.0,323
921,HIV,,,0.0,5992
922,HIV,,,0.0,324
923,HIV,,,0.0,325
924,HIV,,,0.0,57
925,HIV,,,0.0,325
926,HIV,,,0.0,2546
927,HIV,,,0.0,5363
928,HIV,,,0.0,1604
929,HIV,,,0.0,343
930,HIV,,,0.0,7388
931,HIV,,,0.0,11760
932,HIV,,,0.0,326
933,HIV,,,0.0,327
934,HIV,,,0.0,328
935,HIV,,,0.0,329
936,HIV,,,0.0,7356
937,HIV,,,0.0,330
938,HIV,,,0.0,343
939,HIV,,,0.0,331
940,HIV,,,0.0,7337
941,HIV,,,0.0,7337
942,HIV,,,0.0,332
943,HIV,,,0.0,333
944,HIV,,,0.0,6679
945,HIV,,,0.0,497
946,HIV,,,0.0,334
947,HIV,,,0.0,205
948,HIV,,,0.0,14106
949,HIV,,,0.0,335
950,HIV,,,0.0,336
951,HIV,,,0.0,7388
952,HIV,,,0.0,3998
953,HIV,,,0.0,9883
954,HIV,,,0.0,7388
955,HIV,,,0.0,337
956,HIV,,,0.0,338
957,HIV,,,0.0,338
958,HIV,,,0.0,338
959,HIV,,,0.0,339
960,HIV,,,0.0,340
961,HIV,,,0.0,341
962,HIV,,,0.0,12690
963,HIV,,,0.0,7414
964,HIV,,,0.0,342
965,HIV,,,0.0,1729
966,HIV,,,0.0,343
967,HIV,,,0.0,344
968,HIV,,,0.0,6727
969,HIV,,,0.0,7356
970,HIV,,,0.0,345
971,HIV,,,0.0,346
972,HIV,,,0.0,346
973,HIV,,,0.0,10753
974,HIV,,,0.0,10753
975,HIV,,,0.0,10753
976,HIV,,,0.0,9176
977,HIV,,,0.0,2546
978,HIV,,,1.0,2546
979,HIV,,,0.0,981
980,HIV,,,0.0,347
981,HIV,,,0.0,1729
982,HIV,,,0.0,5
983,HIV,,,0.0,348
984,HIV,,,0.0,1727
985,HIV,,,0.0,504
986,HIV,,,0.0,349
987,HIV,,,0.0,350
988,HIV,,,0.0,351
989,HIV,,,0.0,7388
990,HIV,,,0.0,871
991,HIV,,,0.0,64
992,HIV,,,0.0,352
993,HIV,,,0.0,10423
994,HIV,,,0.0,353
995,HIV,,,0.0,5363
996,HIV,,,1.0,6801
997,HIV,,,0.0,604
998,HIV,,,0.0,354
999,HIV,,,0.0,1016
1000,HIV,,,0.0,1016
1001,HIV,,,0.0,355
1002,HIV,,,0.0,356
1003,HIV,,,0.0,343
1004,HIV,,,1.0,434
1005,HIV,,,0.0,357
1006,HIV,,,0.0,3279
1007,HIV,,,0.0,358
1008,HIV,,,0.0,1729
1009,HIV,,,0.0,1729
1010,HIV,,,0.0,359
1011,HIV,,,0.0,360
1012,HIV,,,0.0,3309
1013,HIV,,,0.0,361
1014,HIV,,,0.0,9799
1015,HIV,,,0.0,2546
1016,HIV,,,0.0,2546
1017,HIV,,,0.0,362
1018,HIV,,,0.0,363
1019,HIV,,,0.0,10287
1020,HIV,,,0.0,1729
1021,HIV,,,0.0,364
1022,HIV,,,0.0,5424
1023,HIV,,,0.0,5424
1024,HIV,,,0.0,271
1025,HIV,,,0.0,2546
1026,HIV,,,0.0,2546
1027,HIV,,,0.0,1016
1028,HIV,,,0.0,3138
1029,HIV,,,0.0,365
1030,HIV,,,0.0,3336
1031,HIV,,,0.0,5718
1032,HIV,,,0.0,11421
1033,HIV,,,0.0,5
1034,HIV,,,0.0,366
1035,HIV,,,0.0,3138
1036,HIV,,,0.0,1729
1037,HIV,,,0.0,3138
1038,HIV,,,0.0,9512
1039,HIV,,,0.0,153
1040,HIV,,,0.0,367
1041,HIV,,,0.0,368
1042,HIV,,,0.0,369
1043,HIV,,,0.0,10075
1044,HIV,,,0.0,10075
1045,HIV,,,0.0,370
1046,HIV,,,0.0,371
1047,HIV,,,0.0,32
1048,HIV,,,0.0,2546
1049,HIV,,,0.0,6801
1050,HIV,,,0.0,372
1051,HIV,,,0.0,7388
1052,HIV,,,0.0,3990
1053,HIV,,,0.0,373
1054,HIV,,,0.0,5363
1055,HIV,,,0.0,374
1056,HIV,,,0.0,375
1057,HIV,,,0.0,376
1058,HIV,,,0.0,343
1059,HIV,,,1.0,377
1060,HIV,,,0.0,378
1061,HIV,,,0.0,1016
1062,HIV,,,0.0,379
1063,HIV,,,0.0,768
1064,HIV,,,0.0,380
1065,HIV,,,0.0,4526
1066,HIV,,,0.0,381
1067,HIV,,,0.0,5424
1068,HIV,,,0.0,382
1069,HIV,,,0.0,383
1070,HIV,,,0.0,9759
1071,HIV,,,0.0,9799
1072,HIV,,,0.0,384
1073,HIV,,,0.0,385
1074,HIV,,,0.0,1912
1075,HIV,,,0.0,3279
1076,HIV,,,0.0,386
1077,HIV,,,0.0,387
1078,HIV,,,0.0,1701
1079,HIV,,,0.0,388
1080,HIV,,,0.0,389
1081,HIV,,,0.0,390
1082,HIV,,,0.0,1016
1083,HIV,,,0.0,8392
1084,HIV,,,0.0,5165
1085,HIV,,,0.0,391
1086,HIV,,,0.0,379
1087,HIV,,,0.0,392
1088,HIV,,,0.0,393
1089,HIV,,,0.0,7356
1090,HIV,,,0.0,2546
1091,HIV,,,0.0,98
1092,HIV,,,0.0,155
1093,HIV,,,0.0,5718
1094,HIV,,,0.0,3160
1095,HIV,,,0.0,5718
1096,HIV,,,0.0,2546
1097,HIV,,,0.0,5718
1098,HIV,,,0.0,2546
1099,HIV,,,0.0,2546
1100,HIV,,,0.0,8959
1101,HIV,,,0.0,394
1102,HIV,,,0.0,395
1103,HIV,,,0.0,2546
1104,HIV,,,0.0,1016
1105,HIV,,,0.0,6801
1106,HIV,,,0.0,7707
1107,HIV,,,0.0,396
1108,HIV,,,0.0,2546
1109,HIV,,,0.0,2546
1110,HIV,,,0.0,397
1111,HIV,,,0.0,398
1112,HIV,,,0.0,399
1113,HIV,,,0.0,400
1114,HIV,,,0.0,5597
1115,HIV,,,0.0,3138
1116,HIV,,,0.0,5718
1117,HIV,,,0.0,401
1118,HIV,,,0.0,402
1119,HIV,,,0.0,371
1120,HIV,,,0.0,343
1121,HIV,,,0.0,403
1122,HIV,,,0.0,7591
1123,HIV,,,0.0,7337
1124,HIV,,,0.0,7337
1125,HIV,,,0.0,1016
1126,HIV,,,0.0,5501
1127,HIV,,,0.0,10400
1128,HIV,,,0.0,5165
1129,HIV,,,0.0,7388
1130,HIV,,,0.0,5363
1131,HIV,,,0.0,5363
1132,HIV,,,0.0,7356
1133,HIV,,,0.0,404
1134,HIV,,,0.0,405
1135,HIV,,,0.0,406
1136,HIV,,,0.0,407
1137,HIV,,,0.0,7356
1138,HIV,,,0.0,3254
1139,HIV,,,0.0,5992
1140,HIV,,,0.0,2546
1141,HIV,,,0.0,408
1142,HIV,,,0.0,409
1143,HIV,,,0.0,410
1144,HIV,,,0.0,12690
1145,HIV,,,0.0,411
1146,HIV,,,0.0,412
1147,HIV,,,0.0,2546
1148,HIV,,,0.0,5363
1149,HIV,,,0.0,413
1150,HIV,,,0.0,414
1151,HIV,,,0.0,414
1152,HIV,,,0.0,1016
1153,HIV,,,1.0,434
1154,HIV,,,0.0,5501
1155,HIV,,,0.0,970
1156,HIV,,,0.0,497
1157,HIV,,,0.0,7644
1158,HIV,,,0.0,434
1159,HIV,,,0.0,2473
1160,HIV,,,0.0,415
1161,HIV,,,0.0,497
1162,HIV,,,0.0,497
1163,HIV,,,0.0,497
1164,HIV,,,0.0,497
1165,HIV,,,0.0,5992
1166,HIV,,,0.0,416
1167,HIV,,,0.0,417
1168,HIV,,,0.0,418
1169,HIV,,,0.0,419
1170,HIV,,,0.0,420
1171,HIV,,,0.0,343
1172,HIV,,,0.0,421
1173,HIV,,,0.0,422
1174,HIV,,,0.0,5363
1175,HIV,,,0.0,5363
1176,HIV,,,0.0,5363
1177,HIV,,,0.0,5363
1178,HIV,,,0.0,423
1179,HIV,,,0.0,5992
1180,HIV,,,0.0,424
1181,HIV,,,0.0,424
1182,HIV,,,0.0,425
1183,HIV,,,0.0,426
1184,HIV,,,0.0,7388
1185,HIV,,,0.0,427
1186,HIV,,,0.0,428
1187,HIV,,,0.0,5992
1188,HIV,,,0.0,429
1189,HIV,,,0.0,430
1190,HIV,,,0.0,431
1191,HIV,,,0.0,4010
1192,HIV,,,0.0,5424
1193,HIV,,,0.0,432
1194,HIV,,,0.0,433
1195,HIV,,,1.0,434
1196,HIV,,,1.0,434
1197,HIV,,,0.0,434
1198,HIV,,,1.0,434
1199,HIV,,,1.0,434
1200,HIV,,,1.0,434
1201,HIV,,,0.0,435
1202,HIV,,,0.0,10346
1203,HIV,,,0.0,10633
1204,HIV,,,0.0,5350
1205,HIV,,,0.0,2892
1206,HIV,,,0.0,827
1207,HIV,,,0.0,436
1208,HIV,,,0.0,437
1209,HIV,,,0.0,434
1210,HIV,,,0.0,4374
1211,HIV,,,0.0,438
1212,HIV,,,1.0,13419
1213,HIV,,,0.0,11421
1214,HIV,,,0.0,1532
1215,HIV,,,0.0,1532
1216,HIV,,,0.0,439
1217,HIV,,,0.0,5992
1218,HIV,,,0.0,5992
1219,HIV,,,0.0,271
1220,HIV,,,0.0,497
1221,HIV,,,0.0,440
1222,HIV,,,0.0,497
1223,HIV,,,0.0,497
1224,HIV,,,0.0,5992
1225,HIV,,,0.0,1016
1226,HIV,,,0.0,10400
1227,HIV,,,0.0,441
1228,HIV,,,0.0,5747
1229,HIV,,,0.0,5747
1230,HIV,,,0.0,3254
1231,HIV,,,0.0,2546
1232,HIV,,,0.0,7604
1233,HIV,,,0.0,45
1234,HIV,,,0.0,7604
1235,HIV,,,0.0,442
1236,HIV,,,0.0,443
1237,HIV,,,0.0,444
1238,HIV,,,0.0,2030
1239,HIV,,,0.0,2546
1240,HIV,,,0.0,445
1241,HIV,,,0.0,1016
1242,HIV,,,0.0,5
1243,HIV,,,0.0,446
1244,HIV,,,0.0,447
1245,HIV,,,0.0,448
1246,HIV,,,0.0,434
1247,HIV,,,0.0,434
1248,HIV,,,0.0,434
1249,HIV,,,0.0,434
1250,HIV,,,0.0,434
1251,HIV,,,0.0,449
1252,HIV,,,0.0,450
1253,HIV,,,0.0,6801
1254,HIV,,,0.0,451
1255,HIV,,,0.0,497
1256,HIV,,,0.0,497
1257,HIV,,,0.0,497
1258,HIV,,,0.0,2546
1259,HIV,,,0.0,5992
1260,HIV,,,0.0,453
1261,HIV,,,0.0,452
1262,HIV,,,0.0,453
1263,HIV,,,0.0,2527
1264,HIV,,,0.0,454
1265,HIV,,,0.0,5992
1266,HIV,,,1.0,3309
1267,HIV,,,0.0,434
1268,HIV,,,0.0,3309
1269,HIV,,,0.0,5597
1270,HIV,,,0.0,2567
1271,HIV,,,0.0,5718
1272,HIV,,,0.0,455
1273,HIV,,,0.0,5992
1274,HIV,,,0.0,456
1275,HIV,,,0.0,457
1276,HIV,,,0.0,458
1277,HIV,,,1.0,441
1278,HIV,,,0.0,459
1279,HIV,,,0.0,5597
1280,HIV,,,0.0,5893
1281,HIV,,,0.0,5893
1282,HIV,,,0.0,4011
1283,HIV,,,0.0,1828
1284,HIV,,,0.0,1016
1285,HIV,,,0.0,523
1286,HIV,,,0.0,1016
1287,HIV,,,0.0,11406
1288,HIV,,,0.0,460
1289,HIV,,,0.0,11406
1290,HIV,,,0.0,98
1291,HIV,,,0.0,461
1292,HIV,,,0.0,462
1293,HIV,,,0.0,138
1294,HIV,,,0.0,10746
1295,HIV,,,0.0,11421
1296,HIV,,,0.0,463
1297,HIV,,,0.0,7356
1298,HIV,,,0.0,464
1299,HIV,,,0.0,11421
1300,HIV,,,0.0,98
1301,HIV,,,0.0,7356
1302,HIV,,,0.0,12621
1303,HIV,,,0.0,6727
1304,HIV,,,0.0,10390
1305,HIV,,,0.0,465
1306,HIV,,,0.0,466
1307,HIV,,,0.0,12118
1308,HIV,,,0.0,467
1309,HIV,,,0.0,12621
1310,HIV,,,0.0,468
1311,HIV,,,0.0,469
1312,HIV,,,0.0,11406
1313,HIV,,,0.0,470
1314,HIV,,,0.0,471
1315,HIV,,,0.0,472
1316,HIV,,,0.0,473
1317,HIV,,,0.0,5747
1318,HIV,,,0.0,5747
1319,HIV,,,0.0,13761
1320,HIV,,,0.0,6801
1321,HIV,,,0.0,719
1322,HIV,,,1.0,474
1323,HIV,,,0.0,475
1324,HIV,,,0.0,7356
1325,HIV,,,0.0,476
1326,HIV,,,0.0,5893
1327,HIV,,,0.0,1016
1328,HIV,,,0.0,2546
1329,HIV,,,0.0,5893
1330,HIV,,,0.0,6801
1331,HIV,,,0.0,6801
1332,HIV,,,0.0,5747
1333,HIV,,,0.0,45
1334,HIV,,,0.0,5363
1335,HIV,,,0.0,5992
1336,HIV,,,0.0,5363
1337,HIV,,,0.0,10390
1338,HIV,,,0.0,271
1339,HIV,,,0.0,271
1340,HIV,,,0.0,497
1341,HIV,,,0.0,497
1342,HIV,,,0.0,497
1343,HIV,,,0.0,497
1344,HIV,,,0.0,497
1345,HIV,,,0.0,497
1346,HIV,,,0.0,477
1347,HIV,,,0.0,5992
1348,HIV,,,0.0,478
1349,HIV,,,0.0,477
1350,HIV,,,0.0,12145
1351,HIV,,,0.0,343
1352,HIV,,,0.0,479
1353,HIV,,,0.0,3309
1354,HIV,,,0.0,3309
1355,HIV,,,0.0,3309
1356,HIV,,,0.0,3309
1357,HIV,,,0.0,3309
1358,HIV,,,0.0,480
1359,HIV,,,0.0,434
1360,HIV,,,0.0,3309
1361,HIV,,,0.0,2546
1362,HIV,,,0.0,1086
1363,HIV,,,0.0,497
1364,HIV,,,0.0,497
1365,HIV,,,0.0,497
1366,HIV,,,0.0,497
1367,HIV,,,0.0,497
1368,HIV,,,0.0,497
1369,HIV,,,0.0,441
1370,HIV,,,0.0,343
1371,HIV,,,0.0,8526
1372,HIV,,,0.0,8526
1373,HIV,,,0.0,8526
1374,HIV,,,0.0,481
1375,HIV,,,0.0,8526
1376,HIV,,,0.0,8526
1377,HIV,,,0.0,482
1378,HIV,,,0.0,1729
1379,HIV,,,0.0,483
1380,HIV,,,0.0,1583
1381,HIV,,,0.0,484
1382,HIV,,,0.0,5992
1383,HIV,,,0.0,485
1384,HIV,,,0.0,486
1385,HIV,,,0.0,434
1386,HIV,,,0.0,434
1387,HIV,,,0.0,487
1388,HIV,,,0.0,488
1389,HIV,,,0.0,521
1390,HIV,,,0.0,6801
1391,HIV,,,0.0,489
1392,HIV,,,0.0,490
1393,HIV,,,0.0,491
1394,HIV,,,0.0,492
1395,HIV,,,0.0,2546
1396,HIV,,,0.0,493
1397,HIV,,,0.0,205
1398,HIV,,,0.0,205
1399,HIV,,,0.0,494
1400,HIV,,,0.0,495
1401,HIV,,,0.0,496
1402,HIV,,,0.0,497
1403,HIV,,,0.0,497
1404,HIV,,,0.0,497
1405,HIV,,,0.0,497
1406,HIV,,,0.0,497
1407,HIV,,,0.0,497
1408,HIV,,,0.0,497
1409,HIV,,,0.0,497
1410,HIV,,,0.0,498
1411,HIV,,,0.0,2546
1412,HIV,,,0.0,8419
1413,HIV,,,0.0,4548
1414,HIV,,,0.0,4548
1415,HIV,,,0.0,2546
1416,HIV,,,0.0,11104
1417,HIV,,,0.0,499
1418,HIV,,,0.0,500
1419,HIV,,,0.0,501
1420,HIV,,,0.0,502
1421,HIV,,,0.0,205
1422,HIV,,,0.0,1604
1423,HIV,,,0.0,6801
1424,HIV,,,0.0,503
1425,HIV,,,0.0,8526
1426,HIV,,,0.0,504
1427,HIV,,,0.0,2546
1428,HIV,,,0.0,5363
1429,HIV,,,0.0,5363
1430,HIV,,,0.0,505
1431,HIV,,,0.0,506
1432,HIV,,,0.0,7337
1433,HIV,,,0.0,11406
1434,HIV,,,0.0,10400
1435,HIV,,,0.0,5363
1436,HIV,,,0.0,507
1437,HIV,,,0.0,5165
1438,HIV,,,0.0,5165
1439,HIV,,,0.0,5992
1440,HIV,,,0.0,6801
1441,HIV,,,0.0,6801
1442,HIV,,,0.0,6801
1443,HIV,,,0.0,5165
1444,HIV,,,0.0,5992
1445,HIV,,,0.0,508
1446,HIV,,,0.0,5992
1447,HIV,,,0.0,5165
1448,HIV,,,0.0,5
1449,HIV,,,0.0,5165
1450,HIV,,,0.0,509
1451,HIV,,,0.0,509
1452,HIV,,,0.0,510
1453,HIV,,,0.0,511
1454,HIV,,,0.0,5165
1455,HIV,,,0.0,5165
1456,HIV,,,0.0,5165
1457,HIV,,,0.0,3279
1458,HIV,,,0.0,512
1459,HIV,,,0.0,513
1460,HIV,,,0.0,45
1461,HIV,,,1.0,434
1462,HIV,,,0.0,598
1463,HIV,,,0.0,514
1464,HIV,,,0.0,6356
1465,HIV,,,0.0,5718
1466,HIV,,,0.0,7611
1467,HIV,,,0.0,515
1468,HIV,,,0.0,2546
1469,HIV,,,0.0,5597
1470,HIV,,,0.0,3279
1471,HIV,,,0.0,516
1472,HIV,,,0.0,2546
1473,HIV,,,0.0,5597
1474,HIV,,,0.0,10746
1475,HIV,,,0.0,14106
1476,HIV,,,0.0,843
1477,HIV,,,0.0,517
1478,HIV,,,0.0,518
1479,HIV,,,0.0,4046
1480,HIV,,,0.0,5718
1481,HIV,,,0.0,519
1482,HIV,,,1.0,155
1483,HIV,,,0.0,1016
1484,HIV,,,0.0,520
1485,HIV,,,0.0,1828
1486,HIV,,,0.0,1828
1487,HIV,,,0.0,521
1488,HIV,,,0.0,11056
1489,HIV,,,0.0,521
1490,HIV,,,0.0,522
1491,HIV,,,0.0,98
1492,HIV,,,0.0,98
1493,HIV,,,0.0,2106
1494,HIV,,,0.0,523
1495,HIV,,,0.0,523
1496,HIV,,,0.0,524
1497,HIV,,,0.0,525
1498,HIV,,,0.0,597
1499,HIV,,,0.0,526
1500,HIV,,,0.0,55
1501,HIV,,,0.0,527
1502,HIV,,,0.0,5363
1503,HIV,,,0.0,528
1504,HIV,,,0.0,529
1505,HIV,,,0.0,2546
1506,HIV,,,0.0,530
1507,HIV,,,0.0,531
1508,HIV,,,0.0,434
1509,HIV,,,0.0,5
1510,HIV,,,1.0,535
1511,HIV,,,1.0,535
1512,HIV,,,0.0,8959
1513,HIV,,,0.0,434
1514,HIV,,,0.0,532
1515,HIV,,,0.0,532
1516,HIV,,,0.0,12177
1517,HIV,,,0.0,533
1518,HIV,,,0.0,534
1519,HIV,,,0.0,434
1520,HIV,,,0.0,535
1521,HIV,,,0.0,535
1522,HIV,,,0.0,536
1523,HIV,,,0.0,434
1524,HIV,,,0.0,434
1525,HIV,,,0.0,434
1526,HIV,,,0.0,535
1527,HIV,,,0.0,434
1528,HIV,,,1.0,434
1529,HIV,,,0.0,5165
1530,HIV,,,1.0,434
1531,HIV,,,0.0,434
1532,HIV,,,1.0,434
1533,HIV,,,1.0,434
1534,HIV,,,1.0,434
1535,HIV,,,1.0,434
1536,HIV,,,0.0,537
1537,HIV,,,0.0,538
1538,HIV,,,0.0,11760
1539,HIV,,,0.0,2546
1540,HIV,,,0.0,2546
1541,HIV,,,0.0,539
1542,HIV,,,0.0,4390
1543,HIV,,,0.0,1344
1544,HIV,,,0.0,540
1545,HIV,,,0.0,3279
1546,HIV,,,0.0,541
1547,HIV,,,0.0,542
1548,HIV,,,0.0,2546
1549,HIV,,,0.0,6582
1550,HIV,,,0.0,5747
1551,HIV,,,0.0,5747
1552,HIV,,,0.0,543
1553,HIV,,,0.0,10400
1554,HIV,,,0.0,7591
1555,HIV,,,0.0,544
1556,HIV,,,0.0,10400
1557,HIV,,,0.0,10400
1558,HIV,,,0.0,545
1559,HIV,,,0.0,546
1560,HIV,,,0.0,343
1561,HIV,,,0.0,14106
1562,HIV,,,0.0,7388
1563,HIV,,,0.0,7388
1564,HIV,,,0.0,547
1565,HIV,,,0.0,548
1566,HIV,,,0.0,5165
1567,HIV,,,0.0,549
1568,HIV,,,0.0,5597
1569,HIV,,,0.0,434
1570,HIV,,,0.0,550
1571,HIV,,,1.0,551
1572,HIV,,,1.0,434
1573,HIV,,,0.0,434
1574,HIV,,,0.0,552
1575,HIV,,,1.0,434
1576,HIV,,,1.0,434
1577,HIV,,,1.0,434
1578,HIV,,,1.0,434
1579,HIV,,,1.0,434
1580,HIV,,,1.0,434
1581,HIV,,,0.0,434
1582,HIV,,,0.0,434
1583,HIV,,,1.0,434
1584,HIV,,,1.0,434
1585,HIV,,,1.0,434
1586,HIV,,,1.0,434
1587,HIV,,,1.0,434
1588,HIV,,,1.0,158
1589,HIV,,,1.0,434
1590,HIV,,,0.0,796
1591,HIV,,,0.0,5363
1592,HIV,,,0.0,285
1593,HIV,,,0.0,553
1594,HIV,,,0.0,554
1595,HIV,,,0.0,555
1596,HIV,,,0.0,343
1597,HIV,,,0.0,3138
1598,HIV,,,0.0,569
1599,HIV,,,0.0,9512
1600,HIV,,,0.0,1913
1601,HIV,,,0.0,556
1602,HIV,,,0.0,570
1603,HIV,,,0.0,570
1604,HIV,,,0.0,570
1605,HIV,,,0.0,557
1606,HIV,,,0.0,5
1607,HIV,,,0.0,558
1608,HIV,,,0.0,559
1609,HIV,,,0.0,560
1610,HIV,,,0.0,14106
1611,HIV,,,0.0,561
1612,HIV,,,0.0,562
1613,HIV,,,0.0,343
1614,HIV,,,0.0,5992
1615,HIV,,,0.0,5992
1616,HIV,,,0.0,5992
1617,HIV,,,0.0,5992
1618,HIV,,,0.0,563
1619,HIV,,,0.0,563
1620,HIV,,,0.0,563
1621,HIV,,,0.0,564
1622,HIV,,,0.0,3034
1623,HIV,,,0.0,565
1624,HIV,,,0.0,566
1625,HIV,,,0.0,434
1626,HIV,,,0.0,45
1627,HIV,,,0.0,45
1628,HIV,,,0.0,45
1629,HIV,,,0.0,45
1630,HIV,,,1.0,5165
1631,HIV,,,0.0,843
1632,HIV,,,0.0,567
1633,HIV,,,0.0,2115
1634,HIV,,,0.0,568
1635,HIV,,,0.0,569
1636,HIV,,,0.0,8786
1637,HIV,,,1.0,570
1638,HIV,,,1.0,570
1639,HIV,,,1.0,570
1640,HIV,,,0.0,570
1641,HIV,,,1.0,570
1642,HIV,,,0.0,840
1643,HIV,,,1.0,570
1644,HIV,,,1.0,570
1645,HIV,,,0.0,571
1646,HIV,,,0.0,572
1647,HIV,,,0.0,573
1648,HIV,,,0.0,5992
1649,HIV,,,0.0,7388
1650,HIV,,,0.0,7337
1651,HIV,,,0.0,7337
1652,HIV,,,0.0,574
1653,HIV,,,0.0,591
1654,HIV,,,0.0,5363
1655,HIV,,,0.0,836
1656,HIV,,,0.0,414
1657,HIV,,,0.0,57
1658,HIV,,,0.0,3254
1659,HIV,,,0.0,6436
1660,HIV,,,0.0,575
1661,HIV,,,0.0,576
1662,HIV,,,0.0,45
1663,HIV,,,0.0,831
1664,HIV,,,0.0,577
1665,HIV,,,0.0,578
1666,HIV,,,0.0,7356
1667,HIV,,,0.0,5424
1668,HIV,,,0.0,5424
1669,HIV,,,0.0,5424
1670,HIV,,,0.0,2546
1671,HIV,,,0.0,6991
1672,HIV,,,0.0,1339
1673,HIV,,,0.0,434
1674,HIV,,,0.0,434
1675,HIV,,,0.0,579
1676,HIV,,,0.0,343
1677,HIV,,,0.0,343
1678,HIV,,,0.0,8392
1679,HIV,,,0.0,843
1680,HIV,,,0.0,580
1681,HIV,,,0.0,1796
1682,HIV,,,0.0,580
1683,HIV,,,0.0,581
1684,HIV,,,0.0,582
1685,HIV,,,0.0,5363
1686,HIV,,,0.0,583
1687,HIV,,,0.0,584
1688,HIV,,,0.0,585
1689,HIV,,,0.0,586
1690,HIV,,,0.0,587
1691,HIV,,,0.0,587
1692,HIV,,,0.0,587
1693,HIV,,,0.0,750
1694,HIV,,,0.0,588
1695,HIV,,,0.0,5597
1696,HIV,,,0.0,589
1697,HIV,,,0.0,8526
1698,HIV,,,0.0,5363
1699,HIV,,,0.0,6991
1700,HIV,,,0.0,590
1701,HIV,,,0.0,590
1702,HIV,,,0.0,591
1703,HIV,,,0.0,343
1704,HIV,,,0.0,592
1705,HIV,,,0.0,593
1706,HIV,,,0.0,2473
1707,HIV,,,0.0,7356
1708,HIV,,,0.0,2473
1709,HIV,,,0.0,5363
1710,HIV,,,0.0,2546
1711,HIV,,,0.0,7356
1712,HIV,,,0.0,7356
1713,HIV,,,0.0,604
1714,HIV,,,0.0,604
1715,HIV,,,0.0,594
1716,HIV,,,0.0,6801
1717,HIV,,,0.0,595
1718,HIV,,,0.0,596
1719,HIV,,,0.0,14106
1720,HIV,,,0.0,597
1721,HIV,,,0.0,598
1722,HIV,,,0.0,599
1723,HIV,,,0.0,6801
1724,HIV,,,0.0,98
1725,HIV,,,0.0,600
1726,HIV,,,0.0,601
1727,HIV,,,0.0,602
1728,HIV,,,0.0,7388
1729,HIV,,,1.0,2546
1730,HIV,,,0.0,2546
1731,HIV,,,0.0,2546
1732,HIV,,,0.0,2546
1733,HIV,,,0.0,603
1734,HIV,,,0.0,1016
1735,HIV,,,0.0,604
1736,HIV,,,0.0,1315
1737,HIV,,,0.0,605
1738,HIV,,,0.0,6794
1739,HIV,,,0.0,606
1740,HIV,,,0.0,5363
1741,HIV,,,0.0,5363
1742,HIV,,,0.0,2546
1743,HIV,,,0.0,7388
1744,HIV,,,0.0,1016
1745,HIV,,,0.0,10746
1746,HIV,,,0.0,607
1747,HIV,,,0.0,2800
1748,HIV,,,0.0,607
1749,HIV,,,0.0,608
1750,HIV,,,0.0,609
1751,HIV,,,0.0,607
1752,HIV,,,0.0,610
1753,HIV,,,0.0,611
1754,HIV,,,0.0,2546
1755,HIV,,,0.0,612
1756,HIV,,,0.0,5165
1757,HIV,,,0.0,5597
1758,HIV,,,0.0,613
1759,HIV,,,0.0,614
1760,HIV,,,0.0,57
1761,HIV,,,0.0,1016
1762,HIV,,,0.0,615
1763,HIV,,,0.0,616
1764,HIV,,,0.0,854
1765,HIV,,,0.0,617
1766,HIV,,,0.0,618
1767,HIV,,,0.0,9512
1768,HIV,,,0.0,12350
1769,HIV,,,0.0,619
1770,HIV,,,0.0,2546
1771,HIV,,,0.0,620
1772,HIV,,,0.0,621
1773,HIV,,,0.0,622
1774,HIV,,,0.0,623
1775,HIV,,,0.0,624
1776,HIV,,,0.0,625
1777,HIV,,,0.0,626
1778,HIV,,,0.0,627
1779,HIV,,,0.0,6801
1780,HIV,,,0.0,628
1781,HIV,,,0.0,629
1782,HIV,,,0.0,630
1783,HIV,,,0.0,8652
1784,HIV,,,0.0,631
1785,HIV,,,0.0,632
1786,HIV,,,0.0,633
1787,HIV,,,0.0,634
1788,HIV,,,0.0,441
1789,HIV,,,0.0,441
1790,HIV,,,0.0,5597
1791,HIV,,,0.0,1729
1792,HIV,,,0.0,635
1793,HIV,,,0.0,636
1794,HIV,,,0.0,637
1795,HIV,,,0.0,638
1796,HIV,,,0.0,10138
1797,HIV,,,0.0,91
1798,HIV,,,0.0,17
1799,HIV,,,0.0,7356
1800,HIV,,,0.0,7356
1801,HIV,,,0.0,639
1802,HIV,,,0.0,57
1803,HIV,,,0.0,640
1804,HIV,,,0.0,666
1805,HIV,,,0.0,6801
1806,HIV,,,0.0,13270
1807,HIV,,,0.0,641
1808,HIV,,,0.0,642
1809,HIV,,,0.0,643
1810,HIV,,,0.0,7345
1811,HIV,,,0.0,11542
1812,HIV,,,0.0,5718
1813,HIV,,,0.0,644
1814,HIV,,,0.0,1568
1815,HIV,,,0.0,645
1816,HIV,,,0.0,11406
1817,HIV,,,0.0,3279
1818,HIV,,,0.0,3279
1819,HIV,,,0.0,646
1820,HIV,,,0.0,647
1821,HIV,,,0.0,1991
1822,HIV,,,0.0,648
1823,HIV,,,0.0,649
1824,HIV,,,0.0,650
1825,HIV,,,1.0,651
1826,HIV,,,1.0,652
1827,HIV,,,0.0,5747
1828,HIV,,,0.0,12463
1829,HIV,,,0.0,653
1830,HIV,,,0.0,654
1831,HIV,,,0.0,655
1832,HIV,,,0.0,656
1833,HIV,,,0.0,11950
1834,HIV,,,0.0,657
1835,HIV,,,0.0,1942
1836,HIV,,,0.0,7337
1837,HIV,,,0.0,7337
1838,HIV,,,0.0,658
1839,HIV,,,0.0,424
1840,HIV,,,0.0,659
1841,HIV,,,0.0,10138
1842,HIV,,,0.0,660
1843,HIV,,,0.0,12939
1844,HIV,,,0.0,12633
1845,HIV,,,0.0,661
1846,HIV,,,0.0,662
1847,HIV,,,0.0,9512
1848,HIV,,,0.0,663
1849,HIV,,,0.0,664
1850,HIV,,,0.0,7356
1851,HIV,,,0.0,5165
1852,HIV,,,0.0,665
1853,HIV,,,0.0,666
1854,HIV,,,0.0,7632
1855,HIV,,,0.0,667
1856,HIV,,,0.0,668
1857,HIV,,,0.0,7388
1858,HIV,,,0.0,99
1859,HIV,,,0.0,669
1860,HIV,,,0.0,45
1861,HIV,,,0.0,5363
1862,HIV,,,0.0,670
1863,HIV,,,0.0,5718
1864,HIV,,,0.0,671
1865,HIV,,,0.0,672
1866,HIV,,,0.0,673
1867,HIV,,,0.0,3336
1868,HIV,,,0.0,674
1869,HIV,,,0.0,675
1870,HIV,,,0.0,4680
1871,HIV,,,0.0,676
1872,HIV,,,0.0,14106
1873,HIV,,,0.0,4885
1874,HIV,,,0.0,4885
1875,HIV,,,0.0,14106
1876,HIV,,,0.0,14106
1877,HIV,,,0.0,3279
1878,HIV,,,0.0,11406
1879,HIV,,,0.0,5597
1880,HIV,,,0.0,677
1881,HIV,,,0.0,5597
1882,HIV,,,0.0,678
1883,HIV,,,0.0,5597
1884,HIV,,,0.0,5597
1885,HIV,,,0.0,5597
1886,HIV,,,0.0,679
1887,HIV,,,0.0,6365
1888,HIV,,,0.0,680
1889,HIV,,,0.0,425
1890,HIV,,,0.0,1729
1891,HIV,,,0.0,681
1892,HIV,,,0.0,14106
1893,HIV,,,0.0,7710
1894,HIV,,,0.0,7710
1895,HIV,,,0.0,6436
1896,HIV,,,0.0,6436
1897,HIV,,,0.0,682
1898,HIV,,,0.0,683
1899,HIV,,,0.0,684
1900,HIV,,,0.0,685
1901,HIV,,,0.0,686
1902,HIV,,,0.0,687
1903,HIV,,,0.0,5597
1904,HIV,,,0.0,688
1905,HIV,,,0.0,843
1906,HIV,,,0.0,843
1907,HIV,,,0.0,689
1908,HIV,,,0.0,5165
1909,HIV,,,1.0,343
1910,HIV,,,0.0,690
1911,HIV,,,0.0,441
1912,HIV,,,0.0,691
1913,HIV,,,0.0,692
1914,HIV,,,0.0,8526
1915,HIV,,,1.0,219
1916,HIV,,,0.0,13831
1917,HIV,,,0.0,693
1918,HIV,,,0.0,694
1919,HIV,,,0.0,205
1920,HIV,,,0.0,205
1921,HIV,,,0.0,205
1922,HIV,,,0.0,1016
1923,HIV,,,0.0,1016
1924,HIV,,,0.0,695
1925,HIV,,,0.0,696
1926,HIV,,,0.0,697
1927,HIV,,,0.0,698
1928,HIV,,,0.0,699
1929,HIV,,,0.0,7388
1930,HIV,,,0.0,7388
1931,HIV,,,0.0,700
1932,HIV,,,0.0,701
1933,HIV,,,0.0,942
1934,HIV,,,0.0,702
1935,HIV,,,0.0,702
1936,HIV,,,0.0,843
1937,HIV,,,0.0,5424
1938,HIV,,,0.0,57
1939,HIV,,,0.0,703
1940,HIV,,,0.0,613
1941,HIV,,,0.0,5165
1942,HIV,,,0.0,704
1943,HIV,,,0.0,705
1944,HIV,,,0.0,706
1945,HIV,,,0.0,3279
1946,HIV,,,0.0,707
1947,HIV,,,0.0,708
1948,HIV,,,0.0,709
1949,HIV,,,0.0,710
1950,HIV,,,0.0,711
1951,HIV,,,0.0,712
1952,HIV,,,0.0,713
1953,HIV,,,0.0,11296
1954,HIV,,,0.0,854
1955,HIV,,,0.0,714
1956,HIV,,,0.0,344
1957,HIV,,,0.0,715
1958,HIV,,,0.0,2546
1959,HIV,,,0.0,716
1960,HIV,,,0.0,343
1961,HIV,,,0.0,717
1962,HIV,,,0.0,718
1963,HIV,,,0.0,719
1964,HIV,,,0.0,5165
1965,HIV,,,0.0,720
1966,HIV,,,1.0,5165
1967,HIV,,,0.0,10705
1968,HIV,,,0.0,604
1969,HIV,,,0.0,721
1970,HIV,,,0.0,722
1971,HIV,,,0.0,723
1972,HIV,,,0.0,434
1973,HIV,,,0.0,535
1974,HIV,,,0.0,535
1975,HIV,,,0.0,434
1976,HIV,,,1.0,434
1977,HIV,,,1.0,434
1978,HIV,,,1.0,434
1979,HIV,,,0.0,5747
1980,HIV,,,0.0,724
1981,HIV,,,0.0,725
1982,HIV,,,0.0,3138
1983,HIV,,,0.0,726
1984,HIV,,,0.0,727
1985,HIV,,,0.0,7388
1986,HIV,,,0.0,7388
1987,HIV,,,0.0,45
1988,HIV,,,0.0,7388
1989,HIV,,,0.0,4428
1990,HIV,,,0.0,2546
1991,HIV,,,0.0,154
1992,HIV,,,0.0,5350
1993,HIV,,,0.0,728
1994,HIV,,,0.0,7365
1995,HIV,,,0.0,6727
1996,HIV,,,0.0,729
1997,HIV,,,0.0,730
1998,HIV,,,0.0,731
1999,HIV,,,0.0,732
2000,HIV,,,0.0,733
2001,HIV,,,0.0,734
2002,HIV,,,0.0,434
2003,HIV,,,0.0,205
2004,HIV,,,0.0,1016
2005,HIV,,,0.0,1016
2006,HIV,,,0.0,735
2007,HIV,,,0.0,736
2008,HIV,,,0.0,737
2009,HIV,,,0.0,738
2010,HIV,,,0.0,739
2011,HIV,,,0.0,5424
2012,HIV,,,0.0,740
2013,HIV,,,0.0,741
2014,HIV,,,0.0,1016
2015,HIV,,,0.0,742
2016,HIV,,,1.0,5992
2017,HIV,,,0.0,743
2018,HIV,,,0.0,743
2019,HIV,,,0.0,744
2020,HIV,,,0.0,5718
2021,HIV,,,0.0,2473
2022,HIV,,,0.0,2473
2023,HIV,,,0.0,820
2024,HIV,,,0.0,745
2025,HIV,,,1.0,746
2026,HIV,,,0.0,747
2027,HIV,,,0.0,748
2028,HIV,,,0.0,45
2029,HIV,,,0.0,45
2030,HIV,,,0.0,749
2031,HIV,,,0.0,7388
2032,HIV,,,0.0,4428
2033,HIV,,,0.0,1344
2034,HIV,,,0.0,750
2035,HIV,,,0.0,751
2036,HIV,,,0.0,857
2037,HIV,,,0.0,752
2038,HIV,,,0.0,753
2039,HIV,,,0.0,754
2040,HIV,,,0.0,755
2041,HIV,,,0.0,11056
2042,HIV,,,0.0,756
2043,HIV,,,0.0,757
2044,HIV,,,0.0,11421
2045,HIV,,,0.0,758
2046,HIV,,,0.0,759
2047,HIV,,,0.0,760
2048,HIV,,,0.0,10746
2049,HIV,,,0.0,1016
2050,HIV,,,0.0,761
2051,HIV,,,0.0,762
2052,HIV,,,0.0,1016
2053,HIV,,,0.0,763
2054,HIV,,,0.0,3279
2055,HIV,,,0.0,5
2056,HIV,,,0.0,764
2057,HIV,,,0.0,765
2058,HIV,,,0.0,766
2059,HIV,,,0.0,13270
2060,HIV,,,0.0,1016
2061,HIV,,,0.0,767
2062,HIV,,,0.0,768
2063,HIV,,,0.0,5597
2064,HIV,,,0.0,1016
2065,HIV,,,0.0,769
2066,HIV,,,0.0,770
2067,HIV,,,0.0,831
2068,HIV,,,0.0,883
2069,HIV,,,1.0,831
2070,HIV,,,0.0,771
2071,HIV,,,0.0,772
2072,HIV,,,0.0,773
2073,HIV,,,0.0,1016
2074,HIV,,,0.0,774
2075,HIV,,,0.0,775
2076,HIV,,,0.0,776
2077,HIV,,,0.0,14106
2078,HIV,,,0.0,7388
2079,HIV,,,0.0,7388
2080,HIV,,,0.0,777
2081,HIV,,,0.0,778
2082,HIV,,,0.0,779
2083,HIV,,,0.0,5424
2084,HIV,,,0.0,2546
2085,HIV,,,0.0,780
2086,HIV,,,0.0,5165
2087,HIV,,,0.0,781
2088,HIV,,,0.0,782
2089,HIV,,,0.0,5363
2090,HIV,,,0.0,783
2091,HIV,,,0.0,3309
2092,HIV,,,0.0,784
2093,HIV,,,0.0,6801
2094,HIV,,,0.0,785
2095,HIV,,,0.0,786
2096,HIV,,,0.0,787
2097,HIV,,,0.0,788
2098,HIV,,,0.0,11950
2099,HIV,,,0.0,7388
2100,HIV,,,0.0,789
2101,HIV,,,0.0,1034
2102,HIV,,,0.0,790
2103,HIV,,,0.0,791
2104,HIV,,,0.0,792
2105,HIV,,,0.0,793
2106,HIV,,,0.0,794
2107,HIV,,,0.0,794
2108,HIV,,,0.0,7356
2109,HIV,,,0.0,795
2110,HIV,,,0.0,7356
2111,HIV,,,0.0,796
2112,HIV,,,0.0,797
2113,HIV,,,0.0,6801
2114,HIV,,,0.0,14043
2115,HIV,,,0.0,798
2116,HIV,,,0.0,5363
2117,HIV,,,0.0,2473
2118,HIV,,,0.0,799
2119,HIV,,,0.0,2546
2120,HIV,,,0.0,800
2121,HIV,,,0.0,441
2122,HIV,,,0.0,801
2123,HIV,,,0.0,7388
2124,HIV,,,0.0,7388
2125,HIV,,,0.0,1280
2126,HIV,,,0.0,802
2127,HIV,,,0.0,803
2128,HIV,,,0.0,1280
2129,HIV,,,0.0,1280
2130,HIV,,,0.0,1556
2131,HIV,,,0.0,2546
2132,HIV,,,0.0,2546
2133,HIV,,,0.0,2546
2134,HIV,,,0.0,804
2135,HIV,,,0.0,805
2136,HIV,,,0.0,1344
2137,HIV,,,0.0,806
2138,HIV,,,0.0,807
2139,HIV,,,0.0,808
2140,HIV,,,0.0,809
2141,HIV,,,0.0,810
2142,HIV,,,0.0,2546
2143,HIV,,,0.0,2135
2144,HIV,,,0.0,811
2145,HIV,,,0.0,812
2146,HIV,,,0.0,813
2147,HIV,,,0.0,6582
2148,HIV,,,0.0,5363
2149,HIV,,,0.0,1319
2150,HIV,,,0.0,814
2151,HIV,,,0.0,815
2152,HIV,,,0.0,434
2153,HIV,,,0.0,816
2154,HIV,,,0.0,817
2155,HIV,,,0.0,818
2156,HIV,,,0.0,57
2157,HIV,,,0.0,819
2158,HIV,,,1.0,831
2159,HIV,,,0.0,205
2160,HIV,,,0.0,820
2161,HIV,,,0.0,3309
2162,HIV,,,0.0,1042
2163,HIV,,,0.0,821
2164,HIV,,,0.0,822
2165,HIV,,,0.0,2567
2166,HIV,,,0.0,7388
2167,HIV,,,0.0,823
2168,HIV,,,0.0,4431
2169,HIV,,,0.0,5789
2170,HIV,,,0.0,824
2171,HIV,,,0.0,825
2172,HIV,,,0.0,826
2173,HIV,,,0.0,831
2174,HIV,,,0.0,7286
2175,HIV,,,0.0,827
2176,HIV,,,0.0,857
2177,HIV,,,0.0,7388
2178,HIV,,,0.0,10279
2179,HIV,,,0.0,828
2180,HIV,,,0.0,9645
2181,HIV,,,0.0,12390
2182,HIV,,,0.0,829
2183,HIV,,,0.0,7388
2184,HIV,,,0.0,7388
2185,HIV,,,0.0,830
2186,HIV,,,1.0,831
2187,HIV,,,1.0,831
2188,HIV,,,1.0,831
2189,HIV,,,0.0,831
2190,HIV,,,1.0,831
2191,HIV,,,1.0,831
2192,HIV,,,1.0,831
2193,HIV,,,0.0,832
2194,HIV,,,0.0,2546
2195,HIV,,,0.0,833
2196,HIV,,,0.0,834
2197,HIV,,,0.0,205
2198,HIV,,,0.0,835
2199,HIV,,,0.0,7388
2200,HIV,,,0.0,32
2201,HIV,,,0.0,7356
2202,HIV,,,0.0,1814
2203,HIV,,,0.0,3998
2204,HIV,,,0.0,836
2205,HIV,,,0.0,837
2206,HIV,,,0.0,7388
2207,HIV,,,0.0,838
2208,HIV,,,0.0,839
2209,HIV,,,0.0,570
2210,HIV,,,1.0,570
2211,HIV,,,1.0,570
2212,HIV,,,1.0,570
2213,HIV,,,1.0,570
2214,HIV,,,0.0,840
2215,HIV,,,0.0,840
2216,HIV,,,0.0,570
2217,HIV,,,0.0,840
2218,HIV,,,0.0,840
2219,HIV,,,0.0,840
2220,HIV,,,0.0,570
2221,HIV,,,0.0,570
2222,HIV,,,0.0,839
2223,HIV,,,0.0,570
2224,HIV,,,0.0,6582
2225,HIV,,,0.0,5597
2226,HIV,,,0.0,841
2227,HIV,,,0.0,842
2228,HIV,,,0.0,843
2229,HIV,,,0.0,836
2230,HIV,,,0.0,843
2231,HIV,,,0.0,843
2232,HIV,,,0.0,844
2233,HIV,,,0.0,845
2234,HIV,,,0.0,2115
2235,HIV,,,0.0,846
2236,HIV,,,0.0,5363
2237,HIV,,,0.0,847
2238,HIV,,,0.0,848
2239,HIV,,,0.0,5424
2240,HIV,,,0.0,11865
2241,HIV,,,0.0,10390
2242,HIV,,,0.0,849
2243,HIV,,,0.0,850
2244,HIV,,,0.0,10390
2245,HIV,,,0.0,10390
2246,HIV,,,0.0,10390
2247,HIV,,,0.0,851
2248,HIV,,,0.0,5165
2249,HIV,,,0.0,852
2250,HIV,,,0.0,615
2251,HIV,,,0.0,853
2252,HIV,,,0.0,854
2253,HIV,,,0.0,343
2254,HIV,,,0.0,855
2255,HIV,,,0.0,613
2256,HIV,,,0.0,7388
2257,HIV,,,0.0,2473
2258,HIV,,,0.0,10279
2259,HIV,,,0.0,2473
2260,HIV,,,0.0,856
2261,HIV,,,0.0,2473
2262,HIV,,,0.0,2546
2263,HIV,,,0.0,857
2264,HIV,,,0.0,857
2265,HIV,,,0.0,857
2266,HIV,,,0.0,857
2267,HIV,,,0.0,752
2268,HIV,,,0.0,857
2269,HIV,,,0.0,857
2270,HIV,,,0.0,857
2271,HIV,,,0.0,857
2272,HIV,,,0.0,857
2273,HIV,,,0.0,857
2274,HIV,,,0.0,857
2275,HIV,,,0.0,857
2276,HIV,,,0.0,7388
2277,HIV,,,0.0,7388
2278,HIV,,,0.0,858
2279,HIV,,,1.0,7132
2280,HIV,,,0.0,2546
2281,HIV,,,0.0,2546
2282,HIV,,,0.0,205
2283,HIV,,,0.0,870
2284,HIV,,,0.0,859
2285,HIV,,,0.0,5
2286,HIV,,,0.0,9512
2287,HIV,,,0.0,31
2288,HIV,,,0.0,860
2289,HIV,,,0.0,3021
2290,HIV,,,0.0,2135
2291,HIV,,,0.0,7604
2292,HIV,,,0.0,861
2293,HIV,,,0.0,285
2294,HIV,,,0.0,862
2295,HIV,,,0.0,862
2296,HIV,,,0.0,434
2297,HIV,,,0.0,863
2298,HIV,,,0.0,428
2299,HIV,,,0.0,434
2300,HIV,,,0.0,535
2301,HIV,,,1.0,434
2302,HIV,,,1.0,434
2303,HIV,,,1.0,434
2304,HIV,,,0.0,434
2305,HIV,,,1.0,434
2306,HIV,,,0.0,434
2307,HIV,,,0.0,434
2308,HIV,,,1.0,434
2309,HIV,,,0.0,1016
2310,HIV,,,0.0,864
2311,HIV,,,0.0,45
2312,HIV,,,0.0,6436
2313,HIV,,,0.0,865
2314,HIV,,,1.0,5747
2315,HIV,,,0.0,1016
2316,HIV,,,0.0,10138
2317,HIV,,,0.0,2546
2318,HIV,,,0.0,866
2319,HIV,,,0.0,5363
2320,HIV,,,0.0,5363
2321,HIV,,,0.0,5363
2322,HIV,,,1.0,867
2323,HIV,,,0.0,10390
2324,HIV,,,0.0,868
2325,HIV,,,0.0,10390
2326,HIV,,,0.0,10390
2327,HIV,,,0.0,10390
2328,HIV,,,0.0,10390
2329,HIV,,,0.0,10390
2330,HIV,,,0.0,10390
2331,HIV,,,0.0,868
2332,HIV,,,0.0,2473
2333,HIV,,,0.0,10390
2334,HIV,,,0.0,10390
2335,HIV,,,0.0,10390
2336,HIV,,,0.0,10390
2337,HIV,,,0.0,10390
2338,HIV,,,0.0,10390
2339,HIV,,,0.0,10390
2340,HIV,,,0.0,10390
2341,HIV,,,0.0,869
2342,HIV,,,0.0,869
2343,HIV,,,0.0,10390
2344,HIV,,,0.0,10390
2345,HIV,,,0.0,10390
2346,HIV,,,0.0,10390
2347,HIV,,,0.0,10390
2348,HIV,,,0.0,869
2349,HIV,,,0.0,869
2350,HIV,,,0.0,10390
2351,HIV,,,0.0,10390
2352,HIV,,,0.0,10390
2353,HIV,,,0.0,10390
2354,HIV,,,0.0,10390
2355,HIV,,,0.0,10390
2356,HIV,,,0.0,10390
2357,HIV,,,0.0,10390
2358,HIV,,,0.0,10390
2359,HIV,,,0.0,910
2360,HIV,,,0.0,910
2361,HIV,,,0.0,7591
2362,HIV,,,0.0,7591
2363,HIV,,,0.0,870
2364,HIV,,,0.0,2135
2365,HIV,,,0.0,871
2366,HIV,,,0.0,2546
2367,HIV,,,0.0,2546
2368,HIV,,,0.0,872
2369,HIV,,,0.0,873
2370,HIV,,,0.0,3075
2371,HIV,,,0.0,874
2372,HIV,,,0.0,5718
2373,HIV,,,0.0,7591
2374,HIV,,,0.0,5718
2375,HIV,,,0.0,875
2376,HIV,,,0.0,876
2377,HIV,,,0.0,1729
2378,HIV,,,0.0,7591
2379,HIV,,,0.0,5165
2380,HIV,,,0.0,57
2381,HIV,,,0.0,57
2382,HIV,,,0.0,877
2383,HIV,,,0.0,878
2384,HIV,,,0.0,879
2385,HIV,,,0.0,880
2386,HIV,,,0.0,881
2387,HIV,,,0.0,881
2388,HIV,,,0.0,882
2389,HIV,,,0.0,831
2390,HIV,,,0.0,613
2391,HIV,,,0.0,831
2392,HIV,,,0.0,883
2393,HIV,,,0.0,884
2394,HIV,,,0.0,11492
2395,HIV,,,0.0,9176
2396,HIV,,,0.0,10400
2397,HIV,,,0.0,10400
2398,HIV,,,0.0,5789
2399,HIV,,,0.0,98
2400,HIV,,,0.0,885
2401,HIV,,,0.0,886
2402,HIV,,,0.0,2095
2403,HIV,,,0.0,10138
2404,HIV,,,0.0,8434
2405,HIV,,,0.0,13419
2406,HIV,,,0.0,831
2407,HIV,,,0.0,11070
2408,HIV,,,0.0,887
2409,HIV,,,0.0,14106
2410,HIV,,,0.0,3034
2411,HIV,,,0.0,2546
2412,HIV,,,0.0,888
2413,HIV,,,0.0,889
2414,HIV,,,0.0,890
2415,HIV,,,0.0,891
2416,HIV,,,0.0,892
2417,HIV,,,0.0,893
2418,HIV,,,0.0,8392
2419,HIV,,,0.0,894
2420,HIV,,,0.0,5597
2421,HIV,,,0.0,919
2422,HIV,,,0.0,831
2423,HIV,,,1.0,831
2424,HIV,,,0.0,831
2425,HIV,,,0.0,831
2426,HIV,,,1.0,895
2427,HIV,,,0.0,896
2428,HIV,,,0.0,3309
2429,HIV,,,0.0,897
2430,HIV,,,0.0,2546
2431,HIV,,,0.0,898
2432,HIV,,,0.0,9512
2433,HIV,,,0.0,7604
2434,HIV,,,0.0,9176
2435,HIV,,,0.0,343
2436,HIV,,,0.0,5363
2437,HIV,,,0.0,899
2438,HIV,,,0.0,900
2439,HIV,,,0.0,901
2440,HIV,,,0.0,902
2441,HIV,,,0.0,903
2442,HIV,,,0.0,6801
2443,HIV,,,0.0,904
2444,HIV,,,0.0,905
2445,HIV,,,0.0,906
2446,HIV,,,0.0,907
2447,HIV,,,0.0,908
2448,HIV,,,0.0,5363
2449,HIV,,,0.0,909
2450,HIV,,,0.0,910
2451,HIV,,,0.0,910
2452,HIV,,,0.0,910
2453,HIV,,,0.0,911
2454,HIV,,,0.0,912
2455,HIV,,,0.0,9176
2456,HIV,,,0.0,7388
2457,HIV,,,0.0,843
2458,HIV,,,0.0,843
2459,HIV,,,0.0,843
2460,HIV,,,0.0,843
2461,HIV,,,0.0,843
2462,HIV,,,0.0,5363
2463,HIV,,,0.0,913
2464,HIV,,,0.0,1344
2465,HIV,,,0.0,5165
2466,HIV,,,0.0,831
2467,HIV,,,0.0,914
2468,HIV,,,0.0,915
2469,HIV,,,0.0,10400
2470,HIV,,,0.0,10400
2471,HIV,,,0.0,916
2472,HIV,,,0.0,917
2473,HIV,,,0.0,6801
2474,HIV,,,0.0,3279
2475,HIV,,,0.0,7388
2476,HIV,,,0.0,7388
2477,HIV,,,0.0,2473
2478,HIV,,,0.0,10400
2479,HIV,,,0.0,919
2480,HIV,,,0.0,918
2481,HIV,,,0.0,919
2482,HIV,,,0.0,920
2483,HIV,,,0.0,920
2484,HIV,,,0.0,921
2485,HIV,,,0.0,8272
2486,HIV,,,0.0,2473
2487,HIV,,,0.0,2473
2488,HIV,,,0.0,2473
2489,HIV,,,0.0,922
2490,HIV,,,0.0,7576
2491,HIV,,,0.0,7388
2492,HIV,,,0.0,4526
2493,HIV,,,0.0,923
2494,HIV,,,0.0,1016
2495,HIV,,,0.0,5992
2496,HIV,,,0.0,4981
2497,HIV,,,0.0,924
2498,HIV,,,0.0,925
2499,HIV,,,0.0,926
2500,HIV,,,0.0,927
2501,HIV,,,0.0,938
2502,HIV,,,0.0,831
2503,HIV,,,0.0,831
2504,HIV,,,0.0,928
2505,HIV,,,0.0,1040
2506,HIV,,,0.0,929
2507,HIV,,,0.0,930
2508,HIV,,,0.0,930
2509,HIV,,,0.0,931
2510,HIV,,,1.0,932
2511,HIV,,,1.0,933
2512,HIV,,,0.0,5718
2513,HIV,,,0.0,3309
2514,HIV,,,0.0,3693
2515,HIV,,,0.0,2672
2516,HIV,,,0.0,934
2517,HIV,,,0.0,935
2518,HIV,,,0.0,954
2519,HIV,,,0.0,8211
2520,HIV,,,0.0,1016
2521,HIV,,,0.0,936
2522,HIV,,,0.0,5992
2523,HIV,,,0.0,5424
2524,HIV,,,0.0,937
2525,HIV,,,0.0,938
2526,HIV,,,0.0,7388
2527,HIV,,,0.0,1173
2528,HIV,,,0.0,273
2529,HIV,,,1.0,6801
2530,HIV,,,0.0,6801
2531,HIV,,,0.0,1016
2532,HIV,,,0.0,2546
2533,HIV,,,0.0,939
2534,HIV,,,0.0,940
2535,HIV,,,0.0,45
2536,HIV,,,0.0,941
2537,HIV,,,1.0,831
2538,HIV,,,0.0,3021
2539,HIV,,,0.0,942
2540,HIV,,,0.0,943
2541,HIV,,,0.0,7388
2542,HIV,,,0.0,2546
2543,HIV,,,0.0,2546
2544,HIV,,,0.0,2546
2545,HIV,,,0.0,74
2546,HIV,,,0.0,1300
2547,HIV,,,0.0,2546
2548,HIV,,,0.0,6866
2549,HIV,,,0.0,944
2550,HIV,,,0.0,14111
2551,HIV,,,0.0,899
2552,HIV,,,0.0,945
2553,HIV,,,0.0,946
2554,HIV,,,0.0,9462
2555,HIV,,,0.0,10746
2556,HIV,,,0.0,947
2557,HIV,,,0.0,5597
2558,HIV,,,0.0,948
2559,HIV,,,0.0,949
2560,HIV,,,0.0,175
2561,HIV,,,0.0,950
2562,HIV,,,0.0,7323
2563,HIV,,,0.0,3279
2564,HIV,,,0.0,951
2565,HIV,,,0.0,5363
2566,HIV,,,0.0,952
2567,HIV,,,0.0,953
2568,HIV,,,0.0,11053
2569,HIV,,,0.0,10400
2570,HIV,,,0.0,6582
2571,HIV,,,0.0,2196
2572,HIV,,,0.0,954
2573,HIV,,,0.0,955
2574,HIV,,,0.0,956
2575,HIV,,,0.0,957
2576,HIV,,,0.0,958
2577,HIV,,,0.0,959
2578,HIV,,,0.0,343
2579,HIV,,,0.0,960
2580,HIV,,,1.0,5363
2581,HIV,,,0.0,961
2582,HIV,,,0.0,19
2583,HIV,,,0.0,5363
2584,HIV,,,0.0,552
2585,HIV,,,0.0,11760
2586,HIV,,,0.0,2546
2587,HIV,,,0.0,3759
2588,HIV,,,0.0,10400
2589,HIV,,,0.0,9512
2590,HIV,,,0.0,962
2591,HIV,,,0.0,963
2592,HIV,,,0.0,964
2593,HIV,,,0.0,965
2594,HIV,,,0.0,5501
2595,HIV,,,0.0,966
2596,HIV,,,0.0,967
2597,HIV,,,0.0,2546
2598,HIV,,,0.0,343
2599,HIV,,,1.0,968
2600,HIV,,,0.0,604
2601,HIV,,,0.0,5363
2602,HIV,,,0.0,5363
2603,HIV,,,0.0,969
2604,HIV,,,0.0,7388
2605,HIV,,,0.0,7388
2606,HIV,,,1.0,970
2607,HIV,,,0.0,971
2608,HIV,,,0.0,1319
2609,HIV,,,0.0,972
2610,HIV,,,0.0,5363
2611,HIV,,,0.0,973
2612,HIV,,,1.0,831
2613,HIV,,,0.0,831
2614,HIV,,,0.0,1830
2615,HIV,,,0.0,1830
2616,HIV,,,1.0,57
2617,HIV,,,0.0,974
2618,HIV,,,0.0,975
2619,HIV,,,0.0,831
2620,HIV,,,0.0,831
2621,HIV,,,0.0,831
2622,HIV,,,0.0,976
2623,HIV,,,0.0,977
2624,HIV,,,0.0,5363
2625,HIV,,,0.0,5363
2626,HIV,,,0.0,978
2627,HIV,,,0.0,979
2628,HIV,,,0.0,980
2629,HIV,,,0.0,981
2630,HIV,,,0.0,310
2631,HIV,,,0.0,982
2632,HIV,,,0.0,441
2633,HIV,,,0.0,983
2634,HIV,,,0.0,984
2635,HIV,,,0.0,1280
2636,HIV,,,0.0,1280
2637,HIV,,,0.0,13
2638,HIV,,,0.0,3997
2639,HIV,,,0.0,1049
2640,HIV,,,0.0,985
2641,HIV,,,1.0,986
2642,HIV,,,0.0,987
2643,HIV,,,0.0,988
2644,HIV,,,0.0,3309
2645,HIV,,,0.0,3998
2646,HIV,,,0.0,989
2647,HIV,,,0.0,990
2648,HIV,,,0.0,991
2649,HIV,,,0.0,1514
2650,HIV,,,0.0,992
2651,HIV,,,1.0,831
2652,HIV,,,0.0,57
2653,HIV,,,0.0,993
2654,HIV,,,0.0,994
2655,HIV,,,0.0,995
2656,HIV,,,0.0,434
2657,HIV,,,0.0,1393
2658,HIV,,,0.0,996
2659,HIV,,,0.0,997
2660,HIV,,,0.0,1051
2661,HIV,,,0.0,343
2662,HIV,,,0.0,3742
2663,HIV,,,0.0,998
2664,HIV,,,0.0,2546
2665,HIV,,,0.0,441
2666,HIV,,,0.0,2659
2667,HIV,,,0.0,999
2668,HIV,,,0.0,1000
2669,HIV,,,0.0,1001
2670,HIV,,,0.0,1002
2671,HIV,,,0.0,1003
2672,HIV,,,0.0,7356
2673,HIV,,,0.0,1004
2674,HIV,,,0.0,1016
2675,HIV,,,0.0,1016
2676,HIV,,,0.0,1016
2677,HIV,,,0.0,1016
2678,HIV,,,0.0,1808
2679,HIV,,,0.0,9952
2680,HIV,,,0.0,1005
2681,HIV,,,0.0,57
2682,HIV,,,0.0,1006
2683,HIV,,,0.0,3159
2684,HIV,,,0.0,1007
2685,HIV,,,0.0,1008
2686,HIV,,,0.0,1009
2687,HIV,,,0.0,1010
2688,HIV,,,0.0,7356
2689,HIV,,,0.0,1016
2690,HIV,,,0.0,1011
2691,HIV,,,0.0,1012
2692,HIV,,,0.0,670
2693,HIV,,,0.0,1013
2694,HIV,,,0.0,8419
2695,HIV,,,0.0,205
2696,HIV,,,0.0,10746
2697,HIV,,,0.0,1014
2698,HIV,,,0.0,434
2699,HIV,,,0.0,1015
2700,HIV,,,0.0,560
2701,HIV,,,0.0,1016
2702,HIV,,,0.0,1017
2703,HIV,,,0.0,1018
2704,HIV,,,0.0,5992
2705,HIV,,,0.0,1019
2706,HIV,,,0.0,6436
2707,HIV,,,0.0,5992
2708,HIV,,,0.0,5992
2709,HIV,,,0.0,2546
2710,HIV,,,0.0,10219
2711,HIV,,,0.0,1020
2712,HIV,,,0.0,5363
2713,HIV,,,0.0,8526
2714,HIV,,,0.0,8526
2715,HIV,,,0.0,6748
2716,HIV,,,0.0,1021
2717,HIV,,,0.0,6436
2718,HIV,,,0.0,1022
2719,HIV,,,0.0,7591
2720,HIV,,,0.0,11196
2721,HIV,,,0.0,227
2722,HIV,,,0.0,1023
2723,HIV,,,0.0,1024
2724,HIV,,,0.0,425
2725,HIV,,,0.0,8526
2726,HIV,,,0.0,7591
2727,HIV,,,0.0,6230
2728,HIV,,,0.0,2546
2729,HIV,,,0.0,2546
2730,HIV,,,0.0,1025
2731,HIV,,,0.0,1344
2732,HIV,,,0.0,1344
2733,HIV,,,0.0,2546
2734,HIV,,,0.0,1026
2735,HIV,,,0.0,1344
2736,HIV,,,0.0,1027
2737,HIV,,,0.0,1028
2738,HIV,,,0.0,1016
2739,HIV,,,0.0,5363
2740,HIV,,,0.0,910
2741,HIV,,,0.0,1029
2742,HIV,,,0.0,1030
2743,HIV,,,0.0,1031
2744,HIV,,,0.0,1032
2745,HIV,,,0.0,10400
2746,HIV,,,0.0,5165
2747,HIV,,,0.0,7388
2748,HIV,,,0.0,7388
2749,HIV,,,0.0,831
2750,HIV,,,0.0,1033
2751,HIV,,,0.0,1034
2752,HIV,,,0.0,1016
2753,HIV,,,0.0,5363
2754,HIV,,,0.0,5363
2755,HIV,,,0.0,10400
2756,HIV,,,0.0,2800
2757,HIV,,,0.0,1035
2758,HIV,,,0.0,5165
2759,HIV,,,0.0,434
2760,HIV,,,0.0,434
2761,HIV,,,0.0,1036
2762,HIV,,,0.0,2473
2763,HIV,,,0.0,4786
2764,HIV,,,0.0,8959
2765,HIV,,,0.0,1037
2766,HIV,,,0.0,434
2767,HIV,,,0.0,1038
2768,HIV,,,0.0,1039
2769,HIV,,,0.0,4526
2770,HIV,,,0.0,831
2771,HIV,,,0.0,5363
2772,HIV,,,0.0,1040
2773,HIV,,,0.0,1041
2774,HIV,,,0.0,7388
2775,HIV,,,1.0,434
2776,HIV,,,0.0,1042
2777,HIV,,,0.0,2546
2778,HIV,,,0.0,2546
2779,HIV,,,0.0,1043
2780,HIV,,,0.0,1044
2781,HIV,,,0.0,11824
2782,HIV,,,0.0,1045
2783,HIV,,,0.0,1045
2784,HIV,,,0.0,10400
2785,HIV,,,0.0,4526
2786,HIV,,,0.0,1046
2787,HIV,,,1.0,13815
2788,HIV,,,0.0,1047
2789,HIV,,,0.0,1047
2790,HIV,,,0.0,1280
2791,HIV,,,0.0,1048
2792,HIV,,,0.0,10862
2793,HIV,,,0.0,10862
2794,HIV,,,0.0,2473
2795,HIV,,,0.0,629
2796,HIV,,,0.0,1049
2797,HIV,,,0.0,1049
2798,HIV,,,0.0,14106
2799,HIV,,,0.0,7388
2800,HIV,,,0.0,5363
2801,HIV,,,0.0,7411
2802,HIV,,,0.0,1050
2803,HIV,,,0.0,5363
2804,HIV,,,0.0,1051
2805,HIV,,,1.0,831
2806,HIV,,,0.0,5165
2807,HIV,,,0.0,1016
2808,HIV,,,0.0,9176
2809,HIV,,,0.0,9356
2810,HIV,,,0.0,1052
2811,HIV,,,0.0,1053
2812,HIV,,,0.0,2473
2813,HIV,,,0.0,2546
2814,HIV,,,0.0,5501
2815,HIV,,,0.0,1729
2816,HIV,,,0.0,1054
2817,HIV,,,0.0,5363
2818,HIV,,,0.0,343
2819,HIV,,,0.0,7388
2820,HIV,,,0.0,7604
2821,HIV,,,0.0,7604
2822,HIV,,,0.0,343
2823,HIV,,,0.0,1055
2824,HIV,,,0.0,4633
2825,HIV,,,0.0,6801
2826,HIV,,,0.0,1056
2827,HIV,,,0.0,1057
2828,HIV,,,0.0,6801
2829,HIV,,,0.0,10400
2830,HIV,,,0.0,1058
2831,HIV,,,0.0,1059
2832,HIV,,,0.0,4885
2833,HIV,,,0.0,1060
2834,HIV,,,0.0,2546
2835,HIV,,,0.0,343
2836,HIV,,,0.0,1061
2837,HIV,,,0.0,1062
2838,HIV,,,0.0,1063
2839,HIV,,,0.0,1393
2840,HIV,,,0.0,3689
2841,HIV,,,0.0,3689
2842,HIV,,,0.0,2546
2843,HIV,,,0.0,1064
2844,HIV,,,0.0,2546
2845,HIV,,,0.0,4001
2846,HIV,,,0.0,434
2847,HIV,,,0.0,1065
2848,HIV,,,0.0,1065
2849,HIV,,,0.0,1066
2850,HIV,,,0.0,5597
2851,HIV,,,0.0,5597
2852,HIV,,,0.0,5992
2853,HIV,,,0.0,5363
2854,HIV,,,0.0,5424
2855,HIV,,,0.0,1067
2856,HIV,,,0.0,1068
2857,HIV,,,0.0,1069
2858,HIV,,,0.0,2473
2859,HIV,,,0.0,1070
2860,HIV,,,0.0,5363
2861,HIV,,,0.0,5363
2862,HIV,,,0.0,5363
2863,HIV,,,0.0,10390
2864,HIV,,,0.0,10390
2865,HIV,,,0.0,769
2866,HIV,,,0.0,5165
2867,HIV,,,1.0,613
2868,HIV,,,1.0,831
2869,HIV,,,0.0,831
2870,HIV,,,0.0,5363
2871,HIV,,,0.0,45
2872,HIV,,,0.0,1264
2873,HIV,,,0.0,1071
2874,HIV,,,0.0,1072
2875,HIV,,,0.0,1073
2876,HIV,,,0.0,13295
2877,HIV,,,0.0,2204
2878,HIV,,,0.0,2204
2879,HIV,,,0.0,1074
2880,HIV,,,0.0,2546
2881,HIV,,,0.0,5597
2882,HIV,,,0.0,5597
2883,HIV,,,0.0,843
2884,HIV,,,0.0,343
2885,HIV,,,0.0,343
2886,HIV,,,0.0,1075
2887,HIV,,,0.0,1053
2888,HIV,,,0.0,1076
2889,HIV,,,0.0,5597
2890,HIV,,,0.0,1077
2891,HIV,,,0.0,2546
2892,HIV,,,0.0,535
2893,HIV,,,0.0,434
2894,HIV,,,0.0,5363
2895,HIV,,,0.0,5363
2896,HIV,,,0.0,5363
2897,HIV,,,0.0,1078
2898,HIV,,,0.0,1078
2899,HIV,,,1.0,434
2900,HIV,,,1.0,434
2901,HIV,,,1.0,434
2902,HIV,,,1.0,434
2903,HIV,,,1.0,434
2904,HIV,,,1.0,434
2905,HIV,,,1.0,434
2906,HIV,,,1.0,434
2907,HIV,,,1.0,434
2908,HIV,,,1.0,434
2909,HIV,,,0.0,2739
2910,HIV,,,0.0,1079
2911,HIV,,,0.0,1080
2912,HIV,,,0.0,1081
2913,HIV,,,0.0,1080
2914,HIV,,,0.0,12238
2915,HIV,,,0.0,1082
2916,HIV,,,0.0,1083
2917,HIV,,,0.0,1084
2918,HIV,,,0.0,1085
2919,HIV,,,0.0,1086
2920,HIV,,,0.0,1086
2921,HIV,,,0.0,1087
2922,HIV,,,0.0,1088
2923,HIV,,,1.0,831
2924,HIV,,,0.0,1089
2925,HIV,,,1.0,10746
2926,HIV,,,0.0,1701
2927,HIV,,,0.0,1701
2928,HIV,,,0.0,1090
2929,HIV,,,0.0,1091
2930,HIV,,,0.0,1092
2931,HIV,,,0.0,1092
2932,HIV,,,0.0,1093
2933,HIV,,,0.0,1176
2934,HIV,,,0.0,2546
2935,HIV,,,0.0,2473
2936,HIV,,,0.0,2473
2937,HIV,,,0.0,2473
2938,HIV,,,0.0,2473
2939,HIV,,,0.0,2473
2940,HIV,,,0.0,1094
2941,HIV,,,0.0,3309
2942,HIV,,,0.0,1095
2943,HIV,,,0.0,8392
2944,HIV,,,0.0,1096
2945,HIV,,,0.0,1344
2946,HIV,,,0.0,5747
2947,HIV,,,0.0,1097
2948,HIV,,,0.0,1098
2949,HIV,,,1.0,831
2950,HIV,,,0.0,12633
2951,HIV,,,0.0,1099
2952,HIV,,,0.0,2546
2953,HIV,,,0.0,5363
2954,HIV,,,0.0,1100
2955,HIV,,,1.0,434
2956,HIV,,,1.0,434
2957,HIV,,,0.0,434
2958,HIV,,,0.0,7388
2959,HIV,,,0.0,1101
2960,HIV,,,0.0,5424
2961,HIV,,,0.0,1102
2962,HIV,,,0.0,1103
2963,HIV,,,0.0,6583
2964,HIV,,,1.0,434
2965,HIV,,,1.0,434
2966,HIV,,,0.0,5165
2967,HIV,,,1.0,434
2968,HIV,,,1.0,434
2969,HIV,,,1.0,434
2970,HIV,,,1.0,434
2971,HIV,,,1.0,434
2972,HIV,,,1.0,434
2973,HIV,,,1.0,434
2974,HIV,,,0.0,434
2975,HIV,,,1.0,434
2976,HIV,,,0.0,8959
2977,HIV,,,0.0,1104
2978,HIV,,,0.0,1105
2979,HIV,,,0.0,8959
2980,HIV,,,0.0,13270
2981,HIV,,,0.0,1106
2982,HIV,,,0.0,1107
2983,HIV,,,0.0,1107
2984,HIV,,,0.0,1729
2985,HIV,,,0.0,1108
2986,HIV,,,0.0,1109
2987,HIV,,,0.0,1110
2988,HIV,,,0.0,1906
2989,HIV,,,0.0,1103
2990,HIV,,,0.0,2473
2991,HIV,,,0.0,1111
2992,HIV,,,0.0,1112
2993,HIV,,,0.0,604
2994,HIV,,,0.0,1113
2995,HIV,,,0.0,5597
2996,HIV,,,0.0,5597
2997,HIV,,,0.0,434
2998,HIV,,,0.0,1114
2999,HIV,,,1.0,10705
3000,HIV,,,0.0,7388
3001,HIV,,,0.0,3309
3002,HIV,,,0.0,1115
3003,HIV,,,0.0,3309
3004,HIV,,,0.0,3309
3005,HIV,,,0.0,3309
3006,HIV,,,0.0,1116
3007,HIV,,,0.0,7337
3008,HIV,,,0.0,32
3009,HIV,,,0.0,7356
3010,HIV,,,0.0,5363
3011,HIV,,,0.0,1117
3012,HIV,,,0.0,1118
3013,HIV,,,0.0,1119
3014,HIV,,,0.0,45
3015,HIV,,,0.0,1120
3016,HIV,,,0.0,32
3017,HIV,,,0.0,32
3018,HIV,,,0.0,32
3019,HIV,,,0.0,6801
3020,HIV,,,0.0,1131
3021,HIV,,,0.0,12051
3022,HIV,,,0.0,8959
3023,HIV,,,0.0,8959
3024,HIV,,,0.0,8959
3025,HIV,,,0.0,1121
3026,HIV,,,0.0,1122
3027,HIV,,,0.0,1123
3028,HIV,,,0.0,10400
3029,HIV,,,0.0,2546
3030,HIV,,,0.0,2546
3031,HIV,,,0.0,14106
3032,HIV,,,0.0,13301
3033,HIV,,,0.0,1124
3034,HIV,,,0.0,1729
3035,HIV,,,0.0,1125
3036,HIV,,,0.0,1126
3037,HIV,,,0.0,1127
3038,HIV,,,0.0,1128
3039,HIV,,,0.0,1129
3040,HIV,,,0.0,5363
3041,HIV,,,0.0,1042
3042,HIV,,,0.0,5165
3043,HIV,,,0.0,1130
3044,HIV,,,0.0,5363
3045,HIV,,,0.0,1131
3046,HIV,,,0.0,1132
3047,HIV,,,0.0,1133
3048,HIV,,,0.0,1016
3049,HIV,,,0.0,1134
3050,HIV,,,0.0,1135
3051,HIV,,,0.0,1136
3052,HIV,,,0.0,1137
3053,HIV,,,0.0,1138
3054,HIV,,,0.0,1139
3055,HIV,,,0.0,1239
3056,HIV,,,0.0,5992
3057,HIV,,,0.0,1140
3058,HIV,,,0.0,5424
3059,HIV,,,0.0,5363
3060,HIV,,,0.0,5424
3061,HIV,,,0.0,1141
3062,HIV,,,0.0,10835
3063,HIV,,,0.0,6801
3064,HIV,,,0.0,5747
3065,HIV,,,0.0,1142
3066,HIV,,,0.0,10195
3067,HIV,,,0.0,1143
3068,HIV,,,0.0,2546
3069,HIV,,,0.0,5363
3070,HIV,,,0.0,1144
3071,HIV,,,0.0,5718
3072,HIV,,,0.0,1145
3073,HIV,,,0.0,8959
3074,HIV,,,0.0,8959
3075,HIV,,,0.0,8959
3076,HIV,,,0.0,8959
3077,HIV,,,0.0,8959
3078,HIV,,,0.0,8959
3079,HIV,,,0.0,8959
3080,HIV,,,0.0,3138
3081,HIV,,,1.0,5992
3082,HIV,,,0.0,12775
3083,HIV,,,0.0,2546
3084,HIV,,,0.0,205
3085,HIV,,,0.0,5597
3086,HIV,,,0.0,2546
3087,HIV,,,0.0,2546
3088,HIV,,,0.0,285
3089,HIV,,,0.0,1146
3090,HIV,,,0.0,10027
3091,HIV,,,0.0,2197
3092,HIV,,,0.0,10027
3093,HIV,,,0.0,1147
3094,HIV,,,0.0,6433
3095,HIV,,,0.0,1148
3096,HIV,,,0.0,1149
3097,HIV,,,0.0,1150
3098,HIV,,,0.0,14106
3099,HIV,,,0.0,2739
3100,HIV,,,0.0,1151
3101,HIV,,,0.0,343
3102,HIV,,,0.0,2546
3103,HIV,,,0.0,98
3104,HIV,,,0.0,5363
3105,HIV,,,0.0,5363
3106,HIV,,,0.0,5165
3107,HIV,,,0.0,8959
3108,HIV,,,0.0,5363
3109,HIV,,,0.0,1152
3110,HIV,,,0.0,2567
3111,HIV,,,0.0,1153
3112,HIV,,,0.0,7388
3113,HIV,,,0.0,5597
3114,HIV,,,0.0,5597
3115,HIV,,,0.0,5597
3116,HIV,,,0.0,5597
3117,HIV,,,0.0,5597
3118,HIV,,,0.0,5597
3119,HIV,,,0.0,5597
3120,HIV,,,0.0,13270
3121,HIV,,,0.0,1154
3122,HIV,,,0.0,5363
3123,HIV,,,0.0,1155
3124,HIV,,,0.0,1156
3125,HIV,,,0.0,343
3126,HIV,,,0.0,1157
3127,HIV,,,0.0,5597
3128,HIV,,,0.0,3309
3129,HIV,,,0.0,11056
3130,HIV,,,0.0,1158
3131,HIV,,,0.0,1016
3132,HIV,,,0.0,1159
3133,HIV,,,0.0,343
3134,HIV,,,0.0,4941
3135,HIV,,,0.0,1729
3136,HIV,,,0.0,1160
3137,HIV,,,0.0,1161
3138,HIV,,,0.0,11358
3139,HIV,,,0.0,3309
3140,HIV,,,0.0,13270
3141,HIV,,,0.0,1162
3142,HIV,,,0.0,1163
3143,HIV,,,0.0,1164
3144,HIV,,,0.0,1165
3145,HIV,,,0.0,1166
3146,HIV,,,0.0,9223
3147,HIV,,,0.0,1167
3148,HIV,,,0.0,1168
3149,HIV,,,0.0,1169
3150,HIV,,,0.0,838
3151,HIV,,,0.0,1170
3152,HIV,,,0.0,5597
3153,HIV,,,0.0,1171
3154,HIV,,,0.0,1172
3155,HIV,,,0.0,1173
3156,HIV,,,1.0,1174
3157,HIV,,,1.0,831
3158,HIV,,,0.0,7356
3159,HIV,,,0.0,7356
3160,HIV,,,0.0,7356
3161,HIV,,,0.0,7356
3162,HIV,,,0.0,7356
3163,HIV,,,0.0,1175
3164,HIV,,,0.0,10400
3165,HIV,,,0.0,1176
3166,HIV,,,0.0,5718
3167,HIV,,,0.0,1177
3168,HIV,,,0.0,1178
3169,HIV,,,0.0,1179
3170,HIV,,,0.0,6801
3171,HIV,,,0.0,5363
3172,HIV,,,0.0,1180
3173,HIV,,,0.0,1181
3174,HIV,,,0.0,1182
3175,HIV,,,0.0,1183
3176,HIV,,,0.0,7320
3177,HIV,,,0.0,2546
3178,HIV,,,0.0,2546
3179,HIV,,,0.0,1184
3180,HIV,,,0.0,9512
3181,HIV,,,0.0,1185
3182,HIV,,,0.0,1186
3183,HIV,,,0.0,6801
3184,HIV,,,0.0,5992
3185,HIV,,,0.0,5992
3186,HIV,,,0.0,5992
3187,HIV,,,0.0,6801
3188,HIV,,,0.0,1187
3189,HIV,,,0.0,1188
3190,HIV,,,1.0,6801
3191,HIV,,,0.0,6801
3192,HIV,,,0.0,6801
3193,HIV,,,0.0,1198
3194,HIV,,,0.0,1198
3195,HIV,,,0.0,1189
3196,HIV,,,0.0,5363
3197,HIV,,,0.0,1189
3198,HIV,,,0.0,9512
3199,HIV,,,0.0,1190
3200,HIV,,,0.0,5992
3201,HIV,,,0.0,1191
3202,HIV,,,0.0,1192
3203,HIV,,,0.0,5350
3204,HIV,,,0.0,5597
3205,HIV,,,0.0,5597
3206,HIV,,,0.0,2672
3207,HIV,,,0.0,1193
3208,HIV,,,0.0,5992
3209,HIV,,,0.0,5992
3210,HIV,,,0.0,6801
3211,HIV,,,0.0,5992
3212,HIV,,,0.0,7388
3213,HIV,,,0.0,7388
3214,HIV,,,0.0,14106
3215,HIV,,,0.0,1194
3216,HIV,,,0.0,5597
3217,HIV,,,0.0,1195
3218,HIV,,,0.0,1196
3219,HIV,,,0.0,5363
3220,HIV,,,0.0,1197
3221,HIV,,,0.0,6583
3222,HIV,,,0.0,6801
3223,HIV,,,0.0,1198
3224,HIV,,,0.0,1198
3225,HIV,,,0.0,1198
3226,HIV,,,0.0,8959
3227,HIV,,,0.0,5718
3228,HIV,,,0.0,8959
3229,HIV,,,0.0,8959
3230,HIV,,,0.0,8959
3231,HIV,,,0.0,8959
3232,HIV,,,0.0,8959
3233,HIV,,,0.0,1199
3234,HIV,,,0.0,5718
3235,HIV,,,0.0,1200
3236,HIV,,,0.0,1201
3237,HIV,,,0.0,1202
3238,HIV,,,0.0,5165
3239,HIV,,,1.0,9883
3240,HIV,,,0.0,1203
3241,HIV,,,0.0,1239
3242,HIV,,,0.0,2473
3243,HIV,,,0.0,2473
3244,HIV,,,0.0,1204
3245,HIV,,,0.0,245
3246,HIV,,,0.0,1205
3247,HIV,,,0.0,11492
3248,HIV,,,0.0,1206
3249,HIV,,,0.0,1207
3250,HIV,,,0.0,1208
3251,HIV,,,0.0,1209
3252,HIV,,,0.0,1210
3253,HIV,,,0.0,1211
3254,HIV,,,0.0,1212
3255,HIV,,,0.0,2129
3256,HIV,,,0.0,1033
3257,HIV,,,0.0,5363
3258,HIV,,,0.0,1213
3259,HIV,,,0.0,9200
3260,HIV,,,0.0,14043
3261,HIV,,,0.0,1214
3262,HIV,,,0.0,1215
3263,HIV,,,0.0,1216
3264,HIV,,,0.0,1217
3265,HIV,,,0.0,1218
3266,HIV,,,0.0,1219
3267,HIV,,,1.0,1444
3268,HIV,,,0.0,1220
3269,HIV,,,0.0,1607
3270,HIV,,,0.0,1729
3271,HIV,,,0.0,1221
3272,HIV,,,0.0,32
3273,HIV,,,0.0,32
3274,HIV,,,0.0,1222
3275,HIV,,,0.0,6991
3276,HIV,,,0.0,6991
3277,HIV,,,0.0,1223
3278,HIV,,,0.0,1224
3279,HIV,,,0.0,1729
3280,HIV,,,0.0,1225
3281,HIV,,,0.0,9176
3282,HIV,,,0.0,1226
3283,HIV,,,0.0,1116
3284,HIV,,,0.0,8982
3285,HIV,,,0.0,8982
3286,HIV,,,0.0,1227
3287,HIV,,,0.0,6991
3288,HIV,,,0.0,1228
3289,HIV,,,0.0,1229
3290,HIV,,,0.0,831
3291,HIV,,,1.0,434
3292,HIV,,,0.0,343
3293,HIV,,,0.0,1230
3294,HIV,,,0.0,5363
3295,HIV,,,0.0,1729
3296,HIV,,,0.0,2546
3297,HIV,,,0.0,1189
3298,HIV,,,0.0,5363
3299,HIV,,,1.0,1231
3300,HIV,,,0.0,2546
3301,HIV,,,0.0,1232
3302,HIV,,,0.0,1233
3303,HIV,,,0.0,1236
3304,HIV,,,0.0,1234
3305,HIV,,,0.0,1235
3306,HIV,,,0.0,1236
3307,HIV,,,0.0,696
3308,HIV,,,0.0,2604
3309,HIV,,,0.0,1237
3310,HIV,,,1.0,831
3311,HIV,,,0.0,1238
3312,HIV,,,0.0,1239
3313,HIV,,,0.0,1240
3314,HIV,,,0.0,1701
3315,HIV,,,0.0,1701
3316,HIV,,,0.0,1241
3317,HIV,,,0.0,1729
3318,HIV,,,0.0,7337
3319,HIV,,,0.0,1242
3320,HIV,,,0.0,1243
3321,HIV,,,0.0,11950
3322,HIV,,,0.0,3279
3323,HIV,,,0.0,1244
3324,HIV,,,0.0,1245
3325,HIV,,,0.0,8526
3326,HIV,,,0.0,1246
3327,HIV,,,0.0,1247
3328,HIV,,,0.0,8526
3329,HIV,,,0.0,1248
3330,HIV,,,0.0,5718
3331,HIV,,,0.0,1249
3332,HIV,,,0.0,1250
3333,HIV,,,0.0,7356
3334,HIV,,,0.0,5363
3335,HIV,,,0.0,441
3336,HIV,,,0.0,7388
3337,HIV,,,0.0,5597
3338,HIV,,,0.0,1251
3339,HIV,,,0.0,2651
3340,HIV,,,0.0,1252
3341,HIV,,,0.0,7337
3342,HIV,,,0.0,14106
3343,HIV,,,0.0,5363
3344,HIV,,,0.0,1253
3345,HIV,,,0.0,7388
3346,HIV,,,0.0,7388
3347,HIV,,,0.0,3034
3348,HIV,,,0.0,5718
3349,HIV,,,0.0,1254
3350,HIV,,,0.0,1254
3351,HIV,,,0.0,9512
3352,HIV,,,0.0,1255
3353,HIV,,,0.0,1256
3354,HIV,,,0.0,3309
3355,HIV,,,0.0,1257
3356,HIV,,,0.0,1203
3357,HIV,,,0.0,1258
3358,HIV,,,0.0,1259
3359,HIV,,,0.0,1260
3360,HIV,,,0.0,1016
3361,HIV,,,0.0,1016
3362,HIV,,,0.0,5597
3363,HIV,,,0.0,3029
3364,HIV,,,0.0,8211
3365,HIV,,,0.0,7436
3366,HIV,,,0.0,1261
3367,HIV,,,0.0,1262
3368,HIV,,,0.0,1263
3369,HIV,,,0.0,1264
3370,HIV,,,0.0,8959
3371,HIV,,,1.0,5165
3372,HIV,,,0.0,1265
3373,HIV,,,0.0,1266
3374,HIV,,,0.0,1266
3375,HIV,,,0.0,1729
3376,HIV,,,0.0,5597
3377,HIV,,,0.0,8982
3378,HIV,,,0.0,1267
3379,HIV,,,0.0,1267
3380,HIV,,,0.0,1729
3381,HIV,,,0.0,1729
3382,HIV,,,0.0,1268
3383,HIV,,,0.0,1268
3384,HIV,,,0.0,5363
3385,HIV,,,0.0,5363
3386,HIV,,,0.0,3279
3387,HIV,,,0.0,1269
3388,HIV,,,0.0,32
3389,HIV,,,0.0,14106
3390,HIV,,,0.0,1270
3391,HIV,,,0.0,8526
3392,HIV,,,0.0,8526
3393,HIV,,,0.0,1271
3394,HIV,,,1.0,7388
3395,HIV,,,0.0,7388
3396,HIV,,,0.0,7388
3397,HIV,,,0.0,1272
3398,HIV,,,0.0,8959
3399,HIV,,,0.0,1273
3400,HIV,,,0.0,7054
3401,HIV,,,0.0,1274
3402,HIV,,,0.0,1275
3403,HIV,,,0.0,1276
3404,HIV,,,0.0,1322
3405,HIV,,,0.0,9512
3406,HIV,,,0.0,1277
3407,HIV,,,0.0,9512
3408,HIV,,,0.0,9512
3409,HIV,,,0.0,3309
3410,HIV,,,0.0,3309
3411,HIV,,,0.0,3309
3412,HIV,,,0.0,6801
3413,HIV,,,0.0,1278
3414,HIV,,,0.0,1278
3415,HIV,,,0.0,91
3416,HIV,,,0.0,1279
3417,HIV,,,0.0,1280
3418,HIV,,,0.0,1280
3419,HIV,,,0.0,1280
3420,HIV,,,0.0,1280
3421,HIV,,,0.0,11053
3422,HIV,,,0.0,45
3423,HIV,,,0.0,14106
3424,HIV,,,0.0,7604
3425,HIV,,,0.0,4548
3426,HIV,,,0.0,1281
3427,HIV,,,0.0,1281
3428,HIV,,,0.0,2546
3429,HIV,,,0.0,2546
3430,HIV,,,0.0,2546
3431,HIV,,,0.0,45
3432,HIV,,,0.0,1282
3433,HIV,,,0.0,1283
3434,HIV,,,0.0,1284
3435,HIV,,,0.0,205
3436,HIV,,,0.0,1285
3437,HIV,,,0.0,8959
3438,HIV,,,0.0,1286
3439,HIV,,,0.0,155
3440,HIV,,,0.0,5597
3441,HIV,,,0.0,2546
3442,HIV,,,0.0,2546
3443,HIV,,,0.0,7700
3444,HIV,,,0.0,2546
3445,HIV,,,0.0,1287
3446,HIV,,,0.0,1288
3447,HIV,,,0.0,1289
3448,HIV,,,0.0,1290
3449,HIV,,,0.0,2546
3450,HIV,,,0.0,1291
3451,HIV,,,0.0,1291
3452,HIV,,,0.0,13419
3453,HIV,,,0.0,1292
3454,HIV,,,0.0,604
3455,HIV,,,0.0,1293
3456,HIV,,,0.0,6991
3457,HIV,,,0.0,10624
3458,HIV,,,0.0,1294
3459,HIV,,,0.0,1294
3460,HIV,,,0.0,4202
3461,HIV,,,0.0,1828
3462,HIV,,,0.0,1295
3463,HIV,,,0.0,14106
3464,HIV,,,0.0,14106
3465,HIV,,,0.0,343
3466,HIV,,,0.0,2546
3467,HIV,,,0.0,7388
3468,HIV,,,0.0,7388
3469,HIV,,,0.0,6583
3470,HIV,,,0.0,1296
3471,HIV,,,0.0,13419
3472,HIV,,,0.0,8272
3473,HIV,,,0.0,1297
3474,HIV,,,0.0,4885
3475,HIV,,,0.0,14106
3476,HIV,,,0.0,1298
3477,HIV,,,0.0,1299
3478,HIV,,,0.0,1300
3479,HIV,,,0.0,1301
3480,HIV,,,0.0,5
3481,HIV,,,0.0,1302
3482,HIV,,,0.0,1303
3483,HIV,,,0.0,1304
3484,HIV,,,0.0,1305
3485,HIV,,,0.0,1306
3486,HIV,,,0.0,1307
3487,HIV,,,0.0,4202
3488,HIV,,,0.0,2546
3489,HIV,,,0.0,1089
3490,HIV,,,0.0,1308
3491,HIV,,,0.0,1309
3492,HIV,,,0.0,1310
3493,HIV,,,0.0,1311
3494,HIV,,,0.0,1312
3495,HIV,,,0.0,1016
3496,HIV,,,0.0,1313
3497,HIV,,,0.0,7388
3498,HIV,,,0.0,1314
3499,HIV,,,0.0,1289
3500,HIV,,,0.0,1315
3501,HIV,,,0.0,1316
3502,HIV,,,1.0,831
3503,HIV,,,1.0,831
3504,HIV,,,0.0,1317
3505,HIV,,,0.0,9512
3506,HIV,,,0.0,1318
3507,HIV,,,0.0,1464
3508,HIV,,,0.0,1319
3509,HIV,,,0.0,5363
3510,HIV,,,0.0,1319
3511,HIV,,,0.0,5363
3512,HIV,,,0.0,5718
3513,HIV,,,0.0,1320
3514,HIV,,,0.0,1321
3515,HIV,,,0.0,1321
3516,HIV,,,0.0,7814
3517,HIV,,,0.0,1322
3518,HIV,,,0.0,1729
3519,HIV,,,0.0,1323
3520,HIV,,,0.0,1324
3521,HIV,,,0.0,1325
3522,HIV,,,0.0,1326
3523,HIV,,,0.0,1327
3524,HIV,,,0.0,1328
3525,HIV,,,0.0,604
3526,HIV,,,0.0,1329
3527,HIV,,,0.0,1330
3528,HIV,,,0.0,2546
3529,HIV,,,0.0,1331
3530,HIV,,,0.0,1331
3531,HIV,,,0.0,1332
3532,HIV,,,0.0,2032
3533,HIV,,,0.0,6801
3534,HIV,,,0.0,1333
3535,HIV,,,1.0,5597
3536,HIV,,,0.0,5597
3537,HIV,,,0.0,11756
3538,HIV,,,0.0,1334
3539,HIV,,,0.0,1335
3540,HIV,,,1.0,1231
3541,HIV,,,0.0,1231
3542,HIV,,,0.0,5363
3543,HIV,,,0.0,11358
3544,HIV,,,0.0,11358
3545,HIV,,,0.0,1336
3546,HIV,,,0.0,1363
3547,HIV,,,0.0,5747
3548,HIV,,,0.0,1337
3549,HIV,,,0.0,820
3550,HIV,,,0.0,205
3551,HIV,,,0.0,5363
3552,HIV,,,0.0,1016
3553,HIV,,,0.0,1016
3554,HIV,,,0.0,434
3555,HIV,,,0.0,1338
3556,HIV,,,0.0,1339
3557,HIV,,,0.0,1340
3558,HIV,,,0.0,5718
3559,HIV,,,0.0,13815
3560,HIV,,,0.0,5363
3561,HIV,,,0.0,1341
3562,HIV,,,0.0,11180
3563,HIV,,,0.0,5165
3564,HIV,,,0.0,604
3565,HIV,,,0.0,1342
3566,HIV,,,0.0,1343
3567,HIV,,,0.0,7604
3568,HIV,,,0.0,1344
3569,HIV,,,0.0,1344
3570,HIV,,,0.0,5747
3571,HIV,,,0.0,1345
3572,HIV,,,0.0,1346
3573,HIV,,,0.0,1347
3574,HIV,,,0.0,1348
3575,HIV,,,0.0,1349
3576,HIV,,,0.0,1350
3577,HIV,,,0.0,1351
3578,HIV,,,0.0,1352
3579,HIV,,,0.0,1353
3580,HIV,,,0.0,1354
3581,HIV,,,0.0,6801
3582,HIV,,,0.0,1355
3583,HIV,,,0.0,1356
3584,HIV,,,0.0,1357
3585,HIV,,,0.0,2546
3586,HIV,,,0.0,6801
3587,HIV,,,0.0,6801
3588,HIV,,,0.0,1358
3589,HIV,,,0.0,1359
3590,HIV,,,0.0,1360
3591,HIV,,,0.0,1361
3592,HIV,,,0.0,1362
3593,HIV,,,0.0,1363
3594,HIV,,,0.0,11358
3595,HIV,,,0.0,1364
3596,HIV,,,0.0,11358
3597,HIV,,,0.0,11358
3598,HIV,,,0.0,1363
3599,HIV,,,0.0,1365
3600,HIV,,,0.0,11358
3601,HIV,,,0.0,11358
3602,HIV,,,0.0,1366
3603,HIV,,,0.0,11358
3604,HIV,,,0.0,1367
3605,HIV,,,0.0,1368
3606,HIV,,,0.0,1369
3607,HIV,,,0.0,5597
3608,HIV,,,0.0,7356
3609,HIV,,,0.0,13948
3610,HIV,,,0.0,7337
3611,HIV,,,0.0,11358
3612,HIV,,,0.0,11358
3613,HIV,,,0.0,1365
3614,HIV,,,0.0,11358
3615,HIV,,,0.0,11358
3616,HIV,,,0.0,1370
3617,HIV,,,0.0,1371
3618,HIV,,,0.0,1372
3619,HIV,,,0.0,7356
3620,HIV,,,0.0,1373
3621,HIV,,,0.0,1374
3622,HIV,,,0.0,3891
3623,HIV,,,0.0,1375
3624,HIV,,,0.0,5363
3625,HIV,,,0.0,1991
3626,HIV,,,0.0,1991
3627,HIV,,,0.0,10390
3628,HIV,,,0.0,1991
3629,HIV,,,0.0,1376
3630,HIV,,,0.0,1991
3631,HIV,,,0.0,1377
3632,HIV,,,0.0,1991
3633,HIV,,,0.0,1729
3634,HIV,,,0.0,1378
3635,HIV,,,0.0,5165
3636,HIV,,,0.0,5597
3637,HIV,,,0.0,1379
3638,HIV,,,0.0,1380
3639,HIV,,,0.0,1258
3640,HIV,,,0.0,1203
3641,HIV,,,0.0,1381
3642,HIV,,,0.0,10676
3643,HIV,,,0.0,7611
3644,HIV,,,0.0,1382
3645,HIV,,,0.0,7388
3646,HIV,,,0.0,1383
3647,HIV,,,0.0,5597
3648,HIV,,,0.0,1384
3649,HIV,,,0.0,1384
3650,HIV,,,0.0,1385
3651,HIV,,,0.0,1386
3652,HIV,,,0.0,1387
3653,HIV,,,0.0,1388
3654,HIV,,,0.0,5992
3655,HIV,,,0.0,5165
3656,HIV,,,0.0,1389
3657,HIV,,,0.0,5718
3658,HIV,,,0.0,5363
3659,HIV,,,0.0,1390
3660,HIV,,,0.0,2546
3661,HIV,,,0.0,1391
3662,HIV,,,0.0,1392
3663,HIV,,,0.0,6433
3664,HIV,,,0.0,6433
3665,HIV,,,0.0,1393
3666,HIV,,,0.0,1394
3667,HIV,,,0.0,1395
3668,HIV,,,0.0,7591
3669,HIV,,,0.0,1396
3670,HIV,,,0.0,1397
3671,HIV,,,0.0,1398
3672,HIV,,,0.0,3021
3673,HIV,,,0.0,156
3674,HIV,,,0.0,1399
3675,HIV,,,0.0,1400
3676,HIV,,,0.0,1401
3677,HIV,,,0.0,1402
3678,HIV,,,0.0,2236
3679,HIV,,,0.0,1403
3680,HIV,,,0.0,5363
3681,HIV,,,0.0,1404
3682,HIV,,,0.0,1405
3683,HIV,,,0.0,1016
3684,HIV,,,0.0,1406
3685,HIV,,,0.0,3993
3686,HIV,,,0.0,1407
3687,HIV,,,0.0,1408
3688,HIV,,,0.0,1409
3689,HIV,,,0.0,1410
3690,HIV,,,0.0,5501
3691,HIV,,,0.0,12387
3692,HIV,,,0.0,1411
3693,HIV,,,0.0,1412
3694,HIV,,,0.0,5992
3695,HIV,,,0.0,1413
3696,HIV,,,0.0,6663
3697,HIV,,,0.0,1414
3698,HIV,,,0.0,10835
3699,HIV,,,0.0,10835
3700,HIV,,,0.0,10835
3701,HIV,,,0.0,1415
3702,HIV,,,0.0,1416
3703,HIV,,,0.0,8392
3704,HIV,,,0.0,2502
3705,HIV,,,0.0,98
3706,HIV,,,0.0,1325
3707,HIV,,,0.0,1919
3708,HIV,,,0.0,1417
3709,HIV,,,0.0,9883
3710,HIV,,,0.0,1418
3711,HIV,,,0.0,1863
3712,HIV,,,0.0,3030
3713,HIV,,,0.0,1419
3714,HIV,,,0.0,1420
3715,HIV,,,0.0,1421
3716,HIV,,,0.0,1422
3717,HIV,,,0.0,1016
3718,HIV,,,0.0,3453
3719,HIV,,,0.0,7016
3720,HIV,,,0.0,1423
3721,HIV,,,0.0,1424
3722,HIV,,,0.0,2546
3723,HIV,,,0.0,1425
3724,HIV,,,0.0,5363
3725,HIV,,,0.0,8959
3726,HIV,,,0.0,5597
3727,HIV,,,0.0,1426
3728,HIV,,,0.0,1427
3729,HIV,,,0.0,831
3730,HIV,,,0.0,831
3731,HIV,,,0.0,1428
3732,HIV,,,0.0,1429
3733,HIV,,,0.0,1430
3734,HIV,,,0.0,2417
3735,HIV,,,0.0,1431
3736,HIV,,,0.0,1436
3737,HIV,,,0.0,1432
3738,HIV,,,0.0,1328
3739,HIV,,,0.0,1433
3740,HIV,,,0.0,1434
3741,HIV,,,0.0,1435
3742,HIV,,,0.0,1436
3743,HIV,,,0.0,1437
3744,HIV,,,0.0,1438
3745,HIV,,,0.0,1439
3746,HIV,,,0.0,1440
3747,HIV,,,0.0,1514
3748,HIV,,,0.0,1441
3749,HIV,,,0.0,1442
3750,HIV,,,0.0,1443
3751,HIV,,,0.0,1444
3752,HIV,,,0.0,1445
3753,HIV,,,0.0,12533
3754,HIV,,,0.0,1444
3755,HIV,,,0.0,1446
3756,HIV,,,0.0,217
3757,HIV,,,0.0,1447
3758,HIV,,,0.0,1448
3759,HIV,,,0.0,1449
3760,HIV,,,0.0,1450
3761,HIV,,,0.0,2473
3762,HIV,,,0.0,2473
3763,HIV,,,0.0,2473
3764,HIV,,,0.0,2473
3765,HIV,,,0.0,2473
3766,HIV,,,0.0,5597
3767,HIV,,,0.0,1451
3768,HIV,,,0.0,1452
3769,HIV,,,0.0,1729
3770,HIV,,,0.0,5363
3771,HIV,,,0.0,1453
3772,HIV,,,0.0,1454
3773,HIV,,,0.0,1455
3774,HIV,,,0.0,1455
3775,HIV,,,0.0,1456
3776,HIV,,,0.0,1189
3777,HIV,,,0.0,1189
3778,HIV,,,0.0,1189
3779,HIV,,,0.0,5363
3780,HIV,,,0.0,1457
3781,HIV,,,0.0,1458
3782,HIV,,,0.0,1448
3783,HIV,,,0.0,1459
3784,HIV,,,0.0,1460
3785,HIV,,,0.0,1461
3786,HIV,,,0.0,5165
3787,HIV,,,0.0,2546
3788,HIV,,,0.0,1462
3789,HIV,,,0.0,7132
3790,HIV,,,0.0,1464
3791,HIV,,,0.0,1464
3792,HIV,,,0.0,1463
3793,HIV,,,0.0,1464
3794,HIV,,,0.0,2546
3795,HIV,,,0.0,1464
3796,HIV,,,0.0,1464
3797,HIV,,,0.0,2546
3798,HIV,,,0.0,2546
3799,HIV,,,0.0,1464
3800,HIV,,,0.0,2546
3801,HIV,,,0.0,1464
3802,HIV,,,0.0,1464
3803,HIV,,,0.0,2546
3804,HIV,,,0.0,2546
3805,HIV,,,0.0,3309
3806,HIV,,,0.0,5055
3807,HIV,,,0.0,3309
3808,HIV,,,0.0,3309
3809,HIV,,,0.0,13815
3810,HIV,,,0.0,7644
3811,HIV,,,0.0,5718
3812,HIV,,,0.0,1465
3813,HIV,,,1.0,9352
3814,HIV,,,0.0,9352
3815,HIV,,,0.0,9352
3816,HIV,,,0.0,9352
3817,HIV,,,0.0,1466
3818,HIV,,,0.0,9547
3819,HIV,,,0.0,1467
3820,HIV,,,0.0,1468
3821,HIV,,,0.0,2546
3822,HIV,,,0.0,1469
3823,HIV,,,0.0,862
3824,HIV,,,0.0,7356
3825,HIV,,,0.0,7356
3826,HIV,,,0.0,2269
3827,HIV,,,0.0,1016
3828,HIV,,,0.0,1470
3829,HIV,,,0.0,343
3830,HIV,,,0.0,7388
3831,HIV,,,0.0,1471
3832,HIV,,,0.0,1471
3833,HIV,,,0.0,1472
3834,HIV,,,0.0,343
3835,HIV,,,0.0,8348
3836,HIV,,,0.0,1473
3837,HIV,,,0.0,1474
3838,HIV,,,0.0,1475
3839,HIV,,,0.0,2546
3840,HIV,,,0.0,1476
3841,HIV,,,0.0,1477
3842,HIV,,,0.0,1478
3843,HIV,,,0.0,7611
3844,HIV,,,0.0,1479
3845,HIV,,,0.0,1480
3846,HIV,,,0.0,1481
3847,HIV,,,0.0,11950
3848,HIV,,,0.0,1482
3849,HIV,,,0.0,1483
3850,HIV,,,0.0,11358
3851,HIV,,,0.0,5501
3852,HIV,,,0.0,5501
3853,HIV,,,0.0,1484
3854,HIV,,,0.0,1502
3855,HIV,,,0.0,7388
3856,HIV,,,0.0,3309
3857,HIV,,,0.0,10400
3858,HIV,,,0.0,1485
3859,HIV,,,0.0,1486
3860,HIV,,,0.0,1487
3861,HIV,,,0.0,11
3862,HIV,,,0.0,1488
3863,HIV,,,0.0,1488
3864,HIV,,,0.0,1489
3865,HIV,,,0.0,5363
3866,HIV,,,0.0,9512
3867,HIV,,,0.0,9512
3868,HIV,,,0.0,2434
3869,HIV,,,0.0,8959
3870,HIV,,,0.0,8959
3871,HIV,,,0.0,1490
3872,HIV,,,0.0,1491
3873,HIV,,,0.0,1492
3874,HIV,,,0.0,1493
3875,HIV,,,0.0,1494
3876,HIV,,,0.0,1495
3877,HIV,,,0.0,99
3878,HIV,,,0.0,7611
3879,HIV,,,0.0,1496
3880,HIV,,,0.0,1497
3881,HIV,,,0.0,1498
3882,HIV,,,0.0,5363
3883,HIV,,,0.0,5363
3884,HIV,,,0.0,5363
3885,HIV,,,0.0,1189
3886,HIV,,,0.0,1189
3887,HIV,,,0.0,1499
3888,HIV,,,0.0,5165
3889,HIV,,,0.0,6441
3890,HIV,,,0.0,1500
3891,HIV,,,0.0,1501
3892,HIV,,,0.0,1502
3893,HIV,,,0.0,2135
3894,HIV,,,1.0,831
3895,HIV,,,0.0,1503
3896,HIV,,,0.0,3021
3897,HIV,,,0.0,3021
3898,HIV,,,0.0,7604
3899,HIV,,,0.0,1504
3900,HIV,,,0.0,1505
3901,HIV,,,0.0,1506
3902,HIV,,,0.0,8015
3903,HIV,,,0.0,1507
3904,HIV,,,0.0,1508
3905,HIV,,,0.0,5165
3906,HIV,,,0.0,1509
3907,HIV,,,0.0,1701
3908,HIV,,,0.0,3279
3909,HIV,,,0.0,1510
3910,HIV,,,0.0,1511
3911,HIV,,,0.0,1512
3912,HIV,,,0.0,1513
3913,HIV,,,0.0,441
3914,HIV,,,0.0,3021
3915,HIV,,,0.0,1514
3916,HIV,,,0.0,1515
3917,HIV,,,0.0,5747
3918,HIV,,,0.0,1516
3919,HIV,,,0.0,1517
3920,HIV,,,0.0,1518
3921,HIV,,,0.0,5597
3922,HIV,,,0.0,1519
3923,HIV,,,0.0,3279
3924,HIV,,,0.0,1520
3925,HIV,,,0.0,1729
3926,HIV,,,0.0,10138
3927,HIV,,,0.0,5363
3928,HIV,,,0.0,3254
3929,HIV,,,0.0,2546
3930,HIV,,,0.0,6441
3931,HIV,,,0.0,5165
3932,HIV,,,0.0,1521
3933,HIV,,,0.0,1487
3934,HIV,,,0.0,3279
3935,HIV,,,0.0,1522
3936,HIV,,,0.0,5359
3937,HIV,,,0.0,1523
3938,HIV,,,0.0,1524
3939,HIV,,,0.0,1525
3940,HIV,,,0.0,1526
3941,HIV,,,0.0,7352
3942,HIV,,,0.0,2240
3943,HIV,,,0.0,1527
3944,HIV,,,0.0,1528
3945,HIV,,,0.0,1529
3946,HIV,,,0.0,3279
3947,HIV,,,0.0,1530
3948,HIV,,,0.0,14106
3949,HIV,,,0.0,1531
3950,HIV,,,0.0,3279
3951,HIV,,,0.0,5165
3952,HIV,,,0.0,1532
3953,HIV,,,0.0,7356
3954,HIV,,,0.0,1729
3955,HIV,,,0.0,1533
3956,HIV,,,0.0,1534
3957,HIV,,,0.0,1535
3958,HIV,,,0.0,13815
3959,HIV,,,0.0,1536
3960,HIV,,,0.0,1537
3961,HIV,,,0.0,1538
3962,HIV,,,0.0,13419
3963,HIV,,,0.0,1539
3964,HIV,,,0.0,5363
3965,HIV,,,0.0,1016
3966,HIV,,,0.0,1189
3967,HIV,,,0.0,5363
3968,HIV,,,0.0,5363
3969,HIV,,,0.0,1540
3970,HIV,,,0.0,3279
3971,HIV,,,0.0,3279
3972,HIV,,,0.0,3279
3973,HIV,,,0.0,1541
3974,HIV,,,0.0,1016
3975,HIV,,,0.0,1016
3976,HIV,,,0.0,1542
3977,HIV,,,0.0,1543
3978,HIV,,,0.0,1444
3979,HIV,,,0.0,217
3980,HIV,,,0.0,7405
3981,HIV,,,0.0,12690
3982,HIV,,,0.0,9223
3983,HIV,,,0.0,9223
3984,HIV,,,0.0,1544
3985,HIV,,,0.0,1545
3986,HIV,,,0.0,12145
3987,HIV,,,0.0,1546
3988,HIV,,,0.0,1547
3989,HIV,,,0.0,2546
3990,HIV,,,0.0,8959
3991,HIV,,,0.0,1548
3992,HIV,,,0.0,1549
3993,HIV,,,0.0,1550
3994,HIV,,,0.0,1551
3995,HIV,,,0.0,4202
3996,HIV,,,0.0,10279
3997,HIV,,,0.0,1552
3998,HIV,,,0.0,1553
3999,HIV,,,0.0,1554
4000,HIV,,,0.0,1554
4001,HIV,,,0.0,1318
4002,HIV,,,1.0,35
4003,HIV,,,0.0,1555
4004,HIV,,,0.0,5528
4005,HIV,,,0.0,1556
4006,HIV,,,0.0,1557
4007,HIV,,,0.0,1558
4008,HIV,,,0.0,1559
4009,HIV,,,0.0,5597
4010,HIV,,,0.0,1560
4011,HIV,,,0.0,597
4012,HIV,,,0.0,7388
4013,HIV,,,0.0,1561
4014,HIV,,,0.0,1562
4015,HIV,,,0.0,1563
4016,HIV,,,0.0,1729
4017,HIV,,,0.0,343
4018,HIV,,,0.0,1564
4019,HIV,,,0.0,1565
4020,HIV,,,0.0,12633
4021,HIV,,,0.0,1566
4022,HIV,,,0.0,5747
4023,HIV,,,0.0,1729
4024,HIV,,,0.0,1729
4025,HIV,,,0.0,1567
4026,HIV,,,0.0,2546
4027,HIV,,,0.0,7591
4028,HIV,,,0.0,5992
4029,HIV,,,0.0,1568
4030,HIV,,,0.0,1568
4031,HIV,,,1.0,1568
4032,HIV,,,0.0,1569
4033,HIV,,,0.0,2473
4034,HIV,,,0.0,7810
4035,HIV,,,0.0,5363
4036,HIV,,,0.0,2473
4037,HIV,,,0.0,1570
4038,HIV,,,0.0,11814
4039,HIV,,,0.0,2473
4040,HIV,,,0.0,2473
4041,HIV,,,0.0,2473
4042,HIV,,,0.0,2473
4043,HIV,,,0.0,2473
4044,HIV,,,0.0,843
4045,HIV,,,0.0,1571
4046,HIV,,,0.0,3021
4047,HIV,,,0.0,1572
4048,HIV,,,0.0,1729
4049,HIV,,,0.0,1016
4050,HIV,,,0.0,7604
4051,HIV,,,0.0,1573
4052,HIV,,,0.0,1574
4053,HIV,,,0.0,8959
4054,HIV,,,0.0,1575
4055,HIV,,,0.0,1576
4056,HIV,,,0.0,1577
4057,HIV,,,0.0,1577
4058,HIV,,,0.0,1578
4059,HIV,,,0.0,1579
4060,HIV,,,0.0,1580
4061,HIV,,,0.0,1120
4062,HIV,,,0.0,1581
4063,HIV,,,0.0,7591
4064,HIV,,,0.0,1582
4065,HIV,,,0.0,7356
4066,HIV,,,0.0,1583
4067,HIV,,,0.0,1584
4068,HIV,,,0.0,5363
4069,HIV,,,0.0,1585
4070,HIV,,,0.0,358
4071,HIV,,,0.0,5363
4072,HIV,,,0.0,5363
4073,HIV,,,0.0,5363
4074,HIV,,,0.0,1586
4075,HIV,,,0.0,2030
4076,HIV,,,0.0,19
4077,HIV,,,0.0,1587
4078,HIV,,,0.0,1588
4079,HIV,,,0.0,1589
4080,HIV,,,0.0,1589
4081,HIV,,,0.0,343
4082,HIV,,,0.0,5363
4083,HIV,,,0.0,3021
4084,HIV,,,0.0,14125
4085,HIV,,,0.0,5597
4086,HIV,,,0.0,1590
4087,HIV,,,0.0,8959
4088,HIV,,,0.0,8959
4089,HIV,,,0.0,3383
4090,HIV,,,0.0,597
4091,HIV,,,0.0,1957
4092,HIV,,,0.0,5597
4093,HIV,,,0.0,5597
4094,HIV,,,0.0,5597
4095,HIV,,,0.0,5597
4096,HIV,,,0.0,5597
4097,HIV,,,0.0,11121
4098,HIV,,,0.0,5597
4099,HIV,,,0.0,5597
4100,HIV,,,0.0,7611
4101,HIV,,,0.0,1591
4102,HIV,,,0.0,3021
4103,HIV,,,0.0,8286
4104,HIV,,,0.0,1592
4105,HIV,,,0.0,1593
4106,HIV,,,0.0,1594
4107,HIV,,,0.0,6801
4108,HIV,,,0.0,1595
4109,HIV,,,0.0,5
4110,HIV,,,0.0,1596
4111,HIV,,,0.0,205
4112,HIV,,,0.0,1597
4113,HIV,,,0.0,4202
4114,HIV,,,0.0,1729
4115,HIV,,,0.0,1598
4116,HIV,,,0.0,1599
4117,HIV,,,0.0,1600
4118,HIV,,,0.0,1601
4119,HIV,,,0.0,5363
4120,HIV,,,0.0,1602
4121,HIV,,,0.0,10633
4122,HIV,,,0.0,10633
4123,HIV,,,0.0,1603
4124,HIV,,,0.0,2546
4125,HIV,,,0.0,1604
4126,HIV,,,0.0,3279
4127,HIV,,,0.0,3279
4128,HIV,,,0.0,3279
4129,HIV,,,0.0,3279
4130,HIV,,,0.0,3279
4131,HIV,,,0.0,4557
4132,HIV,,,0.0,1605
4133,HIV,,,0.0,14106
4134,HIV,,,0.0,3593
4135,HIV,,,0.0,1606
4136,HIV,,,0.0,1607
4137,HIV,,,0.0,1608
4138,HIV,,,0.0,1609
4139,HIV,,,0.0,5165
4140,HIV,,,0.0,3309
4141,HIV,,,0.0,1610
4142,HIV,,,0.0,1611
4143,HIV,,,0.0,1612
4144,HIV,,,0.0,1613
4145,HIV,,,0.0,1614
4146,HIV,,,1.0,1615
4147,HIV,,,0.0,10400
4148,HIV,,,0.0,1614
4149,HIV,,,0.0,3279
4150,HIV,,,0.0,2527
4151,HIV,,,0.0,3138
4152,HIV,,,1.0,12505
4153,HIV,,,0.0,6801
4154,HIV,,,0.0,8959
4155,HIV,,,0.0,156
4156,HIV,,,0.0,9462
4157,HIV,,,0.0,2604
4158,HIV,,,0.0,5363
4159,HIV,,,0.0,5363
4160,HIV,,,0.0,5363
4161,HIV,,,0.0,3279
4162,HIV,,,0.0,3279
4163,HIV,,,0.0,13419
4164,HIV,,,0.0,1616
4165,HIV,,,0.0,14106
4166,HIV,,,0.0,1617
4167,HIV,,,0.0,1618
4168,HIV,,,0.0,1618
4169,HIV,,,0.0,1619
4170,HIV,,,0.0,1581
4171,HIV,,,0.0,3279
4172,HIV,,,0.0,10835
4173,HIV,,,0.0,10835
4174,HIV,,,0.0,10835
4175,HIV,,,0.0,1620
4176,HIV,,,0.0,2546
4177,HIV,,,0.0,1621
4178,HIV,,,0.0,1622
4179,HIV,,,0.0,11358
4180,HIV,,,0.0,3021
4181,HIV,,,0.0,1623
4182,HIV,,,0.0,1624
4183,HIV,,,0.0,343
4184,HIV,,,0.0,1913
4185,HIV,,,0.0,1625
4186,HIV,,,0.0,8392
4187,HIV,,,0.0,1626
4188,HIV,,,0.0,5165
4189,HIV,,,0.0,5
4190,HIV,,,0.0,356
4191,HIV,,,0.0,5363
4192,HIV,,,0.0,5363
4193,HIV,,,0.0,5363
4194,HIV,,,0.0,5363
4195,HIV,,,0.0,10390
4196,HIV,,,0.0,5363
4197,HIV,,,1.0,1627
4198,HIV,,,0.0,5363
4199,HIV,,,0.0,10390
4200,HIV,,,0.0,6801
4201,HIV,,,0.0,1628
4202,HIV,,,0.0,5424
4203,HIV,,,0.0,5718
4204,HIV,,,0.0,10400
4205,HIV,,,0.0,1695
4206,HIV,,,0.0,1629
4207,HIV,,,0.0,1630
4208,HIV,,,0.0,1630
4209,HIV,,,0.0,1630
4210,HIV,,,0.0,1630
4211,HIV,,,0.0,1630
4212,HIV,,,0.0,1630
4213,HIV,,,0.0,1630
4214,HIV,,,0.0,1631
4215,HIV,,,0.0,1631
4216,HIV,,,0.0,1631
4217,HIV,,,0.0,1631
4218,HIV,,,0.0,1631
4219,HIV,,,0.0,1631
4220,HIV,,,0.0,1631
4221,HIV,,,0.0,10746
4222,HIV,,,0.0,7644
4223,HIV,,,0.0,3279
4224,HIV,,,0.0,7337
4225,HIV,,,0.0,1632
4226,HIV,,,0.0,1633
4227,HIV,,,0.0,1634
4228,HIV,,,0.0,1635
4229,HIV,,,0.0,5441
4230,HIV,,,0.0,1729
4231,HIV,,,0.0,1636
4232,HIV,,,0.0,1637
4233,HIV,,,0.0,8959
4234,HIV,,,0.0,8959
4235,HIV,,,0.0,1729
4236,HIV,,,0.0,1638
4237,HIV,,,0.0,1639
4238,HIV,,,0.0,19
4239,HIV,,,0.0,1640
4240,HIV,,,0.0,1641
4241,HIV,,,0.0,1642
4242,HIV,,,0.0,1642
4243,HIV,,,0.0,1643
4244,HIV,,,0.0,820
4245,HIV,,,0.0,1644
4246,HIV,,,0.0,1645
4247,HIV,,,0.0,9512
4248,HIV,,,0.0,2546
4249,HIV,,,0.0,1646
4250,HIV,,,0.0,1646
4251,HIV,,,0.0,7591
4252,HIV,,,0.0,1647
4253,HIV,,,0.0,2546
4254,HIV,,,0.0,1648
4255,HIV,,,0.0,5597
4256,HIV,,,0.0,5597
4257,HIV,,,0.0,6991
4258,HIV,,,0.0,1649
4259,HIV,,,0.0,53
4260,HIV,,,0.0,1650
4261,HIV,,,0.0,8526
4262,HIV,,,0.0,2546
4263,HIV,,,1.0,1651
4264,HIV,,,0.0,2178
4265,HIV,,,0.0,1652
4266,HIV,,,0.0,1653
4267,HIV,,,0.0,3021
4268,HIV,,,0.0,3021
4269,HIV,,,0.0,1016
4270,HIV,,,0.0,5363
4271,HIV,,,0.0,1654
4272,HIV,,,0.0,10633
4273,HIV,,,0.0,5886
4274,HIV,,,0.0,1655
4275,HIV,,,0.0,1656
4276,HIV,,,0.0,1657
4277,HIV,,,0.0,1658
4278,HIV,,,0.0,1473
4279,HIV,,,0.0,1659
4280,HIV,,,0.0,1189
4281,HIV,,,0.0,1189
4282,HIV,,,0.0,5363
4283,HIV,,,0.0,1729
4284,HIV,,,0.0,1660
4285,HIV,,,0.0,1660
4286,HIV,,,0.0,11681
4287,HIV,,,0.0,11680
4288,HIV,,,0.0,3689
4289,HIV,,,0.0,5597
4290,HIV,,,0.0,5597
4291,HIV,,,0.0,5597
4292,HIV,,,0.0,5597
4293,HIV,,,0.0,5597
4294,HIV,,,0.0,5597
4295,HIV,,,0.0,5597
4296,HIV,,,0.0,5597
4297,HIV,,,0.0,6801
4298,HIV,,,0.0,5597
4299,HIV,,,0.0,1661
4300,HIV,,,0.0,5597
4301,HIV,,,0.0,5597
4302,HIV,,,0.0,5597
4303,HIV,,,0.0,11437
4304,HIV,,,0.0,10633
4305,HIV,,,0.0,10633
4306,HIV,,,0.0,9384
4307,HIV,,,0.0,1663
4308,HIV,,,0.0,1663
4309,HIV,,,0.0,1662
4310,HIV,,,0.0,1663
4311,HIV,,,0.0,9384
4312,HIV,,,0.0,9384
4313,HIV,,,0.0,6801
4314,HIV,,,0.0,11724
4315,HIV,,,0.0,1664
4316,HIV,,,0.0,13487
4317,HIV,,,0.0,1665
4318,HIV,,,0.0,1729
4319,HIV,,,0.0,1666
4320,HIV,,,0.0,1667
4321,HIV,,,0.0,5363
4322,HIV,,,0.0,1729
4323,HIV,,,0.0,1729
4324,HIV,,,0.0,1729
4325,HIV,,,0.0,1729
4326,HIV,,,0.0,1729
4327,HIV,,,0.0,1729
4328,HIV,,,0.0,1729
4329,HIV,,,0.0,5747
4330,HIV,,,0.0,1668
4331,HIV,,,0.0,7388
4332,HIV,,,0.0,5165
4333,HIV,,,0.0,148
4334,HIV,,,0.0,1669
4335,HIV,,,0.0,1016
4336,HIV,,,0.0,1016
4337,HIV,,,0.0,3279
4338,HIV,,,0.0,3021
4339,HIV,,,0.0,1670
4340,HIV,,,0.0,1670
4341,HIV,,,0.0,1729
4342,HIV,,,0.0,1671
4343,HIV,,,0.0,1672
4344,HIV,,,0.0,1673
4345,HIV,,,0.0,1674
4346,HIV,,,0.0,84
4347,HIV,,,0.0,7604
4348,HIV,,,0.0,7356
4349,HIV,,,0.0,1675
4350,HIV,,,0.0,351
4351,HIV,,,0.0,8959
4352,HIV,,,0.0,8959
4353,HIV,,,0.0,8959
4354,HIV,,,0.0,1676
4355,HIV,,,0.0,1677
4356,HIV,,,0.0,11910
4357,HIV,,,0.0,1729
4358,HIV,,,0.0,5718
4359,HIV,,,0.0,3279
4360,HIV,,,0.0,1678
4361,HIV,,,0.0,1679
4362,HIV,,,0.0,1680
4363,HIV,,,0.0,843
4364,HIV,,,0.0,217
4365,HIV,,,0.0,1681
4366,HIV,,,0.0,5363
4367,HIV,,,0.0,4885
4368,HIV,,,0.0,5597
4369,HIV,,,0.0,5597
4370,HIV,,,0.0,2546
4371,HIV,,,0.0,1682
4372,HIV,,,0.0,1683
4373,HIV,,,0.0,1684
4374,HIV,,,0.0,11502
4375,HIV,,,0.0,11502
4376,HIV,,,0.0,7388
4377,HIV,,,0.0,7388
4378,HIV,,,0.0,5363
4379,HIV,,,0.0,5718
4380,HIV,,,0.0,3309
4381,HIV,,,0.0,1685
4382,HIV,,,0.0,10027
4383,HIV,,,0.0,1686
4384,HIV,,,0.0,1687
4385,HIV,,,1.0,1344
4386,HIV,,,0.0,1688
4387,HIV,,,0.0,1688
4388,HIV,,,0.0,1688
4389,HIV,,,0.0,1689
4390,HIV,,,0.0,1729
4391,HIV,,,0.0,4587
4392,HIV,,,0.0,7356
4393,HIV,,,0.0,1690
4394,HIV,,,0.0,1691
4395,HIV,,,0.0,1691
4396,HIV,,,0.0,8959
4397,HIV,,,0.0,604
4398,HIV,,,0.0,1692
4399,HIV,,,0.0,343
4400,HIV,,,0.0,13815
4401,HIV,,,0.0,1477
4402,HIV,,,1.0,3279
4403,HIV,,,0.0,1693
4404,HIV,,,0.0,1672
4405,HIV,,,0.0,11950
4406,HIV,,,1.0,441
4407,HIV,,,0.0,1694
4408,HIV,,,0.0,5718
4409,HIV,,,0.0,1695
4410,HIV,,,0.0,1696
4411,HIV,,,1.0,2546
4412,HIV,,,0.0,1695
4413,HIV,,,0.0,3021
4414,HIV,,,0.0,1697
4415,HIV,,,0.0,1698
4416,HIV,,,0.0,205
4417,HIV,,,0.0,1699
4418,HIV,,,0.0,205
4419,HIV,,,0.0,1700
4420,HIV,,,0.0,5597
4421,HIV,,,0.0,5597
4422,HIV,,,0.0,5597
4423,HIV,,,0.0,1701
4424,HIV,,,0.0,8959
4425,HIV,,,0.0,1702
4426,HIV,,,0.0,8392
4427,HIV,,,0.0,1703
4428,HIV,,,0.0,1704
4429,HIV,,,0.0,1705
4430,HIV,,,0.0,4496
4431,HIV,,,0.0,1706
4432,HIV,,,0.0,1707
4433,HIV,,,0.0,5597
4434,HIV,,,0.0,1708
4435,HIV,,,0.0,1709
4436,HIV,,,0.0,1710
4437,HIV,,,0.0,343
4438,HIV,,,0.0,113
4439,HIV,,,0.0,343
4440,HIV,,,0.0,5718
4441,HIV,,,0.0,8959
4442,HIV,,,0.0,2546
4443,HIV,,,0.0,2546
4444,HIV,,,0.0,2546
4445,HIV,,,0.0,1711
4446,HIV,,,0.0,1711
4447,HIV,,,0.0,1711
4448,HIV,,,0.0,1712
4449,HIV,,,0.0,5718
4450,HIV,,,0.0,604
4451,HIV,,,0.0,8959
4452,HIV,,,0.0,1713
4453,HIV,,,0.0,7388
4454,HIV,,,0.0,1714
4455,HIV,,,0.0,12533
4456,HIV,,,1.0,11053
4457,HIV,,,0.0,1715
4458,HIV,,,0.0,5718
4459,HIV,,,0.0,6801
4460,HIV,,,0.0,1716
4461,HIV,,,0.0,1716
4462,HIV,,,0.0,1716
4463,HIV,,,0.0,1717
4464,HIV,,,0.0,1717
4465,HIV,,,0.0,1718
4466,HIV,,,0.0,1719
4467,HIV,,,0.0,1720
4468,HIV,,,0.0,8959
4469,HIV,,,0.0,1721
4470,HIV,,,0.0,1722
4471,HIV,,,0.0,6801
4472,HIV,,,0.0,1723
4473,HIV,,,0.0,271
4474,HIV,,,0.0,3205
4475,HIV,,,0.0,7356
4476,HIV,,,0.0,820
4477,HIV,,,0.0,1724
4478,HIV,,,0.0,11
4479,HIV,,,0.0,1725
4480,HIV,,,0.0,7337
4481,HIV,,,0.0,1726
4482,HIV,,,0.0,1727
4483,HIV,,,0.0,1726
4484,HIV,,,0.0,1727
4485,HIV,,,0.0,2546
4486,HIV,,,0.0,1728
4487,HIV,,,0.0,7388
4488,HIV,,,0.0,1124
4489,HIV,,,0.0,1729
4490,HIV,,,0.0,1729
4491,HIV,,,0.0,5597
4492,HIV,,,0.0,5597
4493,HIV,,,0.0,5597
4494,HIV,,,0.0,5597
4495,HIV,,,0.0,5597
4496,HIV,,,0.0,5597
4497,HIV,,,0.0,5718
4498,HIV,,,0.0,7388
4499,HIV,,,0.0,4556
4500,HIV,,,0.0,4556
4501,HIV,,,0.0,1752
4502,HIV,,,0.0,13419
4503,HIV,,,0.0,2546
4504,HIV,,,0.0,2546
4505,HIV,,,1.0,2546
4506,HIV,,,0.0,7604
4507,HIV,,,0.0,2546
4508,HIV,,,0.0,2546
4509,HIV,,,0.0,2546
4510,HIV,,,0.0,1695
4511,HIV,,,0.0,2546
4512,HIV,,,0.0,5747
4513,HIV,,,0.0,14106
4514,HIV,,,0.0,604
4515,HIV,,,0.0,1730
4516,HIV,,,0.0,1900
4517,HIV,,,0.0,1731
4518,HIV,,,0.0,1732
4519,HIV,,,0.0,7356
4520,HIV,,,0.0,1733
4521,HIV,,,0.0,2473
4522,HIV,,,0.0,8959
4523,HIV,,,0.0,8959
4524,HIV,,,0.0,14106
4525,HIV,,,0.0,14106
4526,HIV,,,0.0,19
4527,HIV,,,0.0,98
4528,HIV,,,0.0,1016
4529,HIV,,,0.0,343
4530,HIV,,,0.0,6801
4531,HIV,,,0.0,1016
4532,HIV,,,0.0,1016
4533,HIV,,,0.0,1016
4534,HIV,,,0.0,1016
4535,HIV,,,0.0,1016
4536,HIV,,,0.0,5992
4537,HIV,,,0.0,7356
4538,HIV,,,0.0,1734
4539,HIV,,,0.0,1735
4540,HIV,,,0.0,1736
4541,HIV,,,0.0,5363
4542,HIV,,,0.0,1737
4543,HIV,,,0.0,11406
4544,HIV,,,0.0,11406
4545,HIV,,,0.0,1738
4546,HIV,,,0.0,1832
4547,HIV,,,0.0,1729
4548,HIV,,,0.0,1729
4549,HIV,,,0.0,1729
4550,HIV,,,0.0,1729
4551,HIV,,,0.0,1739
4552,HIV,,,0.0,5597
4553,HIV,,,0.0,5992
4554,HIV,,,0.0,1740
4555,HIV,,,0.0,7420
4556,HIV,,,0.0,3021
4557,HIV,,,0.0,5597
4558,HIV,,,0.0,1741
4559,HIV,,,0.0,1741
4560,HIV,,,0.0,1742
4561,HIV,,,0.0,1743
4562,HIV,,,0.0,6801
4563,HIV,,,0.0,5363
4564,HIV,,,0.0,1744
4565,HIV,,,0.0,3279
4566,HIV,,,0.0,3279
4567,HIV,,,0.0,1745
4568,HIV,,,0.0,7337
4569,HIV,,,0.0,7337
4570,HIV,,,0.0,7337
4571,HIV,,,0.0,7337
4572,HIV,,,0.0,7337
4573,HIV,,,0.0,1280
4574,HIV,,,0.0,5597
4575,HIV,,,0.0,343
4576,HIV,,,0.0,5597
4577,HIV,,,0.0,1746
4578,HIV,,,0.0,2546
4579,HIV,,,0.0,183
4580,HIV,,,0.0,5597
4581,HIV,,,0.0,5597
4582,HIV,,,0.0,1729
4583,HIV,,,0.0,5363
4584,HIV,,,0.0,1747
4585,HIV,,,0.0,1747
4586,HIV,,,0.0,1747
4587,HIV,,,0.0,5363
4588,HIV,,,0.0,1748
4589,HIV,,,1.0,155
4590,HIV,,,0.0,5501
4591,HIV,,,0.0,5501
4592,HIV,,,0.0,1749
4593,HIV,,,0.0,1750
4594,HIV,,,0.0,2546
4595,HIV,,,0.0,2546
4596,HIV,,,0.0,1751
4597,HIV,,,0.0,4556
4598,HIV,,,0.0,1752
4599,HIV,,,0.0,4556
4600,HIV,,,0.0,4557
4601,HIV,,,0.0,1605
4602,HIV,,,0.0,4557
4603,HIV,,,0.0,1753
4604,HIV,,,0.0,1754
4605,HIV,,,0.0,1755
4606,HIV,,,0.0,175
4607,HIV,,,0.0,1756
4608,HIV,,,0.0,1757
4609,HIV,,,0.0,1758
4610,HIV,,,0.0,1828
4611,HIV,,,1.0,2546
4612,HIV,,,0.0,2546
4613,HIV,,,0.0,1759
4614,HIV,,,0.0,7388
4615,HIV,,,0.0,497
4616,HIV,,,0.0,1760
4617,HIV,,,0.0,1761
4618,HIV,,,1.0,7356
4619,HIV,,,0.0,1765
4620,HIV,,,0.0,1762
4621,HIV,,,0.0,1765
4622,HIV,,,0.0,1763
4623,HIV,,,0.0,1764
4624,HIV,,,0.0,1765
4625,HIV,,,0.0,5363
4626,HIV,,,0.0,1766
4627,HIV,,,0.0,1767
4628,HIV,,,0.0,1765
4629,HIV,,,0.0,1768
4630,HIV,,,0.0,5363
4631,HIV,,,0.0,5363
4632,HIV,,,0.0,5363
4633,HIV,,,0.0,3309
4634,HIV,,,0.0,7591
4635,HIV,,,0.0,7591
4636,HIV,,,0.0,5363
4637,HIV,,,0.0,5363
4638,HIV,,,0.0,5363
4639,HIV,,,0.0,5363
4640,HIV,,,0.0,5363
4641,HIV,,,0.0,7591
4642,HIV,,,0.0,5363
4643,HIV,,,0.0,7591
4644,HIV,,,0.0,10390
4645,HIV,,,0.0,5363
4646,HIV,,,0.0,13419
4647,HIV,,,0.0,3753
4648,HIV,,,0.0,5363
4649,HIV,,,0.0,5363
4650,HIV,,,0.0,5363
4651,HIV,,,0.0,5363
4652,HIV,,,0.0,1769
4653,HIV,,,0.0,5363
4654,HIV,,,0.0,7772
4655,HIV,,,0.0,5363
4656,HIV,,,0.0,1770
4657,HIV,,,0.0,5363
4658,HIV,,,0.0,5363
4659,HIV,,,0.0,5363
4660,HIV,,,0.0,5363
4661,HIV,,,0.0,5363
4662,HIV,,,0.0,1771
4663,HIV,,,0.0,1771
4664,HIV,,,0.0,1771
4665,HIV,,,0.0,5489
4666,HIV,,,0.0,3309
4667,HIV,,,0.0,5363
4668,HIV,,,0.0,1729
4669,HIV,,,0.0,1772
4670,HIV,,,0.0,1773
4671,HIV,,,0.0,1774
4672,HIV,,,0.0,1775
4673,HIV,,,0.0,8786
4674,HIV,,,0.0,1729
4675,HIV,,,0.0,1729
4676,HIV,,,0.0,1776
4677,HIV,,,0.0,14106
4678,HIV,,,0.0,2049
4679,HIV,,,0.0,12145
4680,HIV,,,0.0,1777
4681,HIV,,,0.0,5501
4682,HIV,,,0.0,1778
4683,HIV,,,0.0,1779
4684,HIV,,,0.0,1780
4685,HIV,,,0.0,1607
4686,HIV,,,0.0,1739
4687,HIV,,,0.0,1781
4688,HIV,,,0.0,1782
4689,HIV,,,0.0,7611
4690,HIV,,,0.0,1783
4691,HIV,,,0.0,1784
4692,HIV,,,0.0,1785
4693,HIV,,,0.0,2002
4694,HIV,,,0.0,1786
4695,HIV,,,0.0,1787
4696,HIV,,,0.0,1788
4697,HIV,,,0.0,5747
4698,HIV,,,0.0,1789
4699,HIV,,,0.0,1790
4700,HIV,,,0.0,1791
4701,HIV,,,0.0,1792
4702,HIV,,,0.0,3279
4703,HIV,,,0.0,3279
4704,HIV,,,0.0,1793
4705,HIV,,,0.0,1794
4706,HIV,,,0.0,1797
4707,HIV,,,0.0,1795
4708,HIV,,,0.0,1795
4709,HIV,,,0.0,1796
4710,HIV,,,0.0,1797
4711,HIV,,,0.0,1797
4712,HIV,,,0.0,1797
4713,HIV,,,0.0,7337
4714,HIV,,,0.0,7337
4715,HIV,,,0.0,7337
4716,HIV,,,0.0,7337
4717,HIV,,,0.0,7337
4718,HIV,,,0.0,6801
4719,HIV,,,0.0,1798
4720,HIV,,,0.0,9512
4721,HIV,,,0.0,1799
4722,HIV,,,0.0,1800
4723,HIV,,,0.0,7356
4724,HIV,,,0.0,7356
4725,HIV,,,0.0,7356
4726,HIV,,,0.0,205
4727,HIV,,,0.0,1801
4728,HIV,,,0.0,1802
4729,HIV,,,0.0,12177
4730,HIV,,,0.0,1828
4731,HIV,,,0.0,1828
4732,HIV,,,0.0,1803
4733,HIV,,,0.0,1828
4734,HIV,,,0.0,1828
4735,HIV,,,0.0,1803
4736,HIV,,,0.0,1828
4737,HIV,,,0.0,1828
4738,HIV,,,0.0,3279
4739,HIV,,,0.0,1804
4740,HIV,,,0.0,1805
4741,HIV,,,0.0,1806
4742,HIV,,,0.0,1807
4743,HIV,,,0.0,1808
4744,HIV,,,0.0,1809
4745,HIV,,,0.0,1810
4746,HIV,,,0.0,1811
4747,HIV,,,0.0,1812
4748,HIV,,,0.0,5597
4749,HIV,,,0.0,5597
4750,HIV,,,0.0,5
4751,HIV,,,0.0,5501
4752,HIV,,,0.0,1695
4753,HIV,,,0.0,1695
4754,HIV,,,0.0,1729
4755,HIV,,,0.0,1813
4756,HIV,,,0.0,7604
4757,HIV,,,0.0,1814
4758,HIV,,,0.0,13815
4759,HIV,,,0.0,5992
4760,HIV,,,0.0,5992
4761,HIV,,,0.0,5992
4762,HIV,,,0.0,5992
4763,HIV,,,0.0,5992
4764,HIV,,,0.0,6801
4765,HIV,,,0.0,1729
4766,HIV,,,0.0,1815
4767,HIV,,,0.0,5165
4768,HIV,,,0.0,8959
4769,HIV,,,0.0,1816
4770,HIV,,,0.0,11056
4771,HIV,,,0.0,5
4772,HIV,,,0.0,5597
4773,HIV,,,0.0,11639
4774,HIV,,,0.0,1817
4775,HIV,,,0.0,14106
4776,HIV,,,0.0,14106
4777,HIV,,,0.0,1729
4778,HIV,,,0.0,1729
4779,HIV,,,0.0,1819
4780,HIV,,,0.0,1819
4781,HIV,,,0.0,1818
4782,HIV,,,0.0,1818
4783,HIV,,,0.0,1819
4784,HIV,,,0.0,1820
4785,HIV,,,0.0,3878
4786,HIV,,,0.0,1821
4787,HIV,,,0.0,3759
4788,HIV,,,0.0,9352
4789,HIV,,,0.0,1822
4790,HIV,,,0.0,1913
4791,HIV,,,0.0,1913
4792,HIV,,,0.0,1823
4793,HIV,,,0.0,205
4794,HIV,,,0.0,1824
4795,HIV,,,0.0,5597
4796,HIV,,,0.0,5597
4797,HIV,,,0.0,1825
4798,HIV,,,0.0,1826
4799,HIV,,,0.0,9512
4800,HIV,,,0.0,1827
4801,HIV,,,0.0,5424
4802,HIV,,,0.0,1828
4803,HIV,,,0.0,1828
4804,HIV,,,0.0,1828
4805,HIV,,,0.0,1828
4806,HIV,,,0.0,1829
4807,HIV,,,0.0,1803
4808,HIV,,,0.0,5597
4809,HIV,,,0.0,7591
4810,HIV,,,0.0,2546
4811,HIV,,,0.0,2546
4812,HIV,,,0.0,2546
4813,HIV,,,0.0,2546
4814,HIV,,,0.0,6752
4815,HIV,,,0.0,6752
4816,HIV,,,0.0,9352
4817,HIV,,,0.0,138
4818,HIV,,,0.0,1830
4819,HIV,,,0.0,3693
4820,HIV,,,0.0,343
4821,HIV,,,0.0,155
4822,HIV,,,0.0,1831
4823,HIV,,,0.0,1831
4824,HIV,,,0.0,1831
4825,HIV,,,0.0,1831
4826,HIV,,,0.0,1832
4827,HIV,,,0.0,1832
4828,HIV,,,0.0,5992
4829,HIV,,,0.0,5992
4830,HIV,,,0.0,5992
4831,HIV,,,0.0,1833
4832,HIV,,,0.0,1834
4833,HIV,,,0.0,5992
4834,HIV,,,0.0,1835
4835,HIV,,,1.0,1836
4836,HIV,,,0.0,1837
4837,HIV,,,0.0,1838
4838,HIV,,,0.0,1839
4839,HIV,,,0.0,6436
4840,HIV,,,0.0,1840
4841,HIV,,,0.0,1841
4842,HIV,,,0.0,1842
4843,HIV,,,0.0,3336
4844,HIV,,,0.0,5501
4845,HIV,,,0.0,5501
4846,HIV,,,0.0,5501
4847,HIV,,,0.0,2546
4848,HIV,,,0.0,7356
4849,HIV,,,0.0,1843
4850,HIV,,,0.0,1844
4851,HIV,,,0.0,14106
4852,HIV,,,0.0,14106
4853,HIV,,,0.0,1845
4854,HIV,,,0.0,5597
4855,HIV,,,0.0,1846
4856,HIV,,,0.0,1847
4857,HIV,,,0.0,604
4858,HIV,,,0.0,1848
4859,HIV,,,0.0,1849
4860,HIV,,,0.0,1849
4861,HIV,,,0.0,1850
4862,HIV,,,0.0,1850
4863,HIV,,,0.0,1851
4864,HIV,,,0.0,200
4865,HIV,,,0.0,1852
4866,HIV,,,0.0,1853
4867,HIV,,,0.0,1854
4868,HIV,,,0.0,7356
4869,HIV,,,0.0,1855
4870,HIV,,,0.0,1856
4871,HIV,,,0.0,5597
4872,HIV,,,0.0,1857
4873,HIV,,,1.0,1344
4874,HIV,,,0.0,1344
4875,HIV,,,0.0,1344
4876,HIV,,,0.0,6918
4877,HIV,,,0.0,1444
4878,HIV,,,0.0,9820
4879,HIV,,,0.0,1858
4880,HIV,,,0.0,1859
4881,HIV,,,0.0,1860
4882,HIV,,,0.0,1861
4883,HIV,,,0.0,1862
4884,HIV,,,0.0,7337
4885,HIV,,,0.0,9252
4886,HIV,,,0.0,1863
4887,HIV,,,0.0,1864
4888,HIV,,,0.0,1729
4889,HIV,,,0.0,1817
4890,HIV,,,0.0,5597
4891,HIV,,,0.0,1865
4892,HIV,,,0.0,5597
4893,HIV,,,0.0,1866
4894,HIV,,,0.0,1867
4895,HIV,,,0.0,2546
4896,HIV,,,0.0,1868
4897,HIV,,,0.0,7337
4898,HIV,,,0.0,7946
4899,HIV,,,0.0,12533
4900,HIV,,,0.0,6801
4901,HIV,,,0.0,1961
4902,HIV,,,0.0,2229
4903,HIV,,,0.0,7356
4904,HIV,,,0.0,7356
4905,HIV,,,0.0,7356
4906,HIV,,,0.0,7356
4907,HIV,,,0.0,1869
4908,HIV,,,0.0,3279
4909,HIV,,,0.0,3279
4910,HIV,,,0.0,7337
4911,HIV,,,1.0,1870
4912,HIV,,,0.0,1902
4913,HIV,,,0.0,1871
4914,HIV,,,0.0,1872
4915,HIV,,,0.0,6801
4916,HIV,,,0.0,7810
4917,HIV,,,0.0,8786
4918,HIV,,,0.0,5597
4919,HIV,,,0.0,7356
4920,HIV,,,0.0,1873
4921,HIV,,,0.0,6801
4922,HIV,,,0.0,5424
4923,HIV,,,0.0,5363
4924,HIV,,,0.0,1874
4925,HIV,,,0.0,5597
4926,HIV,,,0.0,5597
4927,HIV,,,0.0,1875
4928,HIV,,,0.0,5165
4929,HIV,,,0.0,5165
4930,HIV,,,0.0,1876
4931,HIV,,,0.0,5597
4932,HIV,,,0.0,2546
4933,HIV,,,0.0,1877
4934,HIV,,,0.0,1878
4935,HIV,,,0.0,1879
4936,HIV,,,0.0,5747
4937,HIV,,,0.0,1729
4938,HIV,,,0.0,5747
4939,HIV,,,0.0,1880
4940,HIV,,,0.0,1881
4941,HIV,,,0.0,1882
4942,HIV,,,0.0,2546
4943,HIV,,,0.0,14106
4944,HIV,,,0.0,1883
4945,HIV,,,0.0,9462
4946,HIV,,,0.0,5597
4947,HIV,,,0.0,1884
4948,HIV,,,0.0,1885
4949,HIV,,,0.0,1886
4950,HIV,,,0.0,12762
4951,HIV,,,0.0,5597
4952,HIV,,,0.0,1887
4953,HIV,,,0.0,1888
4954,HIV,,,0.0,2266
4955,HIV,,,0.0,1889
4956,HIV,,,0.0,343
4957,HIV,,,0.0,343
4958,HIV,,,0.0,76
4959,HIV,,,0.0,1957
4960,HIV,,,0.0,466
4961,HIV,,,0.0,1890
4962,HIV,,,0.0,5992
4963,HIV,,,0.0,1891
4964,HIV,,,0.0,1892
4965,HIV,,,0.0,5363
4966,HIV,,,0.0,2713
4967,HIV,,,1.0,335
4968,HIV,,,0.0,343
4969,HIV,,,0.0,1473
4970,HIV,,,0.0,1473
4971,HIV,,,0.0,1893
4972,HIV,,,0.0,1568
4973,HIV,,,0.0,5597
4974,HIV,,,0.0,6171
4975,HIV,,,0.0,10060
4976,HIV,,,0.0,2546
4977,HIV,,,0.0,5597
4978,HIV,,,0.0,2114
4979,HIV,,,0.0,3279
4980,HIV,,,1.0,3309
4981,HIV,,,0.0,6801
4982,HIV,,,0.0,14111
4983,HIV,,,0.0,5597
4984,HIV,,,0.0,1894
4985,HIV,,,0.0,1895
4986,HIV,,,0.0,13815
4987,HIV,,,0.0,1896
4988,HIV,,,0.0,1473
4989,HIV,,,0.0,10200
4990,HIV,,,0.0,1897
4991,HIV,,,0.0,343
4992,HIV,,,0.0,343
4993,HIV,,,0.0,7356
4994,HIV,,,0.0,1898
4995,HIV,,,0.0,1898
4996,HIV,,,0.0,1899
4997,HIV,,,0.0,5747
4998,HIV,,,0.0,1900
4999,HIV,,,0.0,1900
5000,HIV,,,0.0,1901
5001,HIV,,,0.0,10400
5002,HIV,,,0.0,5992
5003,HIV,,,0.0,1902
5004,HIV,,,0.0,1903
5005,HIV,,,1.0,8959
5006,HIV,,,0.0,1904
5007,HIV,,,0.0,1905
5008,HIV,,,0.0,1906
5009,HIV,,,0.0,5363
5010,HIV,,,0.0,5363
5011,HIV,,,0.0,1907
5012,HIV,,,0.0,11358
5013,HIV,,,0.0,1908
5014,HIV,,,0.0,3279
5015,HIV,,,0.0,10400
5016,HIV,,,0.0,1909
5017,HIV,,,0.0,1910
5018,HIV,,,0.0,1911
5019,HIV,,,1.0,10400
5020,HIV,,,0.0,6727
5021,HIV,,,0.0,1912
5022,HIV,,,0.0,3021
5023,HIV,,,0.0,45
5024,HIV,,,0.0,45
5025,HIV,,,0.0,8503
5026,HIV,,,0.0,7337
5027,HIV,,,0.0,10400
5028,HIV,,,0.0,1016
5029,HIV,,,0.0,1913
5030,HIV,,,0.0,1913
5031,HIV,,,0.0,1913
5032,HIV,,,0.0,1913
5033,HIV,,,0.0,1913
5034,HIV,,,0.0,1913
5035,HIV,,,0.0,1913
5036,HIV,,,0.0,1913
5037,HIV,,,0.0,1913
5038,HIV,,,0.0,1913
5039,HIV,,,0.0,1913
5040,HIV,,,0.0,1913
5041,HIV,,,0.0,1913
5042,HIV,,,0.0,1913
5043,HIV,,,0.0,1913
5044,HIV,,,0.0,1913
5045,HIV,,,0.0,1913
5046,HIV,,,0.0,1913
5047,HIV,,,0.0,1913
5048,HIV,,,0.0,1913
5049,HIV,,,0.0,1913
5050,HIV,,,0.0,1913
5051,HIV,,,0.0,1913
5052,HIV,,,0.0,1913
5053,HIV,,,0.0,1913
5054,HIV,,,0.0,1913
5055,HIV,,,0.0,1913
5056,HIV,,,0.0,1913
5057,HIV,,,0.0,1913
5058,HIV,,,0.0,1913
5059,HIV,,,0.0,1913
5060,HIV,,,0.0,1913
5061,HIV,,,0.0,1913
5062,HIV,,,0.0,1913
5063,HIV,,,0.0,1913
5064,HIV,,,0.0,1913
5065,HIV,,,0.0,1913
5066,HIV,,,0.0,1913
5067,HIV,,,0.0,1913
5068,HIV,,,0.0,1913
5069,HIV,,,1.0,1913
5070,HIV,,,0.0,1913
5071,HIV,,,0.0,1913
5072,HIV,,,0.0,1913
5073,HIV,,,0.0,1913
5074,HIV,,,0.0,1913
5075,HIV,,,0.0,1913
5076,HIV,,,0.0,1913
5077,HIV,,,0.0,1913
5078,HIV,,,0.0,1913
5079,HIV,,,0.0,1124
5080,HIV,,,0.0,3021
5081,HIV,,,0.0,5501
5082,HIV,,,0.0,1914
5083,HIV,,,0.0,7752
5084,HIV,,,0.0,1915
5085,HIV,,,0.0,1913
5086,HIV,,,0.0,1913
5087,HIV,,,0.0,1913
5088,HIV,,,0.0,14106
5089,HIV,,,0.0,5363
5090,HIV,,,0.0,1916
5091,HIV,,,0.0,1917
5092,HIV,,,0.0,1918
5093,HIV,,,0.0,1919
5094,HIV,,,0.0,1919
5095,HIV,,,0.0,10633
5096,HIV,,,0.0,8959
5097,HIV,,,0.0,148
5098,HIV,,,0.0,1920
5099,HIV,,,0.0,1922
5100,HIV,,,0.0,10633
5101,HIV,,,0.0,1921
5102,HIV,,,0.0,1922
5103,HIV,,,0.0,1923
5104,HIV,,,0.0,10633
5105,HIV,,,0.0,5992
5106,HIV,,,0.0,10633
5107,HIV,,,0.0,1924
5108,HIV,,,0.0,1925
5109,HIV,,,0.0,1926
5110,HIV,,,0.0,1927
5111,HIV,,,0.0,1928
5112,HIV,,,0.0,1924
5113,HIV,,,0.0,1929
5114,HIV,,,0.0,1930
5115,HIV,,,0.0,1931
5116,HIV,,,0.0,1932
5117,HIV,,,0.0,2546
5118,HIV,,,0.0,1933
5119,HIV,,,0.0,5363
5120,HIV,,,0.0,5363
5121,HIV,,,0.0,5363
5122,HIV,,,0.0,7591
5123,HIV,,,0.0,10636
5124,HIV,,,0.0,1934
5125,HIV,,,0.0,1935
5126,HIV,,,0.0,1936
5127,HIV,,,0.0,98
5128,HIV,,,0.0,1937
5129,HIV,,,0.0,5597
5130,HIV,,,0.0,5597
5131,HIV,,,0.0,1938
5132,HIV,,,0.0,1939
5133,HIV,,,0.0,1913
5134,HIV,,,0.0,1913
5135,HIV,,,0.0,1913
5136,HIV,,,0.0,1913
5137,HIV,,,1.0,2049
5138,HIV,,,0.0,36
5139,HIV,,,0.0,36
5140,HIV,,,0.0,36
5141,HIV,,,0.0,1940
5142,HIV,,,0.0,1941
5143,HIV,,,0.0,1942
5144,HIV,,,0.0,14106
5145,HIV,,,0.0,14106
5146,HIV,,,0.0,48
5147,HIV,,,0.0,7604
5148,HIV,,,0.0,335
5149,HIV,,,0.0,1943
5150,HIV,,,0.0,1944
5151,HIV,,,0.0,1945
5152,HIV,,,0.0,7814
5153,HIV,,,0.0,5597
5154,HIV,,,0.0,1946
5155,HIV,,,0.0,1947
5156,HIV,,,0.0,2546
5157,HIV,,,0.0,335
5158,HIV,,,0.0,1948
5159,HIV,,,0.0,7356
5160,HIV,,,0.0,1949
5161,HIV,,,0.0,1949
5162,HIV,,,0.0,1950
5163,HIV,,,0.0,8786
5164,HIV,,,0.0,5597
5165,HIV,,,0.0,1951
5166,HIV,,,0.0,4019
5167,HIV,,,0.0,1952
5168,HIV,,,0.0,5747
5169,HIV,,,0.0,1953
5170,HIV,,,0.0,1954
5171,HIV,,,0.0,1955
5172,HIV,,,0.0,5597
5173,HIV,,,0.0,1956
5174,HIV,,,0.0,1957
5175,HIV,,,0.0,1958
5176,HIV,,,0.0,5
5177,HIV,,,0.0,5165
5178,HIV,,,0.0,1959
5179,HIV,,,0.0,5597
5180,HIV,,,0.0,1960
5181,HIV,,,0.0,1961
5182,HIV,,,0.0,7604
5183,HIV,,,0.0,7604
5184,HIV,,,0.0,7604
5185,HIV,,,0.0,1962
5186,HIV,,,0.0,5363
5187,HIV,,,0.0,1963
5188,HIV,,,0.0,5564
5189,HIV,,,0.0,1964
5190,HIV,,,0.0,1965
5191,HIV,,,0.0,1966
5192,HIV,,,0.0,14106
5193,HIV,,,0.0,12533
5194,HIV,,,0.0,5597
5195,HIV,,,0.0,1967
5196,HIV,,,0.0,3309
5197,HIV,,,1.0,5
5198,HIV,,,0.0,5
5199,HIV,,,0.0,7337
5200,HIV,,,0.0,5
5201,HIV,,,0.0,3309
5202,HIV,,,0.0,3309
5203,HIV,,,0.0,3309
5204,HIV,,,0.0,1969
5205,HIV,,,0.0,1971
5206,HIV,,,0.0,1971
5207,HIV,,,1.0,1970
5208,HIV,,,0.0,1968
5209,HIV,,,0.0,1969
5210,HIV,,,0.0,1974
5211,HIV,,,0.0,1970
5212,HIV,,,0.0,1971
5213,HIV,,,0.0,1971
5214,HIV,,,0.0,3309
5215,HIV,,,0.0,1972
5216,HIV,,,0.0,3309
5217,HIV,,,0.0,3309
5218,HIV,,,0.0,1973
5219,HIV,,,0.0,1974
5220,HIV,,,0.0,6801
5221,HIV,,,0.0,1975
5222,HIV,,,0.0,1128
5223,HIV,,,0.0,1976
5224,HIV,,,0.0,1977
5225,HIV,,,0.0,2546
5226,HIV,,,0.0,9512
5227,HIV,,,0.0,9512
5228,HIV,,,0.0,9512
5229,HIV,,,0.0,2701
5230,HIV,,,0.0,1978
5231,HIV,,,0.0,1979
5232,HIV,,,0.0,1980
5233,HIV,,,0.0,1981
5234,HIV,,,0.0,1982
5235,HIV,,,0.0,2473
5236,HIV,,,0.0,9585
5237,HIV,,,0.0,12348
5238,HIV,,,0.0,1983
5239,HIV,,,0.0,1984
5240,HIV,,,0.0,1985
5241,HIV,,,0.0,1986
5242,HIV,,,0.0,343
5243,HIV,,,0.0,5747
5244,HIV,,,0.0,5989
5245,HIV,,,0.0,1987
5246,HIV,,,0.0,1987
5247,HIV,,,0.0,1987
5248,HIV,,,0.0,1987
5249,HIV,,,0.0,1987
5250,HIV,,,0.0,1344
5251,HIV,,,0.0,1344
5252,HIV,,,0.0,1988
5253,HIV,,,0.0,1989
5254,HIV,,,0.0,1987
5255,HIV,,,0.0,5718
5256,HIV,,,0.0,2347
5257,HIV,,,0.0,7388
5258,HIV,,,0.0,10400
5259,HIV,,,0.0,1990
5260,HIV,,,0.0,1991
5261,HIV,,,0.0,6433
5262,HIV,,,0.0,1991
5263,HIV,,,0.0,1991
5264,HIV,,,0.0,7591
5265,HIV,,,0.0,1991
5266,HIV,,,0.0,1991
5267,HIV,,,0.0,1100
5268,HIV,,,0.0,1991
5269,HIV,,,0.0,6433
5270,HIV,,,0.0,1991
5271,HIV,,,0.0,5363
5272,HIV,,,0.0,5363
5273,HIV,,,0.0,4056
5274,HIV,,,0.0,1966
5275,HIV,,,0.0,6582
5276,HIV,,,0.0,1992
5277,HIV,,,0.0,1993
5278,HIV,,,0.0,1994
5279,HIV,,,0.0,1995
5280,HIV,,,0.0,1996
5281,HIV,,,0.0,1997
5282,HIV,,,0.0,1993
5283,HIV,,,0.0,1998
5284,HIV,,,0.0,1999
5285,HIV,,,0.0,2000
5286,HIV,,,0.0,2001
5287,HIV,,,0.0,6801
5288,HIV,,,0.0,8341
5289,HIV,,,0.0,2002
5290,HIV,,,0.0,2003
5291,HIV,,,0.0,36
5292,HIV,,,0.0,2004
5293,HIV,,,0.0,5597
5294,HIV,,,0.0,2005
5295,HIV,,,0.0,2006
5296,HIV,,,0.0,2007
5297,HIV,,,0.0,2008
5298,HIV,,,0.0,2009
5299,HIV,,,0.0,2010
5300,HIV,,,0.0,7337
5301,HIV,,,0.0,2011
5302,HIV,,,0.0,2012
5303,HIV,,,0.0,5597
5304,HIV,,,0.0,2546
5305,HIV,,,0.0,14106
5306,HIV,,,0.0,2014
5307,HIV,,,0.0,2013
5308,HIV,,,0.0,2014
5309,HIV,,,0.0,2318
5310,HIV,,,0.0,2015
5311,HIV,,,0.0,2016
5312,HIV,,,0.0,2017
5313,HIV,,,0.0,2018
5314,HIV,,,0.0,2019
5315,HIV,,,0.0,5424
5316,HIV,,,0.0,205
5317,HIV,,,0.0,2016
5318,HIV,,,0.0,3279
5319,HIV,,,0.0,7337
5320,HIV,,,0.0,2020
5321,HIV,,,0.0,2137
5322,HIV,,,1.0,2021
5323,HIV,,,0.0,7604
5324,HIV,,,0.0,2022
5325,HIV,,,0.0,5597
5326,HIV,,,0.0,6801
5327,HIV,,,0.0,5597
5328,HIV,,,0.0,2023
5329,HIV,,,0.0,2024
5330,HIV,,,0.0,1194
5331,HIV,,,0.0,398
5332,HIV,,,0.0,2025
5333,HIV,,,0.0,2025
5334,HIV,,,0.0,2026
5335,HIV,,,0.0,2027
5336,HIV,,,0.0,5424
5337,HIV,,,0.0,2028
5338,HIV,,,1.0,2029
5339,HIV,,,0.0,6862
5340,HIV,,,0.0,2030
5341,HIV,,,0.0,2031
5342,HIV,,,0.0,7611
5343,HIV,,,0.0,5165
5344,HIV,,,0.0,5165
5345,HIV,,,0.0,10746
5346,HIV,,,0.0,10746
5347,HIV,,,0.0,5165
5348,HIV,,,0.0,5165
5349,HIV,,,0.0,13419
5350,HIV,,,0.0,2032
5351,HIV,,,0.0,2033
5352,HIV,,,0.0,6801
5353,HIV,,,0.0,2035
5354,HIV,,,0.0,5165
5355,HIV,,,0.0,5165
5356,HIV,,,0.0,7132
5357,HIV,,,0.0,2034
5358,HIV,,,0.0,2035
5359,HIV,,,0.0,10746
5360,HIV,,,0.0,2036
5361,HIV,,,0.0,7356
5362,HIV,,,0.0,2037
5363,HIV,,,0.0,2037
5364,HIV,,,0.0,2049
5365,HIV,,,0.0,13609
5366,HIV,,,0.0,2038
5367,HIV,,,0.0,2038
5368,HIV,,,0.0,7356
5369,HIV,,,0.0,8959
5370,HIV,,,0.0,2039
5371,HIV,,,0.0,2040
5372,HIV,,,0.0,1913
5373,HIV,,,0.0,2041
5374,HIV,,,0.0,8392
5375,HIV,,,0.0,2016
5376,HIV,,,0.0,2042
5377,HIV,,,0.0,5992
5378,HIV,,,0.0,2043
5379,HIV,,,0.0,1701
5380,HIV,,,0.0,2044
5381,HIV,,,1.0,2045
5382,HIV,,,0.0,5597
5383,HIV,,,0.0,2028
5384,HIV,,,0.0,6801
5385,HIV,,,0.0,14106
5386,HIV,,,0.0,2092
5387,HIV,,,0.0,14106
5388,HIV,,,0.0,2046
5389,HIV,,,0.0,7810
5390,HIV,,,0.0,7810
5391,HIV,,,0.0,2047
5392,HIV,,,0.0,2053
5393,HIV,,,0.0,2048
5394,HIV,,,0.0,2049
5395,HIV,,,0.0,2546
5396,HIV,,,0.0,2050
5397,HIV,,,0.0,2051
5398,HIV,,,0.0,2052
5399,HIV,,,0.0,2053
5400,HIV,,,0.0,5747
5401,HIV,,,0.0,2054
5402,HIV,,,0.0,2055
5403,HIV,,,0.0,2016
5404,HIV,,,0.0,2056
5405,HIV,,,0.0,2920
5406,HIV,,,0.0,2920
5407,HIV,,,0.0,2057
5408,HIV,,,0.0,5597
5409,HIV,,,0.0,5747
5410,HIV,,,0.0,6433
5411,HIV,,,0.0,2546
5412,HIV,,,0.0,2473
5413,HIV,,,0.0,2473
5414,HIV,,,0.0,2473
5415,HIV,,,0.0,10279
5416,HIV,,,0.0,1701
5417,HIV,,,0.0,1016
5418,HIV,,,0.0,1016
5419,HIV,,,0.0,2058
5420,HIV,,,0.0,10390
5421,HIV,,,0.0,8419
5422,HIV,,,0.0,6801
5423,HIV,,,0.0,2546
5424,HIV,,,0.0,6801
5425,HIV,,,0.0,5597
5426,HIV,,,0.0,7416
5427,HIV,,,0.0,10676
5428,HIV,,,0.0,343
5429,HIV,,,0.0,11422
5430,HIV,,,0.0,5597
5431,HIV,,,0.0,2059
5432,HIV,,,0.0,6801
5433,HIV,,,0.0,2060
5434,HIV,,,0.0,170
5435,HIV,,,0.0,8959
5436,HIV,,,0.0,2061
5437,HIV,,,0.0,2062
5438,HIV,,,0.0,2063
5439,HIV,,,0.0,5
5440,HIV,,,0.0,2064
5441,HIV,,,0.0,36
5442,HIV,,,0.0,36
5443,HIV,,,0.0,2065
5444,HIV,,,0.0,2133
5445,HIV,,,0.0,2066
5446,HIV,,,0.0,2067
5447,HIV,,,0.0,2068
5448,HIV,,,0.0,9254
5449,HIV,,,0.0,10862
5450,HIV,,,0.0,9727
5451,HIV,,,0.0,10862
5452,HIV,,,0.0,10862
5453,HIV,,,0.0,2069
5454,HIV,,,0.0,2070
5455,HIV,,,0.0,9242
5456,HIV,,,0.0,2238
5457,HIV,,,0.0,2071
5458,HIV,,,0.0,10862
5459,HIV,,,0.0,10862
5460,HIV,,,0.0,10746
5461,HIV,,,0.0,2072
5462,HIV,,,0.0,9242
5463,HIV,,,0.0,2073
5464,HIV,,,0.0,10862
5465,HIV,,,0.0,10862
5466,HIV,,,0.0,10862
5467,HIV,,,0.0,2074
5468,HIV,,,0.0,5363
5469,HIV,,,0.0,2049
5470,HIV,,,0.0,8392
5471,HIV,,,0.0,2075
5472,HIV,,,0.0,2045
5473,HIV,,,0.0,5747
5474,HIV,,,0.0,2076
5475,HIV,,,0.0,2077
5476,HIV,,,0.0,7356
5477,HIV,,,0.0,2078
5478,HIV,,,0.0,2079
5479,HIV,,,0.0,1993
5480,HIV,,,0.0,2080
5481,HIV,,,0.0,7388
5482,HIV,,,0.0,2081
5483,HIV,,,0.0,2082
5484,HIV,,,0.0,2083
5485,HIV,,,0.0,2084
5486,HIV,,,0.0,2085
5487,HIV,,,0.0,2086
5488,HIV,,,0.0,2087
5489,HIV,,,0.0,2088
5490,HIV,,,0.0,2089
5491,HIV,,,0.0,2090
5492,HIV,,,0.0,2546
5493,HIV,,,0.0,2091
5494,HIV,,,0.0,5597
5495,HIV,,,0.0,2092
5496,HIV,,,0.0,2093
5497,HIV,,,0.0,2094
5498,HIV,,,0.0,6582
5499,HIV,,,0.0,3279
5500,HIV,,,0.0,3279
5501,HIV,,,0.0,205
5502,HIV,,,0.0,6801
5503,HIV,,,0.0,205
5504,HIV,,,0.0,1016
5505,HIV,,,0.0,7113
5506,HIV,,,0.0,2095
5507,HIV,,,0.0,2095
5508,HIV,,,0.0,2095
5509,HIV,,,0.0,2095
5510,HIV,,,0.0,2095
5511,HIV,,,0.0,2096
5512,HIV,,,0.0,2097
5513,HIV,,,0.0,2098
5514,HIV,,,1.0,1327
5515,HIV,,,0.0,10862
5516,HIV,,,0.0,2099
5517,HIV,,,0.0,1599
5518,HIV,,,0.0,2100
5519,HIV,,,0.0,11406
5520,HIV,,,0.0,2101
5521,HIV,,,0.0,10862
5522,HIV,,,0.0,9328
5523,HIV,,,0.0,2102
5524,HIV,,,0.0,9761
5525,HIV,,,0.0,1327
5526,HIV,,,0.0,2103
5527,HIV,,,0.0,2104
5528,HIV,,,0.0,2105
5529,HIV,,,0.0,1473
5530,HIV,,,0.0,2106
5531,HIV,,,0.0,1016
5532,HIV,,,0.0,1016
5533,HIV,,,0.0,2109
5534,HIV,,,0.0,2107
5535,HIV,,,0.0,2108
5536,HIV,,,0.0,2109
5537,HIV,,,1.0,10862
5538,HIV,,,0.0,2232
5539,HIV,,,0.0,2110
5540,HIV,,,0.0,2111
5541,HIV,,,0.0,1223
5542,HIV,,,0.0,2112
5543,HIV,,,0.0,8959
5544,HIV,,,0.0,7814
5545,HIV,,,0.0,2113
5546,HIV,,,0.0,2114
5547,HIV,,,0.0,2114
5548,HIV,,,0.0,434
5549,HIV,,,0.0,7356
5550,HIV,,,0.0,2115
5551,HIV,,,0.0,497
5552,HIV,,,0.0,2116
5553,HIV,,,0.0,2117
5554,HIV,,,0.0,2118
5555,HIV,,,0.0,5363
5556,HIV,,,0.0,2119
5557,HIV,,,0.0,2120
5558,HIV,,,1.0,2120
5559,HIV,,,0.0,2120
5560,HIV,,,0.0,2122
5561,HIV,,,0.0,2121
5562,HIV,,,0.0,2122
5563,HIV,,,0.0,2123
5564,HIV,,,0.0,2124
5565,HIV,,,0.0,2125
5566,HIV,,,0.0,2126
5567,HIV,,,1.0,7420
5568,HIV,,,0.0,2127
5569,HIV,,,0.0,2128
5570,HIV,,,0.0,1124
5571,HIV,,,0.0,5363
5572,HIV,,,0.0,10400
5573,HIV,,,0.0,2129
5574,HIV,,,0.0,2130
5575,HIV,,,0.0,2131
5576,HIV,,,0.0,2132
5577,HIV,,,0.0,2133
5578,HIV,,,0.0,5363
5579,HIV,,,0.0,2473
5580,HIV,,,0.0,2134
5581,HIV,,,0.0,2473
5582,HIV,,,0.0,2473
5583,HIV,,,0.0,2473
5584,HIV,,,0.0,2473
5585,HIV,,,0.0,10279
5586,HIV,,,0.0,2134
5587,HIV,,,0.0,2135
5588,HIV,,,0.0,1339
5589,HIV,,,0.0,10400
5590,HIV,,,0.0,2136
5591,HIV,,,0.0,2137
5592,HIV,,,0.0,1913
5593,HIV,,,0.0,1913
5594,HIV,,,0.0,1913
5595,HIV,,,0.0,1913
5596,HIV,,,0.0,1913
5597,HIV,,,0.0,1913
5598,HIV,,,0.0,1913
5599,HIV,,,1.0,1913
5600,HIV,,,0.0,1913
5601,HIV,,,0.0,1913
5602,HIV,,,0.0,1913
5603,HIV,,,0.0,2138
5604,HIV,,,0.0,7939
5605,HIV,,,0.0,2138
5606,HIV,,,0.0,2139
5607,HIV,,,0.0,2140
5608,HIV,,,0.0,5597
5609,HIV,,,0.0,2141
5610,HIV,,,0.0,5501
5611,HIV,,,0.0,7604
5612,HIV,,,0.0,2142
5613,HIV,,,0.0,8341
5614,HIV,,,0.0,5501
5615,HIV,,,0.0,2143
5616,HIV,,,0.0,2144
5617,HIV,,,0.0,5501
5618,HIV,,,0.0,2145
5619,HIV,,,0.0,2146
5620,HIV,,,0.0,5501
5621,HIV,,,0.0,7356
5622,HIV,,,0.0,3878
5623,HIV,,,0.0,2147
5624,HIV,,,0.0,5992
5625,HIV,,,0.0,2148
5626,HIV,,,0.0,2149
5627,HIV,,,0.0,5363
5628,HIV,,,0.0,5992
5629,HIV,,,0.0,2150
5630,HIV,,,0.0,1765
5631,HIV,,,0.0,2151
5632,HIV,,,0.0,2152
5633,HIV,,,0.0,1913
5634,HIV,,,0.0,1913
5635,HIV,,,0.0,2153
5636,HIV,,,0.0,13270
5637,HIV,,,0.0,2154
5638,HIV,,,0.0,2155
5639,HIV,,,0.0,1957
5640,HIV,,,0.0,6436
5641,HIV,,,0.0,6436
5642,HIV,,,0.0,2156
5643,HIV,,,0.0,2527
5644,HIV,,,0.0,2494
5645,HIV,,,0.0,2157
5646,HIV,,,0.0,2158
5647,HIV,,,0.0,5363
5648,HIV,,,0.0,5363
5649,HIV,,,0.0,2049
5650,HIV,,,0.0,5363
5651,HIV,,,0.0,5363
5652,HIV,,,0.0,5363
5653,HIV,,,0.0,343
5654,HIV,,,0.0,343
5655,HIV,,,0.0,343
5656,HIV,,,0.0,5165
5657,HIV,,,0.0,2473
5658,HIV,,,0.0,10390
5659,HIV,,,0.0,10390
5660,HIV,,,0.0,2159
5661,HIV,,,0.0,3279
5662,HIV,,,0.0,6433
5663,HIV,,,0.0,10390
5664,HIV,,,0.0,2180
5665,HIV,,,1.0,2180
5666,HIV,,,0.0,1729
5667,HIV,,,0.0,1729
5668,HIV,,,0.0,1729
5669,HIV,,,0.0,1913
5670,HIV,,,0.0,6448
5671,HIV,,,0.0,750
5672,HIV,,,1.0,2160
5673,HIV,,,0.0,2161
5674,HIV,,,0.0,5363
5675,HIV,,,0.0,2162
5676,HIV,,,0.0,2163
5677,HIV,,,0.0,2164
5678,HIV,,,0.0,2165
5679,HIV,,,0.0,5597
5680,HIV,,,0.0,2166
5681,HIV,,,0.0,14106
5682,HIV,,,0.0,14106
5683,HIV,,,0.0,2167
5684,HIV,,,0.0,2168
5685,HIV,,,0.0,2169
5686,HIV,,,0.0,2170
5687,HIV,,,0.0,12621
5688,HIV,,,0.0,2171
5689,HIV,,,0.0,9945
5690,HIV,,,0.0,5747
5691,HIV,,,0.0,5597
5692,HIV,,,0.0,10042
5693,HIV,,,0.0,2172
5694,HIV,,,0.0,2173
5695,HIV,,,0.0,9512
5696,HIV,,,0.0,2174
5697,HIV,,,0.0,10036
5698,HIV,,,0.0,3990
5699,HIV,,,0.0,2175
5700,HIV,,,0.0,9512
5701,HIV,,,0.0,9883
5702,HIV,,,0.0,3279
5703,HIV,,,0.0,2176
5704,HIV,,,0.0,2177
5705,HIV,,,0.0,2178
5706,HIV,,,0.0,2178
5707,HIV,,,0.0,2179
5708,HIV,,,0.0,10027
5709,HIV,,,0.0,5363
5710,HIV,,,0.0,7388
5711,HIV,,,0.0,3021
5712,HIV,,,0.0,3401
5713,HIV,,,0.0,2180
5714,HIV,,,0.0,13419
5715,HIV,,,0.0,10862
5716,HIV,,,0.0,2181
5717,HIV,,,0.0,2182
5718,HIV,,,0.0,2183
5719,HIV,,,0.0,5597
5720,HIV,,,0.0,12533
5721,HIV,,,0.0,5718
5722,HIV,,,0.0,1729
5723,HIV,,,0.0,2184
5724,HIV,,,0.0,2245
5725,HIV,,,0.0,9799
5726,HIV,,,0.0,10862
5727,HIV,,,0.0,2185
5728,HIV,,,0.0,10746
5729,HIV,,,0.0,2186
5730,HIV,,,1.0,1231
5731,HIV,,,0.0,2187
5732,HIV,,,0.0,2188
5733,HIV,,,0.0,2189
5734,HIV,,,0.0,9223
5735,HIV,,,0.0,2190
5736,HIV,,,0.0,2191
5737,HIV,,,0.0,2192
5738,HIV,,,0.0,10862
5739,HIV,,,0.0,2193
5740,HIV,,,0.0,2194
5741,HIV,,,0.0,2195
5742,HIV,,,0.0,2196
5743,HIV,,,0.0,2197
5744,HIV,,,0.0,1733
5745,HIV,,,0.0,7591
5746,HIV,,,0.0,2198
5747,HIV,,,0.0,2199
5748,HIV,,,0.0,10656
5749,HIV,,,0.0,497
5750,HIV,,,0.0,2200
5751,HIV,,,0.0,5363
5752,HIV,,,0.0,2126
5753,HIV,,,0.0,5501
5754,HIV,,,0.0,3268
5755,HIV,,,0.0,10011
5756,HIV,,,0.0,2201
5757,HIV,,,0.0,6582
5758,HIV,,,0.0,2202
5759,HIV,,,0.0,7604
5760,HIV,,,0.0,2203
5761,HIV,,,0.0,2204
5762,HIV,,,0.0,2205
5763,HIV,,,0.0,2206
5764,HIV,,,0.0,2207
5765,HIV,,,0.0,2208
5766,HIV,,,0.0,2209
5767,HIV,,,0.0,2210
5768,HIV,,,1.0,1280
5769,HIV,,,0.0,8348
5770,HIV,,,0.0,5747
5771,HIV,,,0.0,2211
5772,HIV,,,0.0,10027
5773,HIV,,,0.0,2212
5774,HIV,,,0.0,1280
5775,HIV,,,0.0,10027
5776,HIV,,,0.0,2213
5777,HIV,,,0.0,8959
5778,HIV,,,0.0,2214
5779,HIV,,,0.0,2215
5780,HIV,,,0.0,2739
5781,HIV,,,0.0,2216
5782,HIV,,,0.0,2217
5783,HIV,,,0.0,2218
5784,HIV,,,0.0,8348
5785,HIV,,,0.0,2219
5786,HIV,,,0.0,8348
5787,HIV,,,0.0,8348
5788,HIV,,,0.0,2220
5789,HIV,,,0.0,9512
5790,HIV,,,0.0,2221
5791,HIV,,,0.0,5597
5792,HIV,,,0.0,1016
5793,HIV,,,0.0,110
5794,HIV,,,0.0,7851
5795,HIV,,,0.0,2222
5796,HIV,,,0.0,13922
5797,HIV,,,0.0,2222
5798,HIV,,,0.0,2222
5799,HIV,,,0.0,13922
5800,HIV,,,0.0,2222
5801,HIV,,,0.0,13922
5802,HIV,,,0.0,11326
5803,HIV,,,0.0,2223
5804,HIV,,,0.0,2224
5805,HIV,,,0.0,1344
5806,HIV,,,0.0,13205
5807,HIV,,,0.0,13205
5808,HIV,,,0.0,1344
5809,HIV,,,0.0,1344
5810,HIV,,,0.0,2225
5811,HIV,,,0.0,2226
5812,HIV,,,0.0,2227
5813,HIV,,,0.0,12533
5814,HIV,,,0.0,12533
5815,HIV,,,0.0,2228
5816,HIV,,,0.0,2229
5817,HIV,,,0.0,2204
5818,HIV,,,0.0,5992
5819,HIV,,,0.0,2230
5820,HIV,,,0.0,2204
5821,HIV,,,0.0,2231
5822,HIV,,,0.0,183
5823,HIV,,,0.0,2232
5824,HIV,,,0.0,2233
5825,HIV,,,0.0,10862
5826,HIV,,,0.0,2234
5827,HIV,,,0.0,10862
5828,HIV,,,0.0,2235
5829,HIV,,,0.0,3309
5830,HIV,,,0.0,2236
5831,HIV,,,0.0,2237
5832,HIV,,,0.0,1913
5833,HIV,,,0.0,2238
5834,HIV,,,0.0,1906
5835,HIV,,,0.0,2239
5836,HIV,,,0.0,2240
5837,HIV,,,0.0,1991
5838,HIV,,,0.0,2241
5839,HIV,,,0.0,3254
5840,HIV,,,0.0,13205
5841,HIV,,,0.0,2242
5842,HIV,,,0.0,2243
5843,HIV,,,0.0,9799
5844,HIV,,,0.0,2245
5845,HIV,,,0.0,2244
5846,HIV,,,0.0,2245
5847,HIV,,,0.0,1016
5848,HIV,,,0.0,2246
5849,HIV,,,0.0,11358
5850,HIV,,,0.0,2247
5851,HIV,,,0.0,9154
5852,HIV,,,0.0,2248
5853,HIV,,,0.0,2249
5854,HIV,,,0.0,5501
5855,HIV,,,0.0,10027
5856,HIV,,,0.0,1913
5857,HIV,,,0.0,1913
5858,HIV,,,0.0,1315
5859,HIV,,,0.0,2250
5860,HIV,,,0.0,3279
5861,HIV,,,0.0,3279
5862,HIV,,,0.0,7356
5863,HIV,,,0.0,2251
5864,HIV,,,0.0,343
5865,HIV,,,0.0,3279
5866,HIV,,,0.0,2252
5867,HIV,,,0.0,14106
5868,HIV,,,0.0,13
5869,HIV,,,0.0,13815
5870,HIV,,,0.0,2253
5871,HIV,,,0.0,7337
5872,HIV,,,0.0,7337
5873,HIV,,,0.0,7337
5874,HIV,,,0.0,7337
5875,HIV,,,0.0,7337
5876,HIV,,,0.0,7337
5877,HIV,,,0.0,7337
5878,HIV,,,0.0,7388
5879,HIV,,,0.0,2254
5880,HIV,,,0.0,2255
5881,HIV,,,0.0,2256
5882,HIV,,,0.0,2257
5883,HIV,,,0.0,2258
5884,HIV,,,0.0,2259
5885,HIV,,,0.0,2260
5886,HIV,,,0.0,1473
5887,HIV,,,0.0,2261
5888,HIV,,,0.0,2262
5889,HIV,,,0.0,9047
5890,HIV,,,0.0,7356
5891,HIV,,,0.0,2263
5892,HIV,,,0.0,343
5893,HIV,,,0.0,343
5894,HIV,,,0.0,7356
5895,HIV,,,0.0,2264
5896,HIV,,,0.0,2265
5897,HIV,,,0.0,2266
5898,HIV,,,0.0,2266
5899,HIV,,,0.0,2266
5900,HIV,,,0.0,2266
5901,HIV,,,0.0,2266
5902,HIV,,,0.0,2266
5903,HIV,,,0.0,2267
5904,HIV,,,0.0,2267
5905,HIV,,,0.0,2267
5906,HIV,,,0.0,2267
5907,HIV,,,0.0,2268
5908,HIV,,,0.0,2268
5909,HIV,,,0.0,2268
5910,HIV,,,0.0,12898
5911,HIV,,,0.0,12898
5912,HIV,,,0.0,2269
5913,HIV,,,0.0,836
5914,HIV,,,0.0,2270
5915,HIV,,,0.0,7576
5916,HIV,,,0.0,10950
5917,HIV,,,0.0,5165
5918,HIV,,,0.0,2271
5919,HIV,,,0.0,2272
5920,HIV,,,0.0,2273
5921,HIV,,,0.0,2274
5922,HIV,,,0.0,343
5923,HIV,,,0.0,343
5924,HIV,,,0.0,2275
5925,HIV,,,0.0,5992
5926,HIV,,,0.0,2276
5927,HIV,,,0.0,2277
5928,HIV,,,0.0,7337
5929,HIV,,,0.0,7337
5930,HIV,,,0.0,7337
5931,HIV,,,0.0,7337
5932,HIV,,,0.0,5363
5933,HIV,,,0.0,7337
5934,HIV,,,0.0,4202
5935,HIV,,,0.0,10400
5936,HIV,,,0.0,2278
5937,HIV,,,0.0,2204
5938,HIV,,,0.0,8959
5939,HIV,,,0.0,10279
5940,HIV,,,0.0,2279
5941,HIV,,,1.0,10390
5942,HIV,,,0.0,5597
5943,HIV,,,0.0,5597
5944,HIV,,,0.0,14106
5945,HIV,,,0.0,2280
5946,HIV,,,0.0,7591
5947,HIV,,,0.0,1913
5948,HIV,,,0.0,1913
5949,HIV,,,0.0,1913
5950,HIV,,,0.0,271
5951,HIV,,,0.0,2281
5952,HIV,,,0.0,2282
5953,HIV,,,0.0,8392
5954,HIV,,,0.0,2282
5955,HIV,,,0.0,2282
5956,HIV,,,0.0,2283
5957,HIV,,,0.0,2284
5958,HIV,,,0.0,2285
5959,HIV,,,0.0,6801
5960,HIV,,,0.0,2286
5961,HIV,,,0.0,14043
5962,HIV,,,0.0,2287
5963,HIV,,,0.0,2287
5964,HIV,,,0.0,2288
5965,HIV,,,0.0,5992
5966,HIV,,,0.0,5992
5967,HIV,,,0.0,2289
5968,HIV,,,0.0,2290
5969,HIV,,,0.0,2291
5970,HIV,,,0.0,2292
5971,HIV,,,0.0,10138
5972,HIV,,,0.0,2293
5973,HIV,,,0.0,456
5974,HIV,,,0.0,4110
5975,HIV,,,0.0,7388
5976,HIV,,,0.0,7388
5977,HIV,,,0.0,7388
5978,HIV,,,0.0,2294
5979,HIV,,,0.0,2295
5980,HIV,,,0.0,5747
5981,HIV,,,0.0,1016
5982,HIV,,,0.0,1913
5983,HIV,,,0.0,1913
5984,HIV,,,0.0,2296
5985,HIV,,,0.0,2297
5986,HIV,,,0.0,1913
5987,HIV,,,0.0,1913
5988,HIV,,,0.0,5363
5989,HIV,,,0.0,2016
5990,HIV,,,0.0,45
5991,HIV,,,0.0,2298
5992,HIV,,,0.0,2299
5993,HIV,,,0.0,2473
5994,HIV,,,0.0,1124
5995,HIV,,,0.0,2300
5996,HIV,,,0.0,2301
5997,HIV,,,0.0,2302
5998,HIV,,,0.0,2303
5999,HIV,,,0.0,2304
6000,HIV,,,0.0,5597
6001,HIV,,,0.0,2305
6002,HIV,,,0.0,1016
6003,HIV,,,0.0,2306
6004,HIV,,,0.0,2307
6005,HIV,,,0.0,5597
6006,HIV,,,0.0,4374
6007,HIV,,,0.0,1913
6008,HIV,,,0.0,1913
6009,HIV,,,0.0,2308
6010,HIV,,,0.0,2309
6011,HIV,,,0.0,2310
6012,HIV,,,0.0,2311
6013,HIV,,,0.0,5363
6014,HIV,,,1.0,5363
6015,HIV,,,0.0,2312
6016,HIV,,,0.0,2313
6017,HIV,,,0.0,2313
6018,HIV,,,0.0,2313
6019,HIV,,,0.0,2313
6020,HIV,,,0.0,2314
6021,HIV,,,0.0,3435
6022,HIV,,,0.0,2315
6023,HIV,,,0.0,1913
6024,HIV,,,0.0,1913
6025,HIV,,,0.0,1913
6026,HIV,,,0.0,1913
6027,HIV,,,0.0,1913
6028,HIV,,,0.0,7535
6029,HIV,,,1.0,2546
6030,HIV,,,0.0,2016
6031,HIV,,,0.0,2316
6032,HIV,,,0.0,2317
6033,HIV,,,0.0,604
6034,HIV,,,0.0,2318
6035,HIV,,,0.0,2319
6036,HIV,,,0.0,2320
6037,HIV,,,0.0,2321
6038,HIV,,,0.0,2322
6039,HIV,,,1.0,2323
6040,HIV,,,0.0,8272
6041,HIV,,,0.0,5747
6042,HIV,,,0.0,5747
6043,HIV,,,0.0,2324
6044,HIV,,,0.0,2327
6045,HIV,,,0.0,2325
6046,HIV,,,0.0,2325
6047,HIV,,,0.0,2326
6048,HIV,,,0.0,2327
6049,HIV,,,0.0,2327
6050,HIV,,,0.0,5747
6051,HIV,,,0.0,2330
6052,HIV,,,0.0,2328
6053,HIV,,,0.0,2329
6054,HIV,,,0.0,2330
6055,HIV,,,0.0,6801
6056,HIV,,,0.0,3254
6057,HIV,,,0.0,2331
6058,HIV,,,1.0,2332
6059,HIV,,,0.0,6436
6060,HIV,,,0.0,13815
6061,HIV,,,0.0,13815
6062,HIV,,,0.0,13815
6063,HIV,,,0.0,13815
6064,HIV,,,0.0,13815
6065,HIV,,,0.0,13815
6066,HIV,,,0.0,13815
6067,HIV,,,0.0,13815
6068,HIV,,,0.0,13815
6069,HIV,,,0.0,13815
6070,HIV,,,0.0,2333
6071,HIV,,,0.0,13815
6072,HIV,,,1.0,13815
6073,HIV,,,0.0,2334
6074,HIV,,,0.0,13815
6075,HIV,,,0.0,13815
6076,HIV,,,0.0,13815
6077,HIV,,,0.0,13815
6078,HIV,,,0.0,2335
6079,HIV,,,0.0,13815
6080,HIV,,,0.0,13815
6081,HIV,,,0.0,13815
6082,HIV,,,0.0,13815
6083,HIV,,,0.0,13815
6084,HIV,,,1.0,2336
6085,HIV,,,0.0,13815
6086,HIV,,,0.0,98
6087,HIV,,,0.0,7356
6088,HIV,,,0.0,11894
6089,HIV,,,0.0,2337
6090,HIV,,,0.0,3021
6091,HIV,,,0.0,2338
6092,HIV,,,0.0,343
6093,HIV,,,0.0,2339
6094,HIV,,,0.0,4972
6095,HIV,,,0.0,2340
6096,HIV,,,0.0,7356
6097,HIV,,,0.0,2341
6098,HIV,,,0.0,2342
6099,HIV,,,0.0,2343
6100,HIV,,,0.0,2344
6101,HIV,,,0.0,2345
6102,HIV,,,0.0,2346
6103,HIV,,,0.0,2347
6104,HIV,,,0.0,7388
6105,HIV,,,0.0,7388
6106,HIV,,,0.0,9512
6107,HIV,,,0.0,2348
6108,HIV,,,0.0,2349
6109,HIV,,,0.0,2350
6110,HIV,,,0.0,2351
6111,HIV,,,0.0,2350
6112,HIV,,,0.0,2352
6113,HIV,,,0.0,2353
6114,HIV,,,0.0,2354
6115,HIV,,,0.0,604
6116,HIV,,,0.0,98
6117,HIV,,,0.0,2355
6118,HIV,,,0.0,1189
6119,HIV,,,0.0,2356
6120,HIV,,,0.0,7189
6121,HIV,,,0.0,2357
6122,HIV,,,0.0,1016
6123,HIV,,,0.0,98
6124,HIV,,,0.0,98
6125,HIV,,,0.0,2357
6126,HIV,,,0.0,2358
6127,HIV,,,0.0,2359
6128,HIV,,,0.0,2359
6129,HIV,,,0.0,2360
6130,HIV,,,0.0,13815
6131,HIV,,,0.0,2361
6132,HIV,,,0.0,13815
6133,HIV,,,0.0,98
6134,HIV,,,0.0,2362
6135,HIV,,,0.0,13815
6136,HIV,,,0.0,582
6137,HIV,,,0.0,2363
6138,HIV,,,0.0,2364
6139,HIV,,,0.0,2365
6140,HIV,,,0.0,2366
6141,HIV,,,0.0,2366
6142,HIV,,,0.0,2367
6143,HIV,,,0.0,2546
6144,HIV,,,0.0,2546
6145,HIV,,,0.0,5363
6146,HIV,,,0.0,2546
6147,HIV,,,0.0,5363
6148,HIV,,,0.0,2368
6149,HIV,,,0.0,2369
6150,HIV,,,0.0,98
6151,HIV,,,0.0,1016
6152,HIV,,,0.0,1016
6153,HIV,,,0.0,13815
6154,HIV,,,0.0,13815
6155,HIV,,,0.0,13815
6156,HIV,,,0.0,13815
6157,HIV,,,0.0,13815
6158,HIV,,,0.0,2370
6159,HIV,,,0.0,5363
6160,HIV,,,0.0,5363
6161,HIV,,,0.0,2371
6162,HIV,,,0.0,13815
6163,HIV,,,0.0,13815
6164,HIV,,,0.0,3279
6165,HIV,,,0.0,2372
6166,HIV,,,0.0,7189
6167,HIV,,,0.0,98
6168,HIV,,,0.0,2373
6169,HIV,,,0.0,2374
6170,HIV,,,0.0,1913
6171,HIV,,,0.0,2375
6172,HIV,,,0.0,6801
6173,HIV,,,0.0,5992
6174,HIV,,,0.0,5992
6175,HIV,,,0.0,2376
6176,HIV,,,0.0,10746
6177,HIV,,,0.0,2377
6178,HIV,,,0.0,5992
6179,HIV,,,0.0,2378
6180,HIV,,,0.0,5597
6181,HIV,,,0.0,2379
6182,HIV,,,0.0,2473
6183,HIV,,,0.0,1016
6184,HIV,,,0.0,2380
6185,HIV,,,0.0,2381
6186,HIV,,,0.0,2382
6187,HIV,,,0.0,2382
6188,HIV,,,0.0,98
6189,HIV,,,0.0,98
6190,HIV,,,0.0,98
6191,HIV,,,0.0,2383
6192,HIV,,,0.0,7591
6193,HIV,,,0.0,3021
6194,HIV,,,0.0,2384
6195,HIV,,,0.0,2385
6196,HIV,,,0.0,2386
6197,HIV,,,0.0,2387
6198,HIV,,,1.0,2388
6199,HIV,,,0.0,2389
6200,HIV,,,1.0,2389
6201,HIV,,,0.0,2390
6202,HIV,,,0.0,1913
6203,HIV,,,0.0,1913
6204,HIV,,,0.0,2391
6205,HIV,,,0.0,2392
6206,HIV,,,0.0,4060
6207,HIV,,,0.0,1746
6208,HIV,,,0.0,2393
6209,HIV,,,0.0,2394
6210,HIV,,,0.0,2395
6211,HIV,,,0.0,6902
6212,HIV,,,0.0,2396
6213,HIV,,,0.0,2397
6214,HIV,,,0.0,2222
6215,HIV,,,0.0,2398
6216,HIV,,,0.0,7356
6217,HIV,,,0.0,2399
6218,HIV,,,0.0,1729
6219,HIV,,,0.0,7337
6220,HIV,,,0.0,7345
6221,HIV,,,0.0,7356
6222,HIV,,,1.0,7337
6223,HIV,,,0.0,2400
6224,HIV,,,0.0,2401
6225,HIV,,,0.0,2402
6226,HIV,,,0.0,2403
6227,HIV,,,0.0,2404
6228,HIV,,,0.0,7337
6229,HIV,,,0.0,7337
6230,HIV,,,0.0,2414
6231,HIV,,,0.0,10400
6232,HIV,,,0.0,2405
6233,HIV,,,0.0,10633
6234,HIV,,,0.0,1729
6235,HIV,,,0.0,7337
6236,HIV,,,0.0,8959
6237,HIV,,,0.0,10633
6238,HIV,,,0.0,10633
6239,HIV,,,0.0,7337
6240,HIV,,,0.0,7337
6241,HIV,,,0.0,10633
6242,HIV,,,0.0,7337
6243,HIV,,,0.0,2406
6244,HIV,,,0.0,3309
6245,HIV,,,0.0,10746
6246,HIV,,,0.0,10746
6247,HIV,,,0.0,10746
6248,HIV,,,0.0,10746
6249,HIV,,,0.0,10746
6250,HIV,,,0.0,2407
6251,HIV,,,0.0,1729
6252,HIV,,,0.0,10633
6253,HIV,,,0.0,2408
6254,HIV,,,0.0,10633
6255,HIV,,,0.0,7337
6256,HIV,,,0.0,10633
6257,HIV,,,0.0,10633
6258,HIV,,,0.0,10633
6259,HIV,,,0.0,10633
6260,HIV,,,0.0,2761
6261,HIV,,,0.0,7591
6262,HIV,,,0.0,2409
6263,HIV,,,0.0,2410
6264,HIV,,,0.0,2411
6265,HIV,,,0.0,7591
6266,HIV,,,0.0,17
6267,HIV,,,0.0,2412
6268,HIV,,,0.0,5363
6269,HIV,,,0.0,5165
6270,HIV,,,0.0,7356
6271,HIV,,,0.0,2413
6272,HIV,,,0.0,2413
6273,HIV,,,0.0,5597
6274,HIV,,,0.0,5597
6275,HIV,,,0.0,205
6276,HIV,,,0.0,10400
6277,HIV,,,0.0,2414
6278,HIV,,,0.0,10400
6279,HIV,,,0.0,10400
6280,HIV,,,0.0,6801
6281,HIV,,,0.0,10400
6282,HIV,,,0.0,10400
6283,HIV,,,0.0,10400
6284,HIV,,,0.0,2416
6285,HIV,,,0.0,2415
6286,HIV,,,0.0,2416
6287,HIV,,,0.0,2417
6288,HIV,,,0.0,2418
6289,HIV,,,0.0,2418
6290,HIV,,,0.0,5718
6291,HIV,,,0.0,2507
6292,HIV,,,0.0,2419
6293,HIV,,,0.0,343
6294,HIV,,,0.0,3021
6295,HIV,,,0.0,6801
6296,HIV,,,0.0,10400
6297,HIV,,,0.0,10400
6298,HIV,,,0.0,12387
6299,HIV,,,0.0,2420
6300,HIV,,,0.0,2421
6301,HIV,,,0.0,2422
6302,HIV,,,0.0,2423
6303,HIV,,,0.0,2424
6304,HIV,,,0.0,2425
6305,HIV,,,0.0,2426
6306,HIV,,,1.0,2427
6307,HIV,,,0.0,2428
6308,HIV,,,0.0,2429
6309,HIV,,,0.0,7189
6310,HIV,,,0.0,2430
6311,HIV,,,0.0,2431
6312,HIV,,,0.0,8638
6313,HIV,,,0.0,2432
6314,HIV,,,0.0,2433
6315,HIV,,,0.0,1913
6316,HIV,,,0.0,1913
6317,HIV,,,0.0,1913
6318,HIV,,,0.0,1913
6319,HIV,,,1.0,2434
6320,HIV,,,0.0,2434
6321,HIV,,,0.0,2546
6322,HIV,,,0.0,2546
6323,HIV,,,0.0,2546
6324,HIV,,,0.0,2546
6325,HIV,,,0.0,2546
6326,HIV,,,0.0,2435
6327,HIV,,,0.0,2436
6328,HIV,,,0.0,2437
6329,HIV,,,0.0,7591
6330,HIV,,,0.0,98
6331,HIV,,,0.0,98
6332,HIV,,,0.0,6441
6333,HIV,,,0.0,5165
6334,HIV,,,1.0,2438
6335,HIV,,,0.0,5165
6336,HIV,,,0.0,5597
6337,HIV,,,0.0,2439
6338,HIV,,,0.0,2440
6339,HIV,,,0.0,2441
6340,HIV,,,0.0,2442
6341,HIV,,,0.0,7611
6342,HIV,,,0.0,2439
6343,HIV,,,0.0,2439
6344,HIV,,,0.0,2443
6345,HIV,,,0.0,2439
6346,HIV,,,0.0,2444
6347,HIV,,,0.0,2445
6348,HIV,,,0.0,2446
6349,HIV,,,0.0,5597
6350,HIV,,,0.0,11527
6351,HIV,,,0.0,2447
6352,HIV,,,0.0,6801
6353,HIV,,,0.0,2448
6354,HIV,,,0.0,2449
6355,HIV,,,0.0,2450
6356,HIV,,,0.0,2546
6357,HIV,,,0.0,6433
6358,HIV,,,0.0,7604
6359,HIV,,,0.0,2451
6360,HIV,,,0.0,2452
6361,HIV,,,0.0,7122
6362,HIV,,,0.0,836
6363,HIV,,,0.0,2453
6364,HIV,,,0.0,2454
6365,HIV,,,0.0,8392
6366,HIV,,,0.0,6801
6367,HIV,,,0.0,2464
6368,HIV,,,0.0,288
6369,HIV,,,0.0,2464
6370,HIV,,,0.0,5165
6371,HIV,,,0.0,268
6372,HIV,,,0.0,10400
6373,HIV,,,0.0,2455
6374,HIV,,,0.0,2456
6375,HIV,,,0.0,5718
6376,HIV,,,0.0,2457
6377,HIV,,,0.0,6801
6378,HIV,,,0.0,2461
6379,HIV,,,0.0,2458
6380,HIV,,,0.0,5363
6381,HIV,,,0.0,2459
6382,HIV,,,0.0,5165
6383,HIV,,,0.0,10279
6384,HIV,,,0.0,10400
6385,HIV,,,0.0,2460
6386,HIV,,,0.0,2464
6387,HIV,,,0.0,5165
6388,HIV,,,0.0,10400
6389,HIV,,,0.0,2461
6390,HIV,,,0.0,2462
6391,HIV,,,0.0,5165
6392,HIV,,,0.0,5165
6393,HIV,,,0.0,2463
6394,HIV,,,0.0,2464
6395,HIV,,,0.0,2464
6396,HIV,,,0.0,5597
6397,HIV,,,1.0,5
6398,HIV,,,0.0,5597
6399,HIV,,,0.0,5597
6400,HIV,,,0.0,2465
6401,HIV,,,0.0,2466
6402,HIV,,,0.0,5597
6403,HIV,,,1.0,2467
6404,HIV,,,0.0,2467
6405,HIV,,,0.0,7591
6406,HIV,,,0.0,2468
6407,HIV,,,0.0,2467
6408,HIV,,,0.0,5597
6409,HIV,,,0.0,5597
6410,HIV,,,0.0,2469
6411,HIV,,,0.0,2464
6412,HIV,,,0.0,13419
6413,HIV,,,0.0,2470
6414,HIV,,,0.0,2471
6415,HIV,,,0.0,5165
6416,HIV,,,0.0,2472
6417,HIV,,,0.0,2473
6418,HIV,,,0.0,5718
6419,HIV,,,0.0,6441
6420,HIV,,,0.0,5363
6421,HIV,,,0.0,2474
6422,HIV,,,0.0,2473
6423,HIV,,,0.0,3279
6424,HIV,,,0.0,2475
6425,HIV,,,0.0,13419
6426,HIV,,,0.0,7341
6427,HIV,,,0.0,2476
6428,HIV,,,0.0,2502
6429,HIV,,,0.0,2477
6430,HIV,,,0.0,2478
6431,HIV,,,0.0,2478
6432,HIV,,,0.0,2479
6433,HIV,,,0.0,5597
6434,HIV,,,0.0,5597
6435,HIV,,,0.0,2480
6436,HIV,,,0.0,2481
6437,HIV,,,0.0,8959
6438,HIV,,,0.0,5597
6439,HIV,,,0.0,6441
6440,HIV,,,0.0,5597
6441,HIV,,,0.0,5597
6442,HIV,,,0.0,5597
6443,HIV,,,0.0,2481
6444,HIV,,,0.0,7337
6445,HIV,,,0.0,1913
6446,HIV,,,0.0,1913
6447,HIV,,,0.0,1913
6448,HIV,,,0.0,1913
6449,HIV,,,0.0,1913
6450,HIV,,,0.0,2482
6451,HIV,,,0.0,2483
6452,HIV,,,0.0,2484
6453,HIV,,,0.0,2485
6454,HIV,,,0.0,2486
6455,HIV,,,0.0,6801
6456,HIV,,,0.0,2487
6457,HIV,,,0.0,2488
6458,HIV,,,0.0,11406
6459,HIV,,,1.0,2489
6460,HIV,,,0.0,2490
6461,HIV,,,0.0,2491
6462,HIV,,,0.0,10400
6463,HIV,,,0.0,10400
6464,HIV,,,0.0,2492
6465,HIV,,,1.0,2493
6466,HIV,,,0.0,2494
6467,HIV,,,0.0,2495
6468,HIV,,,0.0,4633
6469,HIV,,,0.0,10400
6470,HIV,,,0.0,8686
6471,HIV,,,0.0,6801
6472,HIV,,,0.0,7189
6473,HIV,,,0.0,2496
6474,HIV,,,0.0,2504
6475,HIV,,,0.0,2497
6476,HIV,,,0.0,10400
6477,HIV,,,0.0,10400
6478,HIV,,,0.0,10400
6479,HIV,,,0.0,2498
6480,HIV,,,0.0,2499
6481,HIV,,,0.0,2500
6482,HIV,,,0.0,7337
6483,HIV,,,0.0,2501
6484,HIV,,,0.0,2502
6485,HIV,,,0.0,2503
6486,HIV,,,0.0,2502
6487,HIV,,,0.0,10400
6488,HIV,,,0.0,10400
6489,HIV,,,0.0,2504
6490,HIV,,,0.0,2494
6491,HIV,,,0.0,6801
6492,HIV,,,0.0,6801
6493,HIV,,,0.0,2505
6494,HIV,,,0.0,2506
6495,HIV,,,0.0,2546
6496,HIV,,,0.0,2507
6497,HIV,,,0.0,1913
6498,HIV,,,0.0,1913
6499,HIV,,,0.0,1913
6500,HIV,,,0.0,1913
6501,HIV,,,0.0,1913
6502,HIV,,,0.0,2508
6503,HIV,,,0.0,6801
6504,HIV,,,0.0,2509
6505,HIV,,,0.0,2293
6506,HIV,,,0.0,2510
6507,HIV,,,0.0,6436
6508,HIV,,,0.0,6436
6509,HIV,,,0.0,2546
6510,HIV,,,0.0,7356
6511,HIV,,,0.0,2511
6512,HIV,,,0.0,2512
6513,HIV,,,0.0,2513
6514,HIV,,,0.0,7356
6515,HIV,,,0.0,2514
6516,HIV,,,0.0,11406
6517,HIV,,,0.0,2515
6518,HIV,,,0.0,3254
6519,HIV,,,0.0,2516
6520,HIV,,,0.0,7644
6521,HIV,,,0.0,6122
6522,HIV,,,0.0,5363
6523,HIV,,,0.0,2517
6524,HIV,,,0.0,2518
6525,HIV,,,0.0,7337
6526,HIV,,,0.0,2519
6527,HIV,,,0.0,6436
6528,HIV,,,0.0,2520
6529,HIV,,,0.0,2521
6530,HIV,,,0.0,2522
6531,HIV,,,0.0,2523
6532,HIV,,,0.0,2524
6533,HIV,,,0.0,1913
6534,HIV,,,0.0,1913
6535,HIV,,,0.0,2525
6536,HIV,,,1.0,2526
6537,HIV,,,0.0,35
6538,HIV,,,0.0,14106
6539,HIV,,,0.0,1729
6540,HIV,,,0.0,5512
6541,HIV,,,0.0,8959
6542,HIV,,,0.0,8392
6543,HIV,,,0.0,2527
6544,HIV,,,0.0,343
6545,HIV,,,0.0,2528
6546,HIV,,,0.0,1016
6547,HIV,,,0.0,2529
6548,HIV,,,0.0,7337
6549,HIV,,,0.0,2530
6550,HIV,,,0.0,2530
6551,HIV,,,0.0,2531
6552,HIV,,,0.0,2739
6553,HIV,,,0.0,343
6554,HIV,,,0.0,2532
6555,HIV,,,0.0,6959
6556,HIV,,,0.0,343
6557,HIV,,,0.0,2473
6558,HIV,,,0.0,271
6559,HIV,,,0.0,5992
6560,HIV,,,0.0,1913
6561,HIV,,,0.0,1913
6562,HIV,,,0.0,1913
6563,HIV,,,0.0,2533
6564,HIV,,,0.0,2534
6565,HIV,,,0.0,10757
6566,HIV,,,0.0,2535
6567,HIV,,,0.0,2536
6568,HIV,,,0.0,2536
6569,HIV,,,0.0,2536
6570,HIV,,,0.0,7388
6571,HIV,,,0.0,14106
6572,HIV,,,0.0,2537
6573,HIV,,,0.0,2318
6574,HIV,,,0.0,2538
6575,HIV,,,0.0,2539
6576,HIV,,,0.0,3034
6577,HIV,,,0.0,9462
6578,HIV,,,0.0,604
6579,HIV,,,0.0,335
6580,HIV,,,0.0,1912
6581,HIV,,,0.0,17
6582,HIV,,,0.0,7388
6583,HIV,,,0.0,7388
6584,HIV,,,0.0,2540
6585,HIV,,,0.0,7436
6586,HIV,,,0.0,1913
6587,HIV,,,0.0,1913
6588,HIV,,,0.0,1913
6589,HIV,,,0.0,1913
6590,HIV,,,0.0,1913
6591,HIV,,,0.0,1913
6592,HIV,,,0.0,2541
6593,HIV,,,0.0,3021
6594,HIV,,,0.0,2542
6595,HIV,,,0.0,343
6596,HIV,,,0.0,343
6597,HIV,,,0.0,2543
6598,HIV,,,0.0,2544
6599,HIV,,,0.0,7356
6600,HIV,,,0.0,2473
6601,HIV,,,0.0,2473
6602,HIV,,,0.0,2545
6603,HIV,,,0.0,2546
6604,HIV,,,0.0,2546
6605,HIV,,,0.0,2546
6606,HIV,,,0.0,2546
6607,HIV,,,0.0,2546
6608,HIV,,,0.0,2547
6609,HIV,,,0.0,5165
6610,HIV,,,0.0,5165
6611,HIV,,,0.0,1344
6612,HIV,,,0.0,2548
6613,HIV,,,0.0,2549
6614,HIV,,,0.0,1344
6615,HIV,,,0.0,2550
6616,HIV,,,0.0,5165
6617,HIV,,,0.0,13238
6618,HIV,,,0.0,1344
6619,HIV,,,0.0,2551
6620,HIV,,,0.0,2552
6621,HIV,,,0.0,98
6622,HIV,,,1.0,2502
6623,HIV,,,0.0,98
6624,HIV,,,0.0,98
6625,HIV,,,0.0,2553
6626,HIV,,,0.0,2554
6627,HIV,,,0.0,98
6628,HIV,,,0.0,2555
6629,HIV,,,0.0,205
6630,HIV,,,0.0,1016
6631,HIV,,,0.0,7356
6632,HIV,,,0.0,7356
6633,HIV,,,0.0,7611
6634,HIV,,,0.0,7356
6635,HIV,,,0.0,2556
6636,HIV,,,0.0,7356
6637,HIV,,,0.0,7356
6638,HIV,,,0.0,2557
6639,HIV,,,0.0,10400
6640,HIV,,,0.0,7356
6641,HIV,,,0.0,2558
6642,HIV,,,1.0,2559
6643,HIV,,,0.0,2560
6644,HIV,,,0.0,5992
6645,HIV,,,0.0,7237
6646,HIV,,,0.0,2561
6647,HIV,,,0.0,343
6648,HIV,,,0.0,343
6649,HIV,,,0.0,343
6650,HIV,,,0.0,343
6651,HIV,,,0.0,343
6652,HIV,,,0.0,343
6653,HIV,,,0.0,2562
6654,HIV,,,0.0,2563
6655,HIV,,,0.0,1913
6656,HIV,,,0.0,1913
6657,HIV,,,0.0,1913
6658,HIV,,,0.0,1913
6659,HIV,,,0.0,1913
6660,HIV,,,0.0,1913
6661,HIV,,,0.0,2564
6662,HIV,,,0.0,343
6663,HIV,,,0.0,604
6664,HIV,,,0.0,2565
6665,HIV,,,0.0,604
6666,HIV,,,0.0,604
6667,HIV,,,0.0,9045
6668,HIV,,,0.0,5597
6669,HIV,,,0.0,2566
6670,HIV,,,0.0,2566
6671,HIV,,,0.0,2566
6672,HIV,,,0.0,2566
6673,HIV,,,0.0,2566
6674,HIV,,,0.0,5597
6675,HIV,,,0.0,5597
6676,HIV,,,0.0,2566
6677,HIV,,,0.0,12533
6678,HIV,,,0.0,6433
6679,HIV,,,0.0,2567
6680,HIV,,,0.0,2568
6681,HIV,,,0.0,2688
6682,HIV,,,0.0,1344
6683,HIV,,,0.0,1344
6684,HIV,,,0.0,1344
6685,HIV,,,0.0,1344
6686,HIV,,,0.0,7604
6687,HIV,,,0.0,10279
6688,HIV,,,0.0,2569
6689,HIV,,,0.0,7388
6690,HIV,,,0.0,7591
6691,HIV,,,0.0,2570
6692,HIV,,,0.0,5597
6693,HIV,,,0.0,5424
6694,HIV,,,0.0,2571
6695,HIV,,,0.0,2572
6696,HIV,,,0.0,3254
6697,HIV,,,0.0,10400
6698,HIV,,,0.0,2573
6699,HIV,,,0.0,4202
6700,HIV,,,0.0,2574
6701,HIV,,,0.0,2575
6702,HIV,,,0.0,4202
6703,HIV,,,0.0,4548
6704,HIV,,,0.0,2576
6705,HIV,,,0.0,7356
6706,HIV,,,0.0,10633
6707,HIV,,,0.0,10027
6708,HIV,,,0.0,5363
6709,HIV,,,0.0,2577
6710,HIV,,,0.0,57
6711,HIV,,,0.0,57
6712,HIV,,,0.0,57
6713,HIV,,,0.0,2546
6714,HIV,,,0.0,2546
6715,HIV,,,0.0,2546
6716,HIV,,,0.0,2546
6717,HIV,,,0.0,2546
6718,HIV,,,0.0,2546
6719,HIV,,,0.0,2546
6720,HIV,,,0.0,2546
6721,HIV,,,0.0,4792
6722,HIV,,,0.0,2578
6723,HIV,,,0.0,2579
6724,HIV,,,0.0,6433
6725,HIV,,,0.0,6433
6726,HIV,,,0.0,6433
6727,HIV,,,0.0,2580
6728,HIV,,,0.0,6433
6729,HIV,,,0.0,2581
6730,HIV,,,0.0,2582
6731,HIV,,,0.0,2583
6732,HIV,,,0.0,1913
6733,HIV,,,0.0,2584
6734,HIV,,,0.0,2585
6735,HIV,,,0.0,7604
6736,HIV,,,0.0,2586
6737,HIV,,,0.0,3279
6738,HIV,,,0.0,2587
6739,HIV,,,0.0,8959
6740,HIV,,,0.0,2588
6741,HIV,,,0.0,2589
6742,HIV,,,0.0,5363
6743,HIV,,,0.0,2590
6744,HIV,,,0.0,2591
6745,HIV,,,0.0,2592
6746,HIV,,,0.0,2593
6747,HIV,,,0.0,2594
6748,HIV,,,0.0,2595
6749,HIV,,,0.0,2596
6750,HIV,,,0.0,2597
6751,HIV,,,0.0,2598
6752,HIV,,,0.0,2599
6753,HIV,,,0.0,2600
6754,HIV,,,0.0,1016
6755,HIV,,,0.0,2601
6756,HIV,,,0.0,2601
6757,HIV,,,1.0,2393
6758,HIV,,,0.0,2601
6759,HIV,,,0.0,2602
6760,HIV,,,0.0,2603
6761,HIV,,,0.0,1913
6762,HIV,,,0.0,335
6763,HIV,,,0.0,2604
6764,HIV,,,0.0,2605
6765,HIV,,,0.0,2606
6766,HIV,,,0.0,5501
6767,HIV,,,0.0,7611
6768,HIV,,,0.0,1124
6769,HIV,,,0.0,2607
6770,HIV,,,0.0,2609
6771,HIV,,,0.0,2608
6772,HIV,,,0.0,2611
6773,HIV,,,0.0,2609
6774,HIV,,,0.0,2609
6775,HIV,,,0.0,2607
6776,HIV,,,0.0,2610
6777,HIV,,,0.0,2611
6778,HIV,,,0.0,2612
6779,HIV,,,0.0,2613
6780,HIV,,,1.0,6801
6781,HIV,,,0.0,2614
6782,HIV,,,0.0,2615
6783,HIV,,,0.0,3205
6784,HIV,,,0.0,3205
6785,HIV,,,0.0,2616
6786,HIV,,,0.0,2617
6787,HIV,,,0.0,5747
6788,HIV,,,0.0,5
6789,HIV,,,0.0,2618
6790,HIV,,,0.0,5992
6791,HIV,,,0.0,2619
6792,HIV,,,0.0,343
6793,HIV,,,0.0,2620
6794,HIV,,,0.0,2739
6795,HIV,,,0.0,2621
6796,HIV,,,0.0,2622
6797,HIV,,,0.0,1124
6798,HIV,,,0.0,1124
6799,HIV,,,0.0,2473
6800,HIV,,,0.0,2473
6801,HIV,,,0.0,2473
6802,HIV,,,0.0,10279
6803,HIV,,,0.0,2623
6804,HIV,,,0.0,2624
6805,HIV,,,0.0,2625
6806,HIV,,,0.0,6433
6807,HIV,,,0.0,4348
6808,HIV,,,0.0,2004
6809,HIV,,,0.0,2626
6810,HIV,,,0.0,5747
6811,HIV,,,0.0,2627
6812,HIV,,,0.0,2628
6813,HIV,,,0.0,1124
6814,HIV,,,0.0,5424
6815,HIV,,,0.0,5363
6816,HIV,,,0.0,2629
6817,HIV,,,0.0,2629
6818,HIV,,,0.0,2630
6819,HIV,,,0.0,6436
6820,HIV,,,0.0,7356
6821,HIV,,,0.0,8272
6822,HIV,,,0.0,8272
6823,HIV,,,0.0,1124
6824,HIV,,,0.0,1067
6825,HIV,,,0.0,2631
6826,HIV,,,1.0,4526
6827,HIV,,,0.0,2632
6828,HIV,,,0.0,1016
6829,HIV,,,0.0,2632
6830,HIV,,,0.0,12002
6831,HIV,,,1.0,2633
6832,HIV,,,0.0,7388
6833,HIV,,,0.0,7388
6834,HIV,,,0.0,2634
6835,HIV,,,0.0,1913
6836,HIV,,,0.0,1913
6837,HIV,,,0.0,2635
6838,HIV,,,0.0,2636
6839,HIV,,,0.0,5718
6840,HIV,,,0.0,8959
6841,HIV,,,0.0,836
6842,HIV,,,0.0,2637
6843,HIV,,,0.0,2638
6844,HIV,,,0.0,2639
6845,HIV,,,0.0,2640
6846,HIV,,,0.0,2641
6847,HIV,,,0.0,2642
6848,HIV,,,0.0,10564
6849,HIV,,,0.0,2651
6850,HIV,,,0.0,57
6851,HIV,,,0.0,2739
6852,HIV,,,0.0,2643
6853,HIV,,,0.0,10138
6854,HIV,,,0.0,2644
6855,HIV,,,0.0,2645
6856,HIV,,,0.0,7356
6857,HIV,,,0.0,2646
6858,HIV,,,0.0,5597
6859,HIV,,,0.0,2647
6860,HIV,,,0.0,2648
6861,HIV,,,0.0,2672
6862,HIV,,,0.0,2672
6863,HIV,,,0.0,7604
6864,HIV,,,0.0,8959
6865,HIV,,,0.0,5325
6866,HIV,,,0.0,2649
6867,HIV,,,0.0,12116
6868,HIV,,,0.0,2650
6869,HIV,,,0.0,2650
6870,HIV,,,0.0,5597
6871,HIV,,,0.0,1319
6872,HIV,,,0.0,57
6873,HIV,,,0.0,2651
6874,HIV,,,1.0,2762
6875,HIV,,,0.0,2652
6876,HIV,,,0.0,2653
6877,HIV,,,0.0,2654
6878,HIV,,,0.0,2652
6879,HIV,,,0.0,2654
6880,HIV,,,0.0,2655
6881,HIV,,,0.0,2656
6882,HIV,,,0.0,10862
6883,HIV,,,0.0,2657
6884,HIV,,,0.0,3878
6885,HIV,,,0.0,2658
6886,HIV,,,0.0,3418
6887,HIV,,,0.0,2659
6888,HIV,,,0.0,8959
6889,HIV,,,0.0,2660
6890,HIV,,,0.0,2661
6891,HIV,,,0.0,1913
6892,HIV,,,0.0,1913
6893,HIV,,,0.0,1913
6894,HIV,,,0.0,1344
6895,HIV,,,0.0,2662
6896,HIV,,,0.0,2663
6897,HIV,,,0.0,1873
6898,HIV,,,0.0,2664
6899,HIV,,,0.0,7388
6900,HIV,,,0.0,2665
6901,HIV,,,0.0,2666
6902,HIV,,,0.0,5165
6903,HIV,,,0.0,1124
6904,HIV,,,0.0,1124
6905,HIV,,,0.0,2667
6906,HIV,,,0.0,2668
6907,HIV,,,0.0,2473
6908,HIV,,,0.0,2669
6909,HIV,,,0.0,2473
6910,HIV,,,0.0,2473
6911,HIV,,,0.0,2670
6912,HIV,,,0.0,2473
6913,HIV,,,0.0,9498
6914,HIV,,,0.0,3643
6915,HIV,,,0.0,5363
6916,HIV,,,0.0,2671
6917,HIV,,,0.0,10746
6918,HIV,,,0.0,1016
6919,HIV,,,0.0,3437
6920,HIV,,,0.0,5718
6921,HIV,,,0.0,6727
6922,HIV,,,0.0,2672
6923,HIV,,,0.0,2673
6924,HIV,,,0.0,2673
6925,HIV,,,0.0,2674
6926,HIV,,,0.0,2675
6927,HIV,,,0.0,4974
6928,HIV,,,0.0,2676
6929,HIV,,,0.0,7604
6930,HIV,,,0.0,1913
6931,HIV,,,0.0,1016
6932,HIV,,,0.0,2677
6933,HIV,,,0.0,2678
6934,HIV,,,0.0,2679
6935,HIV,,,0.0,1746
6936,HIV,,,0.0,1746
6937,HIV,,,0.0,1746
6938,HIV,,,0.0,1487
6939,HIV,,,0.0,2680
6940,HIV,,,0.0,2996
6941,HIV,,,0.0,2681
6942,HIV,,,0.0,2682
6943,HIV,,,0.0,5747
6944,HIV,,,0.0,5747
6945,HIV,,,0.0,2683
6946,HIV,,,0.0,2684
6947,HIV,,,0.0,2685
6948,HIV,,,0.0,2686
6949,HIV,,,0.0,2687
6950,HIV,,,0.0,5165
6951,HIV,,,0.0,2688
6952,HIV,,,0.0,2688
6953,HIV,,,0.0,5165
6954,HIV,,,0.0,2689
6955,HIV,,,0.0,8272
6956,HIV,,,0.0,2690
6957,HIV,,,0.0,10633
6958,HIV,,,0.0,10633
6959,HIV,,,0.0,1912
6960,HIV,,,0.0,2567
6961,HIV,,,0.0,6433
6962,HIV,,,0.0,6433
6963,HIV,,,0.0,1729
6964,HIV,,,0.0,1729
6965,HIV,,,0.0,2236
6966,HIV,,,0.0,2691
6967,HIV,,,0.0,5597
6968,HIV,,,0.0,8392
6969,HIV,,,0.0,2692
6970,HIV,,,0.0,11681
6971,HIV,,,0.0,2650
6972,HIV,,,1.0,2693
6973,HIV,,,0.0,2694
6974,HIV,,,0.0,3279
6975,HIV,,,0.0,2695
6976,HIV,,,0.0,2696
6977,HIV,,,1.0,205
6978,HIV,,,0.0,2697
6979,HIV,,,0.0,2698
6980,HIV,,,0.0,2473
6981,HIV,,,0.0,2699
6982,HIV,,,0.0,2699
6983,HIV,,,0.0,1912
6984,HIV,,,0.0,2700
6985,HIV,,,0.0,2701
6986,HIV,,,0.0,2701
6987,HIV,,,0.0,5992
6988,HIV,,,0.0,5992
6989,HIV,,,0.0,5992
6990,HIV,,,0.0,5992
6991,HIV,,,0.0,6801
6992,HIV,,,0.0,13815
6993,HIV,,,0.0,5992
6994,HIV,,,0.0,5992
6995,HIV,,,0.0,5992
6996,HIV,,,0.0,2702
6997,HIV,,,0.0,2703
6998,HIV,,,0.0,2704
6999,HIV,,,0.0,2705
7000,HIV,,,0.0,5501
7001,HIV,,,1.0,5501
7002,HIV,,,0.0,1701
7003,HIV,,,0.0,1701
7004,HIV,,,0.0,1701
7005,HIV,,,0.0,7356
7006,HIV,,,0.0,7604
7007,HIV,,,0.0,2706
7008,HIV,,,0.0,2707
7009,HIV,,,0.0,2708
7010,HIV,,,0.0,2709
7011,HIV,,,0.0,2710
7012,HIV,,,0.0,1124
7013,HIV,,,0.0,2711
7014,HIV,,,0.0,2712
7015,HIV,,,0.0,2712
7016,HIV,,,0.0,2713
7017,HIV,,,0.0,2713
7018,HIV,,,0.0,1966
7019,HIV,,,0.0,2714
7020,HIV,,,0.0,1701
7021,HIV,,,0.0,871
7022,HIV,,,0.0,2715
7023,HIV,,,0.0,14106
7024,HIV,,,0.0,4353
7025,HIV,,,0.0,2716
7026,HIV,,,0.0,5992
7027,HIV,,,0.0,5363
7028,HIV,,,0.0,2717
7029,HIV,,,0.0,2718
7030,HIV,,,0.0,4411
7031,HIV,,,0.0,2719
7032,HIV,,,0.0,1328
7033,HIV,,,0.0,5363
7034,HIV,,,0.0,2720
7035,HIV,,,0.0,2721
7036,HIV,,,0.0,2722
7037,HIV,,,0.0,2722
7038,HIV,,,0.0,2722
7039,HIV,,,0.0,6258
7040,HIV,,,0.0,6258
7041,HIV,,,0.0,2723
7042,HIV,,,0.0,9975
7043,HIV,,,0.0,6258
7044,HIV,,,0.0,2724
7045,HIV,,,0.0,2831
7046,HIV,,,0.0,2725
7047,HIV,,,0.0,2726
7048,HIV,,,0.0,2727
7049,HIV,,,0.0,3114
7050,HIV,,,0.0,2728
7051,HIV,,,1.0,2027
7052,HIV,,,0.0,2729
7053,HIV,,,0.0,2730
7054,HIV,,,0.0,2731
7055,HIV,,,0.0,2732
7056,HIV,,,0.0,2733
7057,HIV,,,0.0,2734
7058,HIV,,,0.0,10777
7059,HIV,,,0.0,2735
7060,HIV,,,0.0,3114
7061,HIV,,,0.0,5597
7062,HIV,,,0.0,2736
7063,HIV,,,0.0,5363
7064,HIV,,,0.0,5363
7065,HIV,,,0.0,5363
7066,HIV,,,0.0,5363
7067,HIV,,,0.0,2737
7068,HIV,,,0.0,2738
7069,HIV,,,0.0,5363
7070,HIV,,,0.0,2738
7071,HIV,,,0.0,5363
7072,HIV,,,0.0,5363
7073,HIV,,,0.0,5363
7074,HIV,,,0.0,5363
7075,HIV,,,0.0,2739
7076,HIV,,,0.0,4311
7077,HIV,,,0.0,5363
7078,HIV,,,0.0,5363
7079,HIV,,,1.0,2740
7080,HIV,,,0.0,5363
7081,HIV,,,0.0,2741
7082,HIV,,,0.0,13682
7083,HIV,,,0.0,2742
7084,HIV,,,0.0,2743
7085,HIV,,,0.0,2546
7086,HIV,,,0.0,2744
7087,HIV,,,0.0,1344
7088,HIV,,,0.0,2745
7089,HIV,,,0.0,13455
7090,HIV,,,0.0,7390
7091,HIV,,,0.0,2746
7092,HIV,,,0.0,2747
7093,HIV,,,0.0,2747
7094,HIV,,,0.0,434
7095,HIV,,,0.0,2748
7096,HIV,,,0.0,7604
7097,HIV,,,0.0,2749
7098,HIV,,,0.0,2650
7099,HIV,,,0.0,7604
7100,HIV,,,0.0,5501
7101,HIV,,,0.0,2729
7102,HIV,,,0.0,7604
7103,HIV,,,0.0,7604
7104,HIV,,,0.0,7604
7105,HIV,,,0.0,2736
7106,HIV,,,0.0,5597
7107,HIV,,,0.0,2750
7108,HIV,,,0.0,2751
7109,HIV,,,0.0,2752
7110,HIV,,,0.0,2753
7111,HIV,,,0.0,1344
7112,HIV,,,0.0,1344
7113,HIV,,,0.0,1344
7114,HIV,,,0.0,1344
7115,HIV,,,0.0,2754
7116,HIV,,,0.0,2755
7117,HIV,,,0.0,5363
7118,HIV,,,0.0,2756
7119,HIV,,,0.0,2757
7120,HIV,,,0.0,5363
7121,HIV,,,0.0,3309
7122,HIV,,,0.0,2758
7123,HIV,,,0.0,2759
7124,HIV,,,0.0,2974
7125,HIV,,,0.0,2760
7126,HIV,,,0.0,2761
7127,HIV,,,1.0,2762
7128,HIV,,,0.0,1711
7129,HIV,,,0.0,2763
7130,HIV,,,0.0,2764
7131,HIV,,,0.0,6433
7132,HIV,,,0.0,2765
7133,HIV,,,0.0,2766
7134,HIV,,,0.0,5363
7135,HIV,,,0.0,5363
7136,HIV,,,0.0,5597
7137,HIV,,,0.0,2767
7138,HIV,,,0.0,7356
7139,HIV,,,0.0,5363
7140,HIV,,,0.0,2768
7141,HIV,,,0.0,2769
7142,HIV,,,0.0,2770
7143,HIV,,,0.0,2049
7144,HIV,,,0.0,14106
7145,HIV,,,0.0,7356
7146,HIV,,,0.0,7356
7147,HIV,,,0.0,1746
7148,HIV,,,0.0,2771
7149,HIV,,,0.0,2772
7150,HIV,,,0.0,2773
7151,HIV,,,0.0,2546
7152,HIV,,,0.0,8068
7153,HIV,,,0.0,5501
7154,HIV,,,0.0,1016
7155,HIV,,,0.0,11056
7156,HIV,,,0.0,2774
7157,HIV,,,0.0,3138
7158,HIV,,,0.0,2775
7159,HIV,,,0.0,2776
7160,HIV,,,0.0,1124
7161,HIV,,,0.0,2777
7162,HIV,,,0.0,2778
7163,HIV,,,0.0,10138
7164,HIV,,,0.0,2779
7165,HIV,,,0.0,3021
7166,HIV,,,0.0,2780
7167,HIV,,,0.0,2781
7168,HIV,,,0.0,2782
7169,HIV,,,1.0,2782
7170,HIV,,,0.0,2783
7171,HIV,,,1.0,2781
7172,HIV,,,0.0,7356
7173,HIV,,,0.0,2784
7174,HIV,,,0.0,2785
7175,HIV,,,0.0,2785
7176,HIV,,,0.0,2786
7177,HIV,,,0.0,2787
7178,HIV,,,0.0,2788
7179,HIV,,,0.0,2789
7180,HIV,,,0.0,2790
7181,HIV,,,0.0,1124
7182,HIV,,,0.0,2791
7183,HIV,,,0.0,2792
7184,HIV,,,0.0,13419
7185,HIV,,,0.0,2793
7186,HIV,,,1.0,2794
7187,HIV,,,0.0,2795
7188,HIV,,,0.0,5747
7189,HIV,,,0.0,5747
7190,HIV,,,0.0,2796
7191,HIV,,,0.0,2796
7192,HIV,,,0.0,13419
7193,HIV,,,0.0,13419
7194,HIV,,,0.0,2797
7195,HIV,,,0.0,2798
7196,HIV,,,0.0,13419
7197,HIV,,,0.0,2799
7198,HIV,,,0.0,11406
7199,HIV,,,0.0,12145
7200,HIV,,,0.0,2800
7201,HIV,,,0.0,7356
7202,HIV,,,0.0,335
7203,HIV,,,0.0,1477
7204,HIV,,,0.0,2801
7205,HIV,,,0.0,7337
7206,HIV,,,0.0,2802
7207,HIV,,,0.0,2803
7208,HIV,,,0.0,2804
7209,HIV,,,0.0,2805
7210,HIV,,,0.0,2806
7211,HIV,,,0.0,2807
7212,HIV,,,0.0,2808
7213,HIV,,,0.0,2546
7214,HIV,,,0.0,12891
7215,HIV,,,0.0,2809
7216,HIV,,,0.0,2809
7217,HIV,,,0.0,2810
7218,HIV,,,0.0,3689
7219,HIV,,,0.0,2811
7220,HIV,,,0.0,7591
7221,HIV,,,0.0,5363
7222,HIV,,,0.0,2812
7223,HIV,,,0.0,2813
7224,HIV,,,0.0,2814
7225,HIV,,,0.0,2815
7226,HIV,,,0.0,2546
7227,HIV,,,0.0,2816
7228,HIV,,,0.0,2817
7229,HIV,,,0.0,2818
7230,HIV,,,0.0,2819
7231,HIV,,,0.0,2820
7232,HIV,,,0.0,2821
7233,HIV,,,0.0,2822
7234,HIV,,,0.0,2822
7235,HIV,,,0.0,2823
7236,HIV,,,0.0,2824
7237,HIV,,,0.0,5747
7238,HIV,,,0.0,5992
7239,HIV,,,0.0,2825
7240,HIV,,,0.0,7356
7241,HIV,,,1.0,13831
7242,HIV,,,0.0,2826
7243,HIV,,,0.0,2827
7244,HIV,,,0.0,13183
7245,HIV,,,0.0,2828
7246,HIV,,,0.0,11152
7247,HIV,,,0.0,3692
7248,HIV,,,0.0,2546
7249,HIV,,,0.0,2546
7250,HIV,,,0.0,3692
7251,HIV,,,0.0,3878
7252,HIV,,,0.0,859
7253,HIV,,,0.0,2829
7254,HIV,,,0.0,2830
7255,HIV,,,0.0,5363
7256,HIV,,,0.0,2831
7257,HIV,,,0.0,2832
7258,HIV,,,0.0,2833
7259,HIV,,,0.0,2834
7260,HIV,,,0.0,2835
7261,HIV,,,0.0,2835
7262,HIV,,,0.0,5718
7263,HIV,,,0.0,2836
7264,HIV,,,0.0,2837
7265,HIV,,,0.0,2838
7266,HIV,,,0.0,2839
7267,HIV,,,0.0,5747
7268,HIV,,,0.0,5747
7269,HIV,,,0.0,5747
7270,HIV,,,0.0,5747
7271,HIV,,,0.0,2840
7272,HIV,,,0.0,2841
7273,HIV,,,0.0,2842
7274,HIV,,,0.0,2843
7275,HIV,,,0.0,5597
7276,HIV,,,0.0,5597
7277,HIV,,,0.0,604
7278,HIV,,,0.0,1746
7279,HIV,,,0.0,2844
7280,HIV,,,0.0,2845
7281,HIV,,,0.0,2845
7282,HIV,,,1.0,2846
7283,HIV,,,0.0,2847
7284,HIV,,,0.0,2848
7285,HIV,,,0.0,3031
7286,HIV,,,0.0,6801
7287,HIV,,,0.0,6801
7288,HIV,,,0.0,6801
7289,HIV,,,0.0,2849
7290,HIV,,,0.0,2850
7291,HIV,,,0.0,2546
7292,HIV,,,0.0,2851
7293,HIV,,,0.0,3309
7294,HIV,,,0.0,2852
7295,HIV,,,0.0,11169
7296,HIV,,,0.0,2546
7297,HIV,,,0.0,7356
7298,HIV,,,0.0,2853
7299,HIV,,,0.0,2854
7300,HIV,,,0.0,2855
7301,HIV,,,0.0,4080
7302,HIV,,,0.0,3034
7303,HIV,,,0.0,1711
7304,HIV,,,0.0,2856
7305,HIV,,,1.0,2857
7306,HIV,,,0.0,5363
7307,HIV,,,0.0,2858
7308,HIV,,,0.0,2858
7309,HIV,,,0.0,2859
7310,HIV,,,0.0,2860
7311,HIV,,,0.0,2861
7312,HIV,,,0.0,9512
7313,HIV,,,0.0,2862
7314,HIV,,,0.0,2863
7315,HIV,,,0.0,2864
7316,HIV,,,0.0,2865
7317,HIV,,,0.0,2865
7318,HIV,,,0.0,2866
7319,HIV,,,0.0,5363
7320,HIV,,,0.0,2867
7321,HIV,,,0.0,8272
7322,HIV,,,0.0,2868
7323,HIV,,,0.0,2869
7324,HIV,,,0.0,2870
7325,HIV,,,0.0,7388
7326,HIV,,,0.0,2871
7327,HIV,,,0.0,2872
7328,HIV,,,0.0,2872
7329,HIV,,,0.0,2872
7330,HIV,,,0.0,2873
7331,HIV,,,0.0,2874
7332,HIV,,,0.0,2874
7333,HIV,,,0.0,2875
7334,HIV,,,0.0,5747
7335,HIV,,,0.0,5747
7336,HIV,,,0.0,5747
7337,HIV,,,0.0,2876
7338,HIV,,,0.0,2877
7339,HIV,,,0.0,2878
7340,HIV,,,0.0,2875
7341,HIV,,,0.0,2879
7342,HIV,,,0.0,2880
7343,HIV,,,0.0,2881
7344,HIV,,,0.0,2882
7345,HIV,,,0.0,5718
7346,HIV,,,0.0,5718
7347,HIV,,,0.0,5718
7348,HIV,,,0.0,5718
7349,HIV,,,0.0,6574
7350,HIV,,,1.0,2883
7351,HIV,,,0.0,1016
7352,HIV,,,0.0,1016
7353,HIV,,,0.0,1016
7354,HIV,,,0.0,10400
7355,HIV,,,0.0,5363
7356,HIV,,,0.0,5363
7357,HIV,,,0.0,5363
7358,HIV,,,0.0,2884
7359,HIV,,,0.0,2885
7360,HIV,,,1.0,2885
7361,HIV,,,0.0,2886
7362,HIV,,,0.0,138
7363,HIV,,,0.0,2887
7364,HIV,,,0.0,5363
7365,HIV,,,0.0,2954
7366,HIV,,,0.0,2888
7367,HIV,,,0.0,2889
7368,HIV,,,0.0,2890
7369,HIV,,,0.0,2546
7370,HIV,,,0.0,2891
7371,HIV,,,0.0,2546
7372,HIV,,,0.0,2546
7373,HIV,,,0.0,2546
7374,HIV,,,0.0,285
7375,HIV,,,0.0,2892
7376,HIV,,,0.0,2893
7377,HIV,,,0.0,7356
7378,HIV,,,0.0,7356
7379,HIV,,,0.0,1016
7380,HIV,,,0.0,2546
7381,HIV,,,0.0,2894
7382,HIV,,,0.0,1729
7383,HIV,,,0.0,5363
7384,HIV,,,0.0,2546
7385,HIV,,,0.0,2895
7386,HIV,,,0.0,5165
7387,HIV,,,0.0,1016
7388,HIV,,,0.0,2896
7389,HIV,,,0.0,2897
7390,HIV,,,0.0,2897
7391,HIV,,,0.0,2898
7392,HIV,,,0.0,2899
7393,HIV,,,0.0,2900
7394,HIV,,,0.0,2901
7395,HIV,,,0.0,7356
7396,HIV,,,0.0,14106
7397,HIV,,,0.0,2902
7398,HIV,,,0.0,1966
7399,HIV,,,0.0,2903
7400,HIV,,,0.0,2904
7401,HIV,,,0.0,2905
7402,HIV,,,0.0,13964
7403,HIV,,,0.0,2906
7404,HIV,,,0.0,2907
7405,HIV,,,0.0,4999
7406,HIV,,,0.0,2908
7407,HIV,,,0.0,8686
7408,HIV,,,0.0,2909
7409,HIV,,,0.0,2910
7410,HIV,,,0.0,2911
7411,HIV,,,1.0,2909
7412,HIV,,,0.0,2912
7413,HIV,,,0.0,2913
7414,HIV,,,0.0,2913
7415,HIV,,,0.0,2914
7416,HIV,,,0.0,2915
7417,HIV,,,0.0,5597
7418,HIV,,,0.0,5597
7419,HIV,,,0.0,5597
7420,HIV,,,0.0,2916
7421,HIV,,,0.0,2917
7422,HIV,,,0.0,2918
7423,HIV,,,0.0,8392
7424,HIV,,,0.0,8392
7425,HIV,,,0.0,8392
7426,HIV,,,0.0,8392
7427,HIV,,,0.0,2919
7428,HIV,,,0.0,2920
7429,HIV,,,0.0,4885
7430,HIV,,,0.0,14106
7431,HIV,,,0.0,14106
7432,HIV,,,1.0,2921
7433,HIV,,,0.0,2921
7434,HIV,,,0.0,4885
7435,HIV,,,0.0,4885
7436,HIV,,,0.0,1856
7437,HIV,,,0.0,5363
7438,HIV,,,0.0,5363
7439,HIV,,,0.0,5363
7440,HIV,,,0.0,5363
7441,HIV,,,0.0,2922
7442,HIV,,,0.0,5363
7443,HIV,,,0.0,5363
7444,HIV,,,0.0,5363
7445,HIV,,,0.0,8392
7446,HIV,,,0.0,2923
7447,HIV,,,0.0,5747
7448,HIV,,,0.0,2924
7449,HIV,,,0.0,2925
7450,HIV,,,0.0,2926
7451,HIV,,,0.0,2927
7452,HIV,,,0.0,2928
7453,HIV,,,0.0,2929
7454,HIV,,,0.0,14106
7455,HIV,,,0.0,2930
7456,HIV,,,0.0,2928
7457,HIV,,,0.0,6436
7458,HIV,,,0.0,2931
7459,HIV,,,0.0,2932
7460,HIV,,,0.0,4790
7461,HIV,,,0.0,2933
7462,HIV,,,1.0,2934
7463,HIV,,,0.0,2935
7464,HIV,,,0.0,5363
7465,HIV,,,0.0,5363
7466,HIV,,,0.0,5363
7467,HIV,,,0.0,7591
7468,HIV,,,0.0,2936
7469,HIV,,,0.0,2937
7470,HIV,,,0.0,1701
7471,HIV,,,0.0,1701
7472,HIV,,,0.0,1701
7473,HIV,,,0.0,1701
7474,HIV,,,0.0,1701
7475,HIV,,,0.0,1701
7476,HIV,,,0.0,1701
7477,HIV,,,0.0,1701
7478,HIV,,,0.0,1701
7479,HIV,,,0.0,1701
7480,HIV,,,0.0,1701
7481,HIV,,,0.0,1701
7482,HIV,,,0.0,1701
7483,HIV,,,0.0,1701
7484,HIV,,,0.0,1701
7485,HIV,,,0.0,1701
7486,HIV,,,0.0,1701
7487,HIV,,,0.0,1701
7488,HIV,,,0.0,2938
7489,HIV,,,0.0,5363
7490,HIV,,,0.0,7356
7491,HIV,,,0.0,2939
7492,HIV,,,0.0,2939
7493,HIV,,,0.0,2940
7494,HIV,,,0.0,2941
7495,HIV,,,0.0,2941
7496,HIV,,,0.0,2941
7497,HIV,,,0.0,2941
7498,HIV,,,0.0,2942
7499,HIV,,,0.0,2943
7500,HIV,,,0.0,2943
7501,HIV,,,0.0,2944
7502,HIV,,,0.0,2945
7503,HIV,,,0.0,2897
7504,HIV,,,0.0,1701
7505,HIV,,,0.0,2546
7506,HIV,,,0.0,2946
7507,HIV,,,0.0,6574
7508,HIV,,,0.0,5747
7509,HIV,,,0.0,5747
7510,HIV,,,0.0,5747
7511,HIV,,,0.0,5747
7512,HIV,,,0.0,2947
7513,HIV,,,0.0,2948
7514,HIV,,,0.0,2949
7515,HIV,,,0.0,4653
7516,HIV,,,0.0,2950
7517,HIV,,,0.0,2951
7518,HIV,,,0.0,2951
7519,HIV,,,0.0,2951
7520,HIV,,,0.0,1473
7521,HIV,,,1.0,2473
7522,HIV,,,0.0,4506
7523,HIV,,,0.0,2952
7524,HIV,,,0.0,2953
7525,HIV,,,0.0,2954
7526,HIV,,,0.0,2955
7527,HIV,,,0.0,2956
7528,HIV,,,0.0,2957
7529,HIV,,,0.0,2958
7530,HIV,,,0.0,2959
7531,HIV,,,0.0,2960
7532,HIV,,,0.0,2961
7533,HIV,,,0.0,2962
7534,HIV,,,0.0,2963
7535,HIV,,,0.0,2964
7536,HIV,,,0.0,2964
7537,HIV,,,0.0,2965
7538,HIV,,,0.0,2966
7539,HIV,,,0.0,7356
7540,HIV,,,0.0,2967
7541,HIV,,,0.0,2968
7542,HIV,,,0.0,2969
7543,HIV,,,0.0,98
7544,HIV,,,0.0,10138
7545,HIV,,,0.0,2970
7546,HIV,,,0.0,2971
7547,HIV,,,0.0,2972
7548,HIV,,,0.0,2973
7549,HIV,,,0.0,1729
7550,HIV,,,0.0,2974
7551,HIV,,,0.0,2975
7552,HIV,,,0.0,3114
7553,HIV,,,0.0,6433
7554,HIV,,,0.0,2976
7555,HIV,,,0.0,7356
7556,HIV,,,0.0,2977
7557,HIV,,,0.0,2978
7558,HIV,,,0.0,2979
7559,HIV,,,0.0,2980
7560,HIV,,,0.0,7356
7561,HIV,,,0.0,2981
7562,HIV,,,0.0,2982
7563,HIV,,,0.0,5597
7564,HIV,,,0.0,5597
7565,HIV,,,0.0,2983
7566,HIV,,,0.0,2984
7567,HIV,,,0.0,2985
7568,HIV,,,0.0,2986
7569,HIV,,,0.0,2987
7570,HIV,,,0.0,2988
7571,HIV,,,0.0,13419
7572,HIV,,,0.0,2989
7573,HIV,,,0.0,7440
7574,HIV,,,0.0,2990
7575,HIV,,,0.0,2991
7576,HIV,,,0.0,10633
7577,HIV,,,0.0,11600
7578,HIV,,,0.0,5
7579,HIV,,,0.0,2992
7580,HIV,,,0.0,2993
7581,HIV,,,0.0,2994
7582,HIV,,,0.0,2995
7583,HIV,,,0.0,2996
7584,HIV,,,0.0,455
7585,HIV,,,0.0,2997
7586,HIV,,,0.0,2997
7587,HIV,,,0.0,13922
7588,HIV,,,0.0,2998
7589,HIV,,,0.0,2999
7590,HIV,,,0.0,2999
7591,HIV,,,0.0,2999
7592,HIV,,,0.0,3000
7593,HIV,,,0.0,3001
7594,HIV,,,0.0,3002
7595,HIV,,,0.0,3003
7596,HIV,,,0.0,3004
7597,HIV,,,0.0,7356
7598,HIV,,,0.0,7356
7599,HIV,,,0.0,3005
7600,HIV,,,0.0,8272
7601,HIV,,,0.0,1124
7602,HIV,,,0.0,14106
7603,HIV,,,0.0,205
7604,HIV,,,0.0,2906
7605,HIV,,,0.0,2906
7606,HIV,,,0.0,2906
7607,HIV,,,0.0,3006
7608,HIV,,,0.0,3008
7609,HIV,,,0.0,3007
7610,HIV,,,0.0,3008
7611,HIV,,,0.0,7356
7612,HIV,,,0.0,3009
7613,HIV,,,0.0,3010
7614,HIV,,,0.0,3011
7615,HIV,,,0.0,3011
7616,HIV,,,0.0,3012
7617,HIV,,,0.0,3013
7618,HIV,,,0.0,3014
7619,HIV,,,0.0,3015
7620,HIV,,,0.0,3016
7621,HIV,,,0.0,3016
7622,HIV,,,0.0,3017
7623,HIV,,,0.0,3018
7624,HIV,,,0.0,11913
7625,HIV,,,0.0,109
7626,HIV,,,0.0,2516
7627,HIV,,,0.0,7440
7628,HIV,,,0.0,3019
7629,HIV,,,0.0,9512
7630,HIV,,,0.0,205
7631,HIV,,,0.0,2739
7632,HIV,,,0.0,3020
7633,HIV,,,0.0,3021
7634,HIV,,,0.0,3022
7635,HIV,,,0.0,3600
7636,HIV,,,0.0,3023
7637,HIV,,,0.0,2546
7638,HIV,,,0.0,3024
7639,HIV,,,0.0,8348
7640,HIV,,,0.0,3025
7641,HIV,,,0.0,2546
7642,HIV,,,0.0,205
7643,HIV,,,0.0,8272
7644,HIV,,,0.0,8272
7645,HIV,,,0.0,3026
7646,HIV,,,0.0,3027
7647,HIV,,,0.0,14106
7648,HIV,,,0.0,3028
7649,HIV,,,0.0,250
7650,HIV,,,0.0,3029
7651,HIV,,,0.0,3279
7652,HIV,,,0.0,3030
7653,HIV,,,0.0,3031
7654,HIV,,,0.0,3032
7655,HIV,,,0.0,3033
7656,HIV,,,0.0,3034
7657,HIV,,,0.0,1966
7658,HIV,,,0.0,2546
7659,HIV,,,0.0,3035
7660,HIV,,,0.0,1590
7661,HIV,,,0.0,3036
7662,HIV,,,0.0,5363
7663,HIV,,,0.0,95
7664,HIV,,,0.0,14106
7665,HIV,,,0.0,4885
7666,HIV,,,0.0,14106
7667,HIV,,,0.0,3037
7668,HIV,,,0.0,3038
7669,HIV,,,0.0,9799
7670,HIV,,,0.0,9799
7671,HIV,,,0.0,2451
7672,HIV,,,0.0,3039
7673,HIV,,,0.0,13609
7674,HIV,,,0.0,3040
7675,HIV,,,0.0,3041
7676,HIV,,,0.0,2030
7677,HIV,,,0.0,3021
7678,HIV,,,0.0,3042
7679,HIV,,,0.0,3043
7680,HIV,,,0.0,5363
7681,HIV,,,0.0,3044
7682,HIV,,,0.0,3045
7683,HIV,,,0.0,5363
7684,HIV,,,0.0,5363
7685,HIV,,,0.0,3205
7686,HIV,,,0.0,3046
7687,HIV,,,0.0,3047
7688,HIV,,,0.0,3048
7689,HIV,,,0.0,3353
7690,HIV,,,0.0,3049
7691,HIV,,,0.0,1016
7692,HIV,,,0.0,1016
7693,HIV,,,0.0,1016
7694,HIV,,,0.0,3050
7695,HIV,,,0.0,3050
7696,HIV,,,0.0,3051
7697,HIV,,,0.0,5992
7698,HIV,,,0.0,5992
7699,HIV,,,0.0,3052
7700,HIV,,,0.0,4387
7701,HIV,,,0.0,3053
7702,HIV,,,0.0,3054
7703,HIV,,,0.0,4377
7704,HIV,,,0.0,8786
7705,HIV,,,0.0,3055
7706,HIV,,,0.0,3056
7707,HIV,,,0.0,3055
7708,HIV,,,0.0,3057
7709,HIV,,,0.0,3058
7710,HIV,,,0.0,2095
7711,HIV,,,1.0,7356
7712,HIV,,,0.0,1016
7713,HIV,,,0.0,3059
7714,HIV,,,0.0,1729
7715,HIV,,,0.0,3060
7716,HIV,,,0.0,1729
7717,HIV,,,0.0,3060
7718,HIV,,,0.0,14106
7719,HIV,,,0.0,3061
7720,HIV,,,0.0,5747
7721,HIV,,,0.0,3062
7722,HIV,,,0.0,3063
7723,HIV,,,0.0,7305
7724,HIV,,,0.0,2546
7725,HIV,,,0.0,279
7726,HIV,,,0.0,3064
7727,HIV,,,0.0,3064
7728,HIV,,,0.0,3065
7729,HIV,,,0.0,3066
7730,HIV,,,0.0,3067
7731,HIV,,,0.0,3068
7732,HIV,,,0.0,3069
7733,HIV,,,0.0,12249
7734,HIV,,,0.0,3071
7735,HIV,,,0.0,3070
7736,HIV,,,0.0,3071
7737,HIV,,,0.0,12249
7738,HIV,,,0.0,3071
7739,HIV,,,0.0,3072
7740,HIV,,,0.0,497
7741,HIV,,,0.0,3073
7742,HIV,,,1.0,843
7743,HIV,,,1.0,843
7744,HIV,,,0.0,3074
7745,HIV,,,0.0,129
7746,HIV,,,0.0,5597
7747,HIV,,,0.0,3075
7748,HIV,,,0.0,3076
7749,HIV,,,0.0,5363
7750,HIV,,,0.0,3077
7751,HIV,,,0.0,2976
7752,HIV,,,0.0,3078
7753,HIV,,,0.0,3078
7754,HIV,,,0.0,3079
7755,HIV,,,0.0,3078
7756,HIV,,,0.0,3080
7757,HIV,,,0.0,3082
7758,HIV,,,0.0,3081
7759,HIV,,,0.0,3082
7760,HIV,,,0.0,3083
7761,HIV,,,0.0,5597
7762,HIV,,,0.0,3083
7763,HIV,,,0.0,5597
7764,HIV,,,0.0,5597
7765,HIV,,,0.0,3084
7766,HIV,,,0.0,14043
7767,HIV,,,0.0,8392
7768,HIV,,,0.0,3085
7769,HIV,,,0.0,3086
7770,HIV,,,0.0,3087
7771,HIV,,,0.0,3088
7772,HIV,,,0.0,7535
7773,HIV,,,0.0,3089
7774,HIV,,,0.0,3090
7775,HIV,,,0.0,5747
7776,HIV,,,0.0,10223
7777,HIV,,,0.0,3091
7778,HIV,,,0.0,3092
7779,HIV,,,0.0,3093
7780,HIV,,,0.0,3094
7781,HIV,,,0.0,3095
7782,HIV,,,0.0,3096
7783,HIV,,,0.0,3096
7784,HIV,,,0.0,3097
7785,HIV,,,0.0,3098
7786,HIV,,,0.0,3098
7787,HIV,,,0.0,5165
7788,HIV,,,0.0,3099
7789,HIV,,,0.0,3100
7790,HIV,,,0.0,3101
7791,HIV,,,0.0,1912
7792,HIV,,,0.0,11141
7793,HIV,,,0.0,7535
7794,HIV,,,0.0,3102
7795,HIV,,,0.0,8272
7796,HIV,,,0.0,3103
7797,HIV,,,0.0,3104
7798,HIV,,,0.0,3105
7799,HIV,,,0.0,3106
7800,HIV,,,0.0,5747
7801,HIV,,,1.0,441
7802,HIV,,,0.0,2222
7803,HIV,,,0.0,2222
7804,HIV,,,0.0,3107
7805,HIV,,,0.0,3108
7806,HIV,,,0.0,3109
7807,HIV,,,0.0,3110
7808,HIV,,,0.0,3111
7809,HIV,,,0.0,2800
7810,HIV,,,0.0,3112
7811,HIV,,,0.0,3113
7812,HIV,,,0.0,3114
7813,HIV,,,0.0,3114
7814,HIV,,,1.0,3114
7815,HIV,,,1.0,3114
7816,HIV,,,0.0,3115
7817,HIV,,,0.0,3138
7818,HIV,,,0.0,3116
7819,HIV,,,0.0,3117
7820,HIV,,,0.0,3118
7821,HIV,,,0.0,7356
7822,HIV,,,1.0,3279
7823,HIV,,,0.0,3279
7824,HIV,,,0.0,2049
7825,HIV,,,0.0,8903
7826,HIV,,,0.0,3119
7827,HIV,,,0.0,3120
7828,HIV,,,0.0,3120
7829,HIV,,,0.0,3121
7830,HIV,,,0.0,3124
7831,HIV,,,0.0,3122
7832,HIV,,,0.0,3123
7833,HIV,,,0.0,2546
7834,HIV,,,0.0,1868
7835,HIV,,,0.0,3124
7836,HIV,,,0.0,3125
7837,HIV,,,0.0,5268
7838,HIV,,,0.0,10400
7839,HIV,,,0.0,8903
7840,HIV,,,0.0,3126
7841,HIV,,,0.0,3126
7842,HIV,,,0.0,3127
7843,HIV,,,0.0,7356
7844,HIV,,,0.0,10835
7845,HIV,,,0.0,3128
7846,HIV,,,0.0,5781
7847,HIV,,,0.0,10835
7848,HIV,,,0.0,3129
7849,HIV,,,0.0,5781
7850,HIV,,,0.0,3254
7851,HIV,,,0.0,11795
7852,HIV,,,0.0,3130
7853,HIV,,,0.0,930
7854,HIV,,,0.0,3205
7855,HIV,,,0.0,3205
7856,HIV,,,0.0,3131
7857,HIV,,,0.0,3132
7858,HIV,,,0.0,3133
7859,HIV,,,0.0,3134
7860,HIV,,,0.0,3135
7861,HIV,,,0.0,3136
7862,HIV,,,0.0,3137
7863,HIV,,,0.0,3138
7864,HIV,,,0.0,3138
7865,HIV,,,0.0,3139
7866,HIV,,,0.0,3140
7867,HIV,,,0.0,3114
7868,HIV,,,0.0,3141
7869,HIV,,,0.0,3142
7870,HIV,,,0.0,3823
7871,HIV,,,0.0,7946
7872,HIV,,,0.0,7946
7873,HIV,,,0.0,3143
7874,HIV,,,0.0,3144
7875,HIV,,,0.0,98
7876,HIV,,,0.0,6093
7877,HIV,,,0.0,6093
7878,HIV,,,0.0,3145
7879,HIV,,,0.0,3146
7880,HIV,,,0.0,3147
7881,HIV,,,0.0,3148
7882,HIV,,,0.0,5363
7883,HIV,,,0.0,3149
7884,HIV,,,0.0,3150
7885,HIV,,,0.0,3151
7886,HIV,,,0.0,8903
7887,HIV,,,0.0,7441
7888,HIV,,,0.0,3152
7889,HIV,,,0.0,3152
7890,HIV,,,0.0,3152
7891,HIV,,,0.0,3153
7892,HIV,,,0.0,11358
7893,HIV,,,0.0,7388
7894,HIV,,,0.0,13419
7895,HIV,,,0.0,7388
7896,HIV,,,0.0,3387
7897,HIV,,,0.0,3154
7898,HIV,,,0.0,3155
7899,HIV,,,0.0,441
7900,HIV,,,0.0,1016
7901,HIV,,,0.0,3156
7902,HIV,,,0.0,3157
7903,HIV,,,0.0,5363
7904,HIV,,,0.0,5363
7905,HIV,,,0.0,5363
7906,HIV,,,0.0,7439
7907,HIV,,,0.0,7356
7908,HIV,,,0.0,3158
7909,HIV,,,1.0,551
7910,HIV,,,0.0,3159
7911,HIV,,,0.0,3160
7912,HIV,,,0.0,13612
7913,HIV,,,0.0,13612
7914,HIV,,,0.0,13612
7915,HIV,,,0.0,13612
7916,HIV,,,0.0,2137
7917,HIV,,,0.0,3161
7918,HIV,,,0.0,6436
7919,HIV,,,0.0,6436
7920,HIV,,,0.0,7356
7921,HIV,,,0.0,3162
7922,HIV,,,0.0,3163
7923,HIV,,,0.0,10390
7924,HIV,,,0.0,233
7925,HIV,,,0.0,205
7926,HIV,,,1.0,434
7927,HIV,,,0.0,3164
7928,HIV,,,0.0,343
7929,HIV,,,0.0,3165
7930,HIV,,,0.0,3166
7931,HIV,,,0.0,5346
7932,HIV,,,0.0,3167
7933,HIV,,,0.0,2414
7934,HIV,,,0.0,2414
7935,HIV,,,0.0,2414
7936,HIV,,,0.0,3168
7937,HIV,,,0.0,5747
7938,HIV,,,0.0,3169
7939,HIV,,,0.0,288
7940,HIV,,,0.0,7591
7941,HIV,,,0.0,12533
7942,HIV,,,0.0,3170
7943,HIV,,,0.0,5363
7944,HIV,,,0.0,3171
7945,HIV,,,1.0,3172
7946,HIV,,,0.0,3173
7947,HIV,,,0.0,3174
7948,HIV,,,0.0,3175
7949,HIV,,,0.0,1568
7950,HIV,,,0.0,45
7951,HIV,,,1.0,3176
7952,HIV,,,0.0,3750
7953,HIV,,,0.0,3177
7954,HIV,,,0.0,3178
7955,HIV,,,0.0,3179
7956,HIV,,,0.0,1487
7957,HIV,,,0.0,3180
7958,HIV,,,0.0,3336
7959,HIV,,,0.0,3181
7960,HIV,,,1.0,13419
7961,HIV,,,0.0,3483
7962,HIV,,,0.0,3483
7963,HIV,,,0.0,3182
7964,HIV,,,0.0,5363
7965,HIV,,,0.0,10036
7966,HIV,,,0.0,3183
7967,HIV,,,0.0,1746
7968,HIV,,,0.0,1746
7969,HIV,,,0.0,2546
7970,HIV,,,0.0,3336
7971,HIV,,,0.0,3184
7972,HIV,,,0.0,3185
7973,HIV,,,0.0,3186
7974,HIV,,,0.0,3187
7975,HIV,,,0.0,3254
7976,HIV,,,0.0,4202
7977,HIV,,,0.0,7388
7978,HIV,,,0.0,2629
7979,HIV,,,0.0,3188
7980,HIV,,,0.0,3189
7981,HIV,,,0.0,3190
7982,HIV,,,0.0,11406
7983,HIV,,,0.0,9512
7984,HIV,,,0.0,3191
7985,HIV,,,0.0,3192
7986,HIV,,,0.0,8903
7987,HIV,,,0.0,8903
7988,HIV,,,0.0,3193
7989,HIV,,,0.0,3194
7990,HIV,,,0.0,3195
7991,HIV,,,0.0,3195
7992,HIV,,,0.0,3196
7993,HIV,,,0.0,5597
7994,HIV,,,0.0,3197
7995,HIV,,,0.0,8903
7996,HIV,,,0.0,10875
7997,HIV,,,0.0,3198
7998,HIV,,,0.0,7356
7999,HIV,,,0.0,3199
8000,HIV,,,0.0,3200
8001,HIV,,,0.0,5363
8002,HIV,,,0.0,2566
8003,HIV,,,0.0,5597
8004,HIV,,,0.0,8686
8005,HIV,,,0.0,3353
8006,HIV,,,0.0,3353
8007,HIV,,,0.0,3353
8008,HIV,,,0.0,3353
8009,HIV,,,0.0,3201
8010,HIV,,,0.0,3202
8011,HIV,,,0.0,3203
8012,HIV,,,0.0,11326
8013,HIV,,,0.0,8272
8014,HIV,,,0.0,343
8015,HIV,,,0.0,1016
8016,HIV,,,0.0,3204
8017,HIV,,,0.0,3205
8018,HIV,,,0.0,3206
8019,HIV,,,0.0,3207
8020,HIV,,,0.0,8199
8021,HIV,,,0.0,3208
8022,HIV,,,0.0,3209
8023,HIV,,,0.0,7356
8024,HIV,,,0.0,4377
8025,HIV,,,0.0,3083
8026,HIV,,,0.0,3210
8027,HIV,,,0.0,3211
8028,HIV,,,0.0,5165
8029,HIV,,,0.0,2546
8030,HIV,,,0.0,7591
8031,HIV,,,0.0,3212
8032,HIV,,,0.0,3213
8033,HIV,,,0.0,3214
8034,HIV,,,0.0,3215
8035,HIV,,,0.0,3216
8036,HIV,,,0.0,3217
8037,HIV,,,0.0,3218
8038,HIV,,,0.0,3219
8039,HIV,,,0.0,7337
8040,HIV,,,0.0,3220
8041,HIV,,,0.0,3221
8042,HIV,,,0.0,3222
8043,HIV,,,0.0,3223
8044,HIV,,,0.0,3224
8045,HIV,,,0.0,3225
8046,HIV,,,0.0,3226
8047,HIV,,,0.0,3227
8048,HIV,,,0.0,8159
8049,HIV,,,0.0,3228
8050,HIV,,,0.0,3228
8051,HIV,,,0.0,3207
8052,HIV,,,0.0,3229
8053,HIV,,,0.0,5363
8054,HIV,,,0.0,2566
8055,HIV,,,0.0,5597
8056,HIV,,,0.0,14106
8057,HIV,,,0.0,3230
8058,HIV,,,0.0,3231
8059,HIV,,,0.0,3232
8060,HIV,,,0.0,335
8061,HIV,,,1.0,335
8062,HIV,,,0.0,13922
8063,HIV,,,0.0,2222
8064,HIV,,,0.0,3233
8065,HIV,,,0.0,3234
8066,HIV,,,0.0,3235
8067,HIV,,,0.0,205
8068,HIV,,,0.0,205
8069,HIV,,,0.0,205
8070,HIV,,,0.0,3279
8071,HIV,,,0.0,3279
8072,HIV,,,0.0,205
8073,HIV,,,0.0,4790
8074,HIV,,,0.0,3606
8075,HIV,,,0.0,3279
8076,HIV,,,0.0,3279
8077,HIV,,,0.0,3279
8078,HIV,,,0.0,3279
8079,HIV,,,0.0,3279
8080,HIV,,,0.0,3279
8081,HIV,,,0.0,3236
8082,HIV,,,0.0,205
8083,HIV,,,0.0,3237
8084,HIV,,,0.0,6436
8085,HIV,,,0.0,3238
8086,HIV,,,1.0,3239
8087,HIV,,,0.0,3240
8088,HIV,,,0.0,3240
8089,HIV,,,0.0,3241
8090,HIV,,,0.0,3242
8091,HIV,,,0.0,3269
8092,HIV,,,0.0,5747
8093,HIV,,,0.0,3243
8094,HIV,,,0.0,11795
8095,HIV,,,0.0,3244
8096,HIV,,,0.0,3245
8097,HIV,,,0.0,3246
8098,HIV,,,0.0,3247
8099,HIV,,,0.0,7663
8100,HIV,,,0.0,3248
8101,HIV,,,0.0,3249
8102,HIV,,,0.0,3871
8103,HIV,,,0.0,3250
8104,HIV,,,0.0,4790
8105,HIV,,,1.0,3251
8106,HIV,,,0.0,3252
8107,HIV,,,0.0,2546
8108,HIV,,,0.0,7356
8109,HIV,,,0.0,3253
8110,HIV,,,0.0,3253
8111,HIV,,,0.0,8903
8112,HIV,,,0.0,8903
8113,HIV,,,0.0,8903
8114,HIV,,,0.0,8903
8115,HIV,,,0.0,3254
8116,HIV,,,0.0,3254
8117,HIV,,,0.0,3255
8118,HIV,,,0.0,3309
8119,HIV,,,0.0,14106
8120,HIV,,,0.0,3256
8121,HIV,,,0.0,3257
8122,HIV,,,0.0,5747
8123,HIV,,,0.0,3258
8124,HIV,,,0.0,3655
8125,HIV,,,0.0,3259
8126,HIV,,,0.0,3260
8127,HIV,,,0.0,3261
8128,HIV,,,0.0,9512
8129,HIV,,,0.0,9512
8130,HIV,,,0.0,9512
8131,HIV,,,0.0,3262
8132,HIV,,,0.0,1711
8133,HIV,,,0.0,7644
8134,HIV,,,0.0,3021
8135,HIV,,,0.0,441
8136,HIV,,,0.0,7356
8137,HIV,,,0.0,3309
8138,HIV,,,0.0,3263
8139,HIV,,,0.0,3264
8140,HIV,,,0.0,3265
8141,HIV,,,0.0,2546
8142,HIV,,,0.0,3266
8143,HIV,,,0.0,3267
8144,HIV,,,0.0,10496
8145,HIV,,,0.0,3268
8146,HIV,,,0.0,14106
8147,HIV,,,0.0,3269
8148,HIV,,,0.0,3270
8149,HIV,,,0.0,3271
8150,HIV,,,0.0,3279
8151,HIV,,,0.0,3272
8152,HIV,,,0.0,2546
8153,HIV,,,0.0,7591
8154,HIV,,,0.0,7411
8155,HIV,,,0.0,3273
8156,HIV,,,0.0,3138
8157,HIV,,,0.0,3274
8158,HIV,,,0.0,3275
8159,HIV,,,0.0,3276
8160,HIV,,,0.0,13419
8161,HIV,,,0.0,3158
8162,HIV,,,0.0,3277
8163,HIV,,,0.0,3278
8164,HIV,,,0.0,3279
8165,HIV,,,0.0,3279
8166,HIV,,,0.0,3279
8167,HIV,,,0.0,5597
8168,HIV,,,0.0,5597
8169,HIV,,,0.0,7113
8170,HIV,,,0.0,6801
8171,HIV,,,0.0,10746
8172,HIV,,,0.0,2546
8173,HIV,,,0.0,2546
8174,HIV,,,0.0,2546
8175,HIV,,,0.0,3280
8176,HIV,,,0.0,3309
8177,HIV,,,0.0,3309
8178,HIV,,,0.0,3309
8179,HIV,,,0.0,3281
8180,HIV,,,0.0,3282
8181,HIV,,,0.0,3283
8182,HIV,,,0.0,3284
8183,HIV,,,0.0,343
8184,HIV,,,0.0,3285
8185,HIV,,,0.0,3289
8186,HIV,,,0.0,3692
8187,HIV,,,0.0,3286
8188,HIV,,,0.0,3287
8189,HIV,,,0.0,3692
8190,HIV,,,0.0,3288
8191,HIV,,,0.0,3692
8192,HIV,,,0.0,3289
8193,HIV,,,0.0,4548
8194,HIV,,,0.0,3290
8195,HIV,,,0.0,3291
8196,HIV,,,0.0,3292
8197,HIV,,,0.0,3293
8198,HIV,,,0.0,3294
8199,HIV,,,0.0,3294
8200,HIV,,,1.0,3294
8201,HIV,,,0.0,3294
8202,HIV,,,0.0,5424
8203,HIV,,,0.0,3295
8204,HIV,,,0.0,6433
8205,HIV,,,0.0,3296
8206,HIV,,,0.0,9886
8207,HIV,,,0.0,8903
8208,HIV,,,0.0,7814
8209,HIV,,,0.0,10746
8210,HIV,,,0.0,10746
8211,HIV,,,0.0,10746
8212,HIV,,,0.0,10746
8213,HIV,,,0.0,10746
8214,HIV,,,0.0,3297
8215,HIV,,,0.0,3298
8216,HIV,,,0.0,3299
8217,HIV,,,0.0,5790
8218,HIV,,,0.0,3300
8219,HIV,,,0.0,5363
8220,HIV,,,0.0,1016
8221,HIV,,,0.0,3301
8222,HIV,,,0.0,3302
8223,HIV,,,0.0,3303
8224,HIV,,,0.0,3304
8225,HIV,,,0.0,3305
8226,HIV,,,0.0,10390
8227,HIV,,,0.0,10390
8228,HIV,,,0.0,3491
8229,HIV,,,0.0,3306
8230,HIV,,,0.0,7388
8231,HIV,,,0.0,3307
8232,HIV,,,0.0,3308
8233,HIV,,,0.0,3114
8234,HIV,,,0.0,3114
8235,HIV,,,0.0,3309
8236,HIV,,,0.0,3309
8237,HIV,,,0.0,3309
8238,HIV,,,0.0,3309
8239,HIV,,,0.0,3309
8240,HIV,,,0.0,3202
8241,HIV,,,0.0,3310
8242,HIV,,,0.0,3311
8243,HIV,,,0.0,3312
8244,HIV,,,0.0,3313
8245,HIV,,,0.0,14106
8246,HIV,,,0.0,3314
8247,HIV,,,0.0,3315
8248,HIV,,,0.0,9512
8249,HIV,,,0.0,9512
8250,HIV,,,0.0,9512
8251,HIV,,,0.0,9512
8252,HIV,,,0.0,9512
8253,HIV,,,0.0,9512
8254,HIV,,,0.0,9512
8255,HIV,,,0.0,9512
8256,HIV,,,0.0,9512
8257,HIV,,,0.0,9512
8258,HIV,,,0.0,9512
8259,HIV,,,0.0,9512
8260,HIV,,,0.0,9512
8261,HIV,,,0.0,9512
8262,HIV,,,0.0,9512
8263,HIV,,,0.0,9512
8264,HIV,,,0.0,9512
8265,HIV,,,0.0,9512
8266,HIV,,,0.0,9512
8267,HIV,,,0.0,9512
8268,HIV,,,0.0,9512
8269,HIV,,,0.0,9512
8270,HIV,,,0.0,9512
8271,HIV,,,0.0,9512
8272,HIV,,,0.0,9512
8273,HIV,,,0.0,9512
8274,HIV,,,0.0,9512
8275,HIV,,,0.0,9512
8276,HIV,,,0.0,9512
8277,HIV,,,0.0,9512
8278,HIV,,,0.0,9512
8279,HIV,,,0.0,9512
8280,HIV,,,0.0,9512
8281,HIV,,,0.0,9512
8282,HIV,,,0.0,9512
8283,HIV,,,0.0,9512
8284,HIV,,,0.0,9512
8285,HIV,,,0.0,9512
8286,HIV,,,0.0,9512
8287,HIV,,,0.0,9512
8288,HIV,,,0.0,3316
8289,HIV,,,0.0,3317
8290,HIV,,,0.0,3318
8291,HIV,,,0.0,3319
8292,HIV,,,0.0,3021
8293,HIV,,,0.0,3320
8294,HIV,,,0.0,3321
8295,HIV,,,0.0,3322
8296,HIV,,,0.0,3323
8297,HIV,,,0.0,3324
8298,HIV,,,0.0,3324
8299,HIV,,,0.0,3325
8300,HIV,,,0.0,3326
8301,HIV,,,0.0,3327
8302,HIV,,,0.0,5363
8303,HIV,,,0.0,3878
8304,HIV,,,0.0,843
8305,HIV,,,0.0,843
8306,HIV,,,0.0,843
8307,HIV,,,0.0,843
8308,HIV,,,0.0,843
8309,HIV,,,0.0,843
8310,HIV,,,0.0,843
8311,HIV,,,0.0,843
8312,HIV,,,0.0,3328
8313,HIV,,,0.0,2546
8314,HIV,,,0.0,3329
8315,HIV,,,0.0,2546
8316,HIV,,,0.0,11180
8317,HIV,,,0.0,3330
8318,HIV,,,0.0,1016
8319,HIV,,,0.0,3333
8320,HIV,,,0.0,236
8321,HIV,,,0.0,1016
8322,HIV,,,0.0,1016
8323,HIV,,,0.0,3331
8324,HIV,,,1.0,5
8325,HIV,,,0.0,3331
8326,HIV,,,0.0,3332
8327,HIV,,,1.0,5992
8328,HIV,,,0.0,6801
8329,HIV,,,0.0,5992
8330,HIV,,,0.0,1016
8331,HIV,,,0.0,6801
8332,HIV,,,0.0,3333
8333,HIV,,,0.0,5992
8334,HIV,,,0.0,13815
8335,HIV,,,0.0,3279
8336,HIV,,,0.0,899
8337,HIV,,,0.0,1016
8338,HIV,,,0.0,3331
8339,HIV,,,0.0,1016
8340,HIV,,,0.0,4790
8341,HIV,,,1.0,343
8342,HIV,,,0.0,3334
8343,HIV,,,0.0,3334
8344,HIV,,,0.0,10275
8345,HIV,,,0.0,7591
8346,HIV,,,0.0,3335
8347,HIV,,,0.0,3336
8348,HIV,,,0.0,3337
8349,HIV,,,0.0,3338
8350,HIV,,,0.0,3339
8351,HIV,,,0.0,5363
8352,HIV,,,0.0,3340
8353,HIV,,,0.0,3309
8354,HIV,,,1.0,45
8355,HIV,,,0.0,3341
8356,HIV,,,0.0,3342
8357,HIV,,,0.0,3343
8358,HIV,,,0.0,3343
8359,HIV,,,0.0,3344
8360,HIV,,,0.0,3345
8361,HIV,,,0.0,6436
8362,HIV,,,0.0,3346
8363,HIV,,,0.0,7132
8364,HIV,,,0.0,3347
8365,HIV,,,0.0,3348
8366,HIV,,,0.0,3349
8367,HIV,,,0.0,3350
8368,HIV,,,0.0,3254
8369,HIV,,,0.0,8348
8370,HIV,,,0.0,10314
8371,HIV,,,0.0,7644
8372,HIV,,,0.0,3351
8373,HIV,,,0.0,7644
8374,HIV,,,0.0,3352
8375,HIV,,,0.0,4730
8376,HIV,,,0.0,10400
8377,HIV,,,0.0,3353
8378,HIV,,,0.0,3353
8379,HIV,,,0.0,3353
8380,HIV,,,0.0,3354
8381,HIV,,,0.0,5424
8382,HIV,,,0.0,3355
8383,HIV,,,0.0,3356
8384,HIV,,,0.0,10390
8385,HIV,,,1.0,10390
8386,HIV,,,0.0,3266
8387,HIV,,,0.0,3114
8388,HIV,,,0.0,343
8389,HIV,,,0.0,3357
8390,HIV,,,0.0,6470
8391,HIV,,,0.0,3207
8392,HIV,,,0.0,3358
8393,HIV,,,0.0,3358
8394,HIV,,,0.0,343
8395,HIV,,,0.0,3359
8396,HIV,,,0.0,10753
8397,HIV,,,0.0,3360
8398,HIV,,,0.0,3361
8399,HIV,,,0.0,5363
8400,HIV,,,0.0,3362
8401,HIV,,,0.0,3363
8402,HIV,,,0.0,3364
8403,HIV,,,0.0,3365
8404,HIV,,,0.0,3366
8405,HIV,,,0.0,205
8406,HIV,,,0.0,9614
8407,HIV,,,0.0,3367
8408,HIV,,,0.0,3367
8409,HIV,,,0.0,3367
8410,HIV,,,0.0,3367
8411,HIV,,,0.0,3476
8412,HIV,,,0.0,3748
8413,HIV,,,0.0,3368
8414,HIV,,,0.0,205
8415,HIV,,,0.0,205
8416,HIV,,,0.0,3369
8417,HIV,,,0.0,3370
8418,HIV,,,0.0,3371
8419,HIV,,,0.0,3372
8420,HIV,,,0.0,4446
8421,HIV,,,0.0,3373
8422,HIV,,,0.0,3374
8423,HIV,,,0.0,5363
8424,HIV,,,0.0,9512
8425,HIV,,,0.0,3375
8426,HIV,,,0.0,3279
8427,HIV,,,0.0,3376
8428,HIV,,,0.0,3377
8429,HIV,,,0.0,5363
8430,HIV,,,0.0,5363
8431,HIV,,,0.0,5363
8432,HIV,,,0.0,5363
8433,HIV,,,1.0,3378
8434,HIV,,,0.0,3379
8435,HIV,,,0.0,2546
8436,HIV,,,0.0,3380
8437,HIV,,,0.0,3381
8438,HIV,,,0.0,3382
8439,HIV,,,0.0,3383
8440,HIV,,,0.0,3384
8441,HIV,,,0.0,3384
8442,HIV,,,0.0,3384
8443,HIV,,,0.0,3385
8444,HIV,,,0.0,3384
8445,HIV,,,0.0,3386
8446,HIV,,,0.0,5747
8447,HIV,,,0.0,3353
8448,HIV,,,0.0,3387
8449,HIV,,,0.0,13419
8450,HIV,,,0.0,13419
8451,HIV,,,0.0,5363
8452,HIV,,,0.0,3207
8453,HIV,,,0.0,3388
8454,HIV,,,0.0,3388
8455,HIV,,,0.0,3388
8456,HIV,,,0.0,3388
8457,HIV,,,0.0,3389
8458,HIV,,,0.0,3390
8459,HIV,,,0.0,3391
8460,HIV,,,0.0,13419
8461,HIV,,,0.0,5363
8462,HIV,,,0.0,7388
8463,HIV,,,0.0,3021
8464,HIV,,,0.0,5363
8465,HIV,,,0.0,13419
8466,HIV,,,0.0,3392
8467,HIV,,,0.0,3393
8468,HIV,,,0.0,3394
8469,HIV,,,0.0,3395
8470,HIV,,,0.0,3396
8471,HIV,,,0.0,3397
8472,HIV,,,0.0,3398
8473,HIV,,,0.0,3399
8474,HIV,,,0.0,3400
8475,HIV,,,0.0,3401
8476,HIV,,,0.0,3402
8477,HIV,,,0.0,3403
8478,HIV,,,0.0,3421
8479,HIV,,,0.0,3404
8480,HIV,,,0.0,3404
8481,HIV,,,0.0,3405
8482,HIV,,,0.0,3406
8483,HIV,,,0.0,7611
8484,HIV,,,0.0,3407
8485,HIV,,,0.0,3408
8486,HIV,,,0.0,3409
8487,HIV,,,0.0,4548
8488,HIV,,,0.0,3759
8489,HIV,,,1.0,5363
8490,HIV,,,0.0,13419
8491,HIV,,,0.0,5363
8492,HIV,,,0.0,3410
8493,HIV,,,0.0,3411
8494,HIV,,,0.0,13815
8495,HIV,,,0.0,3412
8496,HIV,,,0.0,3413
8497,HIV,,,0.0,7411
8498,HIV,,,0.0,3344
8499,HIV,,,0.0,3414
8500,HIV,,,0.0,2546
8501,HIV,,,0.0,3415
8502,HIV,,,0.0,8959
8503,HIV,,,0.0,1987
8504,HIV,,,0.0,3416
8505,HIV,,,0.0,3417
8506,HIV,,,0.0,7591
8507,HIV,,,0.0,3279
8508,HIV,,,0.0,3418
8509,HIV,,,0.0,3418
8510,HIV,,,0.0,3419
8511,HIV,,,0.0,3114
8512,HIV,,,0.0,13419
8513,HIV,,,0.0,3420
8514,HIV,,,0.0,5718
8515,HIV,,,0.0,3421
8516,HIV,,,0.0,3422
8517,HIV,,,0.0,3422
8518,HIV,,,0.0,3309
8519,HIV,,,0.0,3423
8520,HIV,,,0.0,3424
8521,HIV,,,0.0,3425
8522,HIV,,,0.0,3425
8523,HIV,,,0.0,3426
8524,HIV,,,0.0,3427
8525,HIV,,,0.0,3428
8526,HIV,,,0.0,3429
8527,HIV,,,0.0,3429
8528,HIV,,,0.0,3429
8529,HIV,,,0.0,1828
8530,HIV,,,0.0,3430
8531,HIV,,,0.0,3431
8532,HIV,,,0.0,3432
8533,HIV,,,0.0,3433
8534,HIV,,,0.0,5363
8535,HIV,,,0.0,3434
8536,HIV,,,0.0,3435
8537,HIV,,,0.0,2284
8538,HIV,,,0.0,1454
8539,HIV,,,0.0,5424
8540,HIV,,,0.0,3436
8541,HIV,,,0.0,3436
8542,HIV,,,0.0,12557
8543,HIV,,,0.0,7946
8544,HIV,,,0.0,3437
8545,HIV,,,0.0,3438
8546,HIV,,,0.0,3138
8547,HIV,,,0.0,343
8548,HIV,,,0.0,2546
8549,HIV,,,0.0,2546
8550,HIV,,,0.0,4390
8551,HIV,,,0.0,5489
8552,HIV,,,0.0,3439
8553,HIV,,,0.0,3440
8554,HIV,,,1.0,3441
8555,HIV,,,0.0,3442
8556,HIV,,,0.0,3443
8557,HIV,,,0.0,3443
8558,HIV,,,0.0,3444
8559,HIV,,,0.0,3445
8560,HIV,,,0.0,3446
8561,HIV,,,0.0,10138
8562,HIV,,,0.0,3447
8563,HIV,,,0.0,2527
8564,HIV,,,0.0,8903
8565,HIV,,,0.0,8903
8566,HIV,,,0.0,3448
8567,HIV,,,0.0,3279
8568,HIV,,,0.0,7611
8569,HIV,,,0.0,3449
8570,HIV,,,0.0,3450
8571,HIV,,,0.0,5363
8572,HIV,,,0.0,5363
8573,HIV,,,0.0,3451
8574,HIV,,,0.0,3452
8575,HIV,,,0.0,3453
8576,HIV,,,0.0,6190
8577,HIV,,,0.0,6190
8578,HIV,,,0.0,3454
8579,HIV,,,0.0,5747
8580,HIV,,,0.0,3455
8581,HIV,,,0.0,3456
8582,HIV,,,0.0,1747
8583,HIV,,,1.0,205
8584,HIV,,,0.0,3457
8585,HIV,,,0.0,7356
8586,HIV,,,0.0,3458
8587,HIV,,,0.0,3254
8588,HIV,,,0.0,3459
8589,HIV,,,0.0,3460
8590,HIV,,,0.0,7356
8591,HIV,,,1.0,7700
8592,HIV,,,0.0,3461
8593,HIV,,,0.0,597
8594,HIV,,,0.0,3462
8595,HIV,,,0.0,3463
8596,HIV,,,0.0,7946
8597,HIV,,,0.0,3464
8598,HIV,,,0.0,3465
8599,HIV,,,0.0,3021
8600,HIV,,,0.0,3466
8601,HIV,,,0.0,3467
8602,HIV,,,0.0,2546
8603,HIV,,,0.0,3468
8604,HIV,,,0.0,8686
8605,HIV,,,0.0,5363
8606,HIV,,,0.0,8916
8607,HIV,,,0.0,3469
8608,HIV,,,0.0,3470
8609,HIV,,,0.0,3471
8610,HIV,,,0.0,3602
8611,HIV,,,0.0,3472
8612,HIV,,,0.0,3472
8613,HIV,,,0.0,3473
8614,HIV,,,0.0,3254
8615,HIV,,,0.0,3474
8616,HIV,,,0.0,3475
8617,HIV,,,0.0,7946
8618,HIV,,,0.0,6801
8619,HIV,,,0.0,3476
8620,HIV,,,0.0,3367
8621,HIV,,,0.0,3477
8622,HIV,,,0.0,3478
8623,HIV,,,0.0,5597
8624,HIV,,,0.0,5597
8625,HIV,,,0.0,5625
8626,HIV,,,0.0,5625
8627,HIV,,,0.0,3479
8628,HIV,,,0.0,3480
8629,HIV,,,0.0,3481
8630,HIV,,,0.0,5363
8631,HIV,,,0.0,5363
8632,HIV,,,0.0,5363
8633,HIV,,,0.0,5363
8634,HIV,,,0.0,5363
8635,HIV,,,0.0,5363
8636,HIV,,,0.0,5363
8637,HIV,,,0.0,7356
8638,HIV,,,0.0,3383
8639,HIV,,,0.0,335
8640,HIV,,,0.0,335
8641,HIV,,,0.0,3482
8642,HIV,,,0.0,3483
8643,HIV,,,0.0,13419
8644,HIV,,,0.0,3484
8645,HIV,,,0.0,3483
8646,HIV,,,0.0,3483
8647,HIV,,,0.0,3484
8648,HIV,,,0.0,13419
8649,HIV,,,1.0,5363
8650,HIV,,,0.0,13419
8651,HIV,,,0.0,3485
8652,HIV,,,0.0,3486
8653,HIV,,,0.0,3487
8654,HIV,,,0.0,3488
8655,HIV,,,0.0,3489
8656,HIV,,,0.0,5363
8657,HIV,,,1.0,3490
8658,HIV,,,1.0,3490
8659,HIV,,,0.0,1124
8660,HIV,,,0.0,3491
8661,HIV,,,0.0,3492
8662,HIV,,,0.0,9756
8663,HIV,,,0.0,8903
8664,HIV,,,0.0,8903
8665,HIV,,,0.0,3493
8666,HIV,,,0.0,6436
8667,HIV,,,0.0,3494
8668,HIV,,,0.0,3494
8669,HIV,,,0.0,1698
8670,HIV,,,0.0,3495
8671,HIV,,,0.0,9512
8672,HIV,,,0.0,3254
8673,HIV,,,0.0,3496
8674,HIV,,,0.0,2785
8675,HIV,,,0.0,3497
8676,HIV,,,0.0,3498
8677,HIV,,,0.0,3499
8678,HIV,,,0.0,3500
8679,HIV,,,0.0,3501
8680,HIV,,,0.0,3502
8681,HIV,,,0.0,3503
8682,HIV,,,0.0,5363
8683,HIV,,,0.0,5363
8684,HIV,,,0.0,5363
8685,HIV,,,0.0,6436
8686,HIV,,,0.0,3494
8687,HIV,,,0.0,3494
8688,HIV,,,0.0,9756
8689,HIV,,,0.0,3254
8690,HIV,,,0.0,3504
8691,HIV,,,0.0,3505
8692,HIV,,,0.0,3506
8693,HIV,,,0.0,3506
8694,HIV,,,0.0,3507
8695,HIV,,,0.0,3508
8696,HIV,,,0.0,6436
8697,HIV,,,0.0,3509
8698,HIV,,,0.0,3254
8699,HIV,,,0.0,6433
8700,HIV,,,0.0,2546
8701,HIV,,,0.0,3254
8702,HIV,,,0.0,3510
8703,HIV,,,0.0,3114
8704,HIV,,,0.0,335
8705,HIV,,,0.0,14087
8706,HIV,,,0.0,2222
8707,HIV,,,0.0,5363
8708,HIV,,,0.0,5363
8709,HIV,,,0.0,3511
8710,HIV,,,0.0,7715
8711,HIV,,,0.0,3512
8712,HIV,,,0.0,3513
8713,HIV,,,0.0,3514
8714,HIV,,,0.0,3515
8715,HIV,,,0.0,3516
8716,HIV,,,0.0,8246
8717,HIV,,,1.0,98
8718,HIV,,,0.0,98
8719,HIV,,,0.0,98
8720,HIV,,,0.0,3517
8721,HIV,,,0.0,1590
8722,HIV,,,0.0,3518
8723,HIV,,,0.0,3519
8724,HIV,,,0.0,3520
8725,HIV,,,0.0,3521
8726,HIV,,,0.0,3522
8727,HIV,,,0.0,3523
8728,HIV,,,0.0,3524
8729,HIV,,,0.0,10400
8730,HIV,,,0.0,3525
8731,HIV,,,0.0,3526
8732,HIV,,,0.0,3527
8733,HIV,,,0.0,3528
8734,HIV,,,0.0,3529
8735,HIV,,,0.0,3530
8736,HIV,,,0.0,3531
8737,HIV,,,0.0,3531
8738,HIV,,,0.0,335
8739,HIV,,,0.0,3540
8740,HIV,,,0.0,3532
8741,HIV,,,0.0,3533
8742,HIV,,,0.0,12205
8743,HIV,,,0.0,3534
8744,HIV,,,0.0,3535
8745,HIV,,,0.0,5165
8746,HIV,,,0.0,5165
8747,HIV,,,0.0,3536
8748,HIV,,,0.0,12557
8749,HIV,,,0.0,12557
8750,HIV,,,0.0,8959
8751,HIV,,,0.0,3537
8752,HIV,,,0.0,1016
8753,HIV,,,0.0,3538
8754,HIV,,,0.0,3538
8755,HIV,,,0.0,3539
8756,HIV,,,0.0,3540
8757,HIV,,,0.0,428
8758,HIV,,,0.0,3541
8759,HIV,,,0.0,5363
8760,HIV,,,0.0,3542
8761,HIV,,,0.0,5597
8762,HIV,,,0.0,3543
8763,HIV,,,0.0,3544
8764,HIV,,,0.0,11593
8765,HIV,,,0.0,3545
8766,HIV,,,0.0,3546
8767,HIV,,,0.0,1124
8768,HIV,,,0.0,3547
8769,HIV,,,0.0,3548
8770,HIV,,,0.0,3549
8771,HIV,,,0.0,3550
8772,HIV,,,1.0,3551
8773,HIV,,,0.0,3552
8774,HIV,,,0.0,3553
8775,HIV,,,0.0,3554
8776,HIV,,,0.0,3555
8777,HIV,,,0.0,4790
8778,HIV,,,0.0,3556
8779,HIV,,,0.0,3557
8780,HIV,,,0.0,5747
8781,HIV,,,0.0,3558
8782,HIV,,,0.0,3559
8783,HIV,,,0.0,5363
8784,HIV,,,0.0,5363
8785,HIV,,,0.0,3560
8786,HIV,,,0.0,3561
8787,HIV,,,0.0,3562
8788,HIV,,,0.0,3563
8789,HIV,,,0.0,3564
8790,HIV,,,0.0,3565
8791,HIV,,,0.0,11593
8792,HIV,,,0.0,3566
8793,HIV,,,0.0,3567
8794,HIV,,,0.0,343
8795,HIV,,,0.0,343
8796,HIV,,,0.0,343
8797,HIV,,,0.0,3568
8798,HIV,,,0.0,3569
8799,HIV,,,0.0,11593
8800,HIV,,,0.0,5363
8801,HIV,,,0.0,10633
8802,HIV,,,0.0,10287
8803,HIV,,,0.0,3570
8804,HIV,,,0.0,3571
8805,HIV,,,0.0,3572
8806,HIV,,,0.0,7337
8807,HIV,,,0.0,3573
8808,HIV,,,0.0,2546
8809,HIV,,,0.0,7591
8810,HIV,,,0.0,3574
8811,HIV,,,0.0,3575
8812,HIV,,,0.0,3576
8813,HIV,,,0.0,3577
8814,HIV,,,0.0,1016
8815,HIV,,,0.0,1016
8816,HIV,,,0.0,205
8817,HIV,,,0.0,1016
8818,HIV,,,0.0,1016
8819,HIV,,,0.0,1016
8820,HIV,,,0.0,1016
8821,HIV,,,0.0,3578
8822,HIV,,,0.0,3579
8823,HIV,,,1.0,3579
8824,HIV,,,0.0,3580
8825,HIV,,,0.0,3581
8826,HIV,,,0.0,3582
8827,HIV,,,0.0,3583
8828,HIV,,,0.0,4306
8829,HIV,,,0.0,205
8830,HIV,,,0.0,3584
8831,HIV,,,0.0,3585
8832,HIV,,,0.0,2546
8833,HIV,,,0.0,7356
8834,HIV,,,0.0,5992
8835,HIV,,,0.0,3586
8836,HIV,,,0.0,3587
8837,HIV,,,0.0,3588
8838,HIV,,,0.0,3309
8839,HIV,,,0.0,2473
8840,HIV,,,0.0,3254
8841,HIV,,,0.0,3589
8842,HIV,,,0.0,3590
8843,HIV,,,0.0,3591
8844,HIV,,,0.0,1343
8845,HIV,,,0.0,10138
8846,HIV,,,0.0,3592
8847,HIV,,,0.0,10138
8848,HIV,,,0.0,10633
8849,HIV,,,0.0,1729
8850,HIV,,,0.0,1729
8851,HIV,,,0.0,5363
8852,HIV,,,0.0,3593
8853,HIV,,,0.0,3594
8854,HIV,,,0.0,3595
8855,HIV,,,0.0,3596
8856,HIV,,,0.0,3597
8857,HIV,,,0.0,4404
8858,HIV,,,0.0,4404
8859,HIV,,,0.0,8392
8860,HIV,,,0.0,10862
8861,HIV,,,0.0,3624
8862,HIV,,,0.0,3598
8863,HIV,,,0.0,3599
8864,HIV,,,0.0,4441
8865,HIV,,,0.0,3600
8866,HIV,,,0.0,3601
8867,HIV,,,0.0,3602
8868,HIV,,,0.0,3603
8869,HIV,,,0.0,343
8870,HIV,,,0.0,343
8871,HIV,,,0.0,343
8872,HIV,,,0.0,343
8873,HIV,,,0.0,343
8874,HIV,,,0.0,8903
8875,HIV,,,0.0,3604
8876,HIV,,,0.0,3605
8877,HIV,,,0.0,9512
8878,HIV,,,0.0,3606
8879,HIV,,,0.0,3021
8880,HIV,,,0.0,3021
8881,HIV,,,0.0,3607
8882,HIV,,,0.0,3608
8883,HIV,,,0.0,3609
8884,HIV,,,0.0,3610
8885,HIV,,,0.0,3611
8886,HIV,,,0.0,2546
8887,HIV,,,0.0,3612
8888,HIV,,,0.0,2713
8889,HIV,,,0.0,5363
8890,HIV,,,0.0,5363
8891,HIV,,,0.0,3613
8892,HIV,,,0.0,3613
8893,HIV,,,0.0,3614
8894,HIV,,,0.0,3615
8895,HIV,,,0.0,3616
8896,HIV,,,0.0,3617
8897,HIV,,,0.0,3618
8898,HIV,,,0.0,3617
8899,HIV,,,0.0,3619
8900,HIV,,,0.0,3731
8901,HIV,,,0.0,3620
8902,HIV,,,0.0,3621
8903,HIV,,,0.0,3622
8904,HIV,,,0.0,3623
8905,HIV,,,0.0,3642
8906,HIV,,,0.0,2087
8907,HIV,,,0.0,1729
8908,HIV,,,0.0,3624
8909,HIV,,,0.0,3625
8910,HIV,,,1.0,2546
8911,HIV,,,0.0,8903
8912,HIV,,,0.0,5747
8913,HIV,,,0.0,5363
8914,HIV,,,0.0,3114
8915,HIV,,,0.0,310
8916,HIV,,,0.0,3626
8917,HIV,,,0.0,5363
8918,HIV,,,0.0,3627
8919,HIV,,,0.0,3628
8920,HIV,,,0.0,3629
8921,HIV,,,0.0,3336
8922,HIV,,,0.0,9462
8923,HIV,,,0.0,3630
8924,HIV,,,1.0,4306
8925,HIV,,,1.0,4306
8926,HIV,,,0.0,3219
8927,HIV,,,0.0,434
8928,HIV,,,0.0,3631
8929,HIV,,,0.0,1016
8930,HIV,,,0.0,3632
8931,HIV,,,0.0,3632
8932,HIV,,,0.0,3633
8933,HIV,,,0.0,3634
8934,HIV,,,0.0,6183
8935,HIV,,,0.0,3635
8936,HIV,,,0.0,3635
8937,HIV,,,0.0,3636
8938,HIV,,,0.0,3635
8939,HIV,,,0.0,9512
8940,HIV,,,0.0,3637
8941,HIV,,,0.0,3638
8942,HIV,,,0.0,3639
8943,HIV,,,0.0,5363
8944,HIV,,,0.0,7946
8945,HIV,,,0.0,3640
8946,HIV,,,0.0,3641
8947,HIV,,,0.0,4202
8948,HIV,,,0.0,1016
8949,HIV,,,0.0,13612
8950,HIV,,,1.0,4306
8951,HIV,,,0.0,3642
8952,HIV,,,0.0,3336
8953,HIV,,,0.0,3643
8954,HIV,,,0.0,3644
8955,HIV,,,0.0,5363
8956,HIV,,,0.0,3645
8957,HIV,,,0.0,5992
8958,HIV,,,0.0,3646
8959,HIV,,,0.0,3647
8960,HIV,,,0.0,3648
8961,HIV,,,0.0,3649
8962,HIV,,,0.0,3650
8963,HIV,,,0.0,3651
8964,HIV,,,0.0,13558
8965,HIV,,,0.0,5165
8966,HIV,,,0.0,3254
8967,HIV,,,0.0,3652
8968,HIV,,,0.0,3653
8969,HIV,,,0.0,3654
8970,HIV,,,0.0,3655
8971,HIV,,,0.0,3656
8972,HIV,,,0.0,3657
8973,HIV,,,0.0,5363
8974,HIV,,,0.0,5363
8975,HIV,,,0.0,3658
8976,HIV,,,0.0,3658
8977,HIV,,,0.0,3658
8978,HIV,,,0.0,3658
8979,HIV,,,0.0,3658
8980,HIV,,,0.0,3658
8981,HIV,,,0.0,3658
8982,HIV,,,0.0,3658
8983,HIV,,,0.0,3658
8984,HIV,,,0.0,3658
8985,HIV,,,0.0,3659
8986,HIV,,,0.0,3660
8987,HIV,,,0.0,10835
8988,HIV,,,0.0,10835
8989,HIV,,,0.0,3661
8990,HIV,,,0.0,5363
8991,HIV,,,0.0,5363
8992,HIV,,,0.0,5363
8993,HIV,,,0.0,3662
8994,HIV,,,0.0,3663
8995,HIV,,,0.0,1278
8996,HIV,,,0.0,3664
8997,HIV,,,0.0,3665
8998,HIV,,,0.0,3666
8999,HIV,,,1.0,5363
9000,HIV,,,0.0,11116
9001,HIV,,,0.0,3667
9002,HIV,,,0.0,3667
9003,HIV,,,0.0,3667
9004,HIV,,,0.0,3668
9005,HIV,,,0.0,3669
9006,HIV,,,0.0,3670
9007,HIV,,,0.0,3671
9008,HIV,,,0.0,7604
9009,HIV,,,0.0,5363
9010,HIV,,,0.0,3672
9011,HIV,,,0.0,3672
9012,HIV,,,0.0,7611
9013,HIV,,,0.0,3673
9014,HIV,,,0.0,3674
9015,HIV,,,0.0,3674
9016,HIV,,,0.0,5718
9017,HIV,,,0.0,3675
9018,HIV,,,0.0,3783
9019,HIV,,,0.0,3676
9020,HIV,,,0.0,1280
9021,HIV,,,0.0,3796
9022,HIV,,,0.0,3677
9023,HIV,,,0.0,3678
9024,HIV,,,0.0,3679
9025,HIV,,,0.0,3680
9026,HIV,,,0.0,3681
9027,HIV,,,0.0,3878
9028,HIV,,,0.0,3682
9029,HIV,,,0.0,3683
9030,HIV,,,0.0,3684
9031,HIV,,,0.0,3685
9032,HIV,,,0.0,3686
9033,HIV,,,0.0,3687
9034,HIV,,,0.0,3691
9035,HIV,,,0.0,335
9036,HIV,,,0.0,3688
9037,HIV,,,0.0,3689
9038,HIV,,,1.0,3689
9039,HIV,,,0.0,3689
9040,HIV,,,0.0,3689
9041,HIV,,,0.0,3689
9042,HIV,,,0.0,5747
9043,HIV,,,0.0,3690
9044,HIV,,,0.0,2546
9045,HIV,,,0.0,2546
9046,HIV,,,0.0,3691
9047,HIV,,,0.0,3504
9048,HIV,,,0.0,285
9049,HIV,,,0.0,3692
9050,HIV,,,0.0,3996
9051,HIV,,,0.0,3692
9052,HIV,,,0.0,497
9053,HIV,,,0.0,7604
9054,HIV,,,0.0,1695
9055,HIV,,,0.0,3693
9056,HIV,,,0.0,3632
9057,HIV,,,0.0,6973
9058,HIV,,,0.0,4202
9059,HIV,,,0.0,2800
9060,HIV,,,0.0,3694
9061,HIV,,,0.0,3695
9062,HIV,,,0.0,3696
9063,HIV,,,0.0,8544
9064,HIV,,,0.0,3279
9065,HIV,,,1.0,3697
9066,HIV,,,0.0,3698
9067,HIV,,,0.0,3699
9068,HIV,,,0.0,3700
9069,HIV,,,0.0,3701
9070,HIV,,,0.0,3702
9071,HIV,,,0.0,3683
9072,HIV,,,0.0,3703
9073,HIV,,,0.0,3704
9074,HIV,,,0.0,3705
9075,HIV,,,0.0,3706
9076,HIV,,,0.0,5363
9077,HIV,,,0.0,3707
9078,HIV,,,0.0,2546
9079,HIV,,,0.0,3708
9080,HIV,,,0.0,3709
9081,HIV,,,0.0,3710
9082,HIV,,,0.0,3711
9083,HIV,,,0.0,3712
9084,HIV,,,0.0,3713
9085,HIV,,,0.0,3714
9086,HIV,,,0.0,3677
9087,HIV,,,0.0,3677
9088,HIV,,,0.0,3715
9089,HIV,,,0.0,3716
9090,HIV,,,0.0,5424
9091,HIV,,,0.0,3717
9092,HIV,,,0.0,11406
9093,HIV,,,1.0,3718
9094,HIV,,,0.0,2473
9095,HIV,,,0.0,2473
9096,HIV,,,0.0,2473
9097,HIV,,,0.0,3719
9098,HIV,,,0.0,2473
9099,HIV,,,0.0,2473
9100,HIV,,,0.0,2473
9101,HIV,,,0.0,2473
9102,HIV,,,0.0,2473
9103,HIV,,,0.0,2473
9104,HIV,,,0.0,2473
9105,HIV,,,0.0,3720
9106,HIV,,,0.0,3790
9107,HIV,,,0.0,3721
9108,HIV,,,0.0,3721
9109,HIV,,,0.0,1848
9110,HIV,,,0.0,3722
9111,HIV,,,0.0,5747
9112,HIV,,,0.0,6582
9113,HIV,,,0.0,3723
9114,HIV,,,0.0,5363
9115,HIV,,,0.0,3724
9116,HIV,,,0.0,10138
9117,HIV,,,0.0,5165
9118,HIV,,,0.0,3725
9119,HIV,,,0.0,2546
9120,HIV,,,0.0,2546
9121,HIV,,,0.0,3726
9122,HIV,,,0.0,10753
9123,HIV,,,0.0,8199
9124,HIV,,,0.0,3727
9125,HIV,,,0.0,3728
9126,HIV,,,0.0,3732
9127,HIV,,,0.0,3728
9128,HIV,,,0.0,3729
9129,HIV,,,0.0,9756
9130,HIV,,,0.0,3730
9131,HIV,,,0.0,9756
9132,HIV,,,0.0,9756
9133,HIV,,,0.0,9756
9134,HIV,,,0.0,9756
9135,HIV,,,0.0,9756
9136,HIV,,,0.0,3658
9137,HIV,,,0.0,3658
9138,HIV,,,0.0,3658
9139,HIV,,,0.0,3658
9140,HIV,,,0.0,3658
9141,HIV,,,0.0,3658
9142,HIV,,,0.0,3658
9143,HIV,,,0.0,3658
9144,HIV,,,0.0,3658
9145,HIV,,,0.0,3658
9146,HIV,,,0.0,3658
9147,HIV,,,0.0,3658
9148,HIV,,,0.0,3658
9149,HIV,,,0.0,3658
9150,HIV,,,0.0,3731
9151,HIV,,,0.0,3728
9152,HIV,,,1.0,3732
9153,HIV,,,0.0,3733
9154,HIV,,,0.0,3722
9155,HIV,,,0.0,3504
9156,HIV,,,0.0,3734
9157,HIV,,,0.0,8915
9158,HIV,,,0.0,6433
9159,HIV,,,0.0,7601
9160,HIV,,,0.0,3735
9161,HIV,,,0.0,3736
9162,HIV,,,0.0,3737
9163,HIV,,,0.0,3738
9164,HIV,,,0.0,3739
9165,HIV,,,0.0,3740
9166,HIV,,,0.0,3741
9167,HIV,,,0.0,3742
9168,HIV,,,0.0,3743
9169,HIV,,,0.0,4599
9170,HIV,,,0.0,3744
9171,HIV,,,0.0,3745
9172,HIV,,,0.0,3746
9173,HIV,,,0.0,3747
9174,HIV,,,0.0,4427
9175,HIV,,,0.0,3748
9176,HIV,,,0.0,7411
9177,HIV,,,0.0,3749
9178,HIV,,,1.0,3750
9179,HIV,,,0.0,3655
9180,HIV,,,0.0,3751
9181,HIV,,,0.0,3752
9182,HIV,,,0.0,7365
9183,HIV,,,0.0,7365
9184,HIV,,,0.0,893
9185,HIV,,,0.0,6727
9186,HIV,,,0.0,3753
9187,HIV,,,0.0,3754
9188,HIV,,,0.0,3755
9189,HIV,,,0.0,3756
9190,HIV,,,0.0,3757
9191,HIV,,,0.0,3758
9192,HIV,,,0.0,3759
9193,HIV,,,0.0,3759
9194,HIV,,,0.0,3759
9195,HIV,,,0.0,7133
9196,HIV,,,0.0,3760
9197,HIV,,,0.0,3761
9198,HIV,,,0.0,7928
9199,HIV,,,0.0,3762
9200,HIV,,,0.0,2287
9201,HIV,,,0.0,3512
9202,HIV,,,0.0,3763
9203,HIV,,,0.0,4534
9204,HIV,,,0.0,7411
9205,HIV,,,0.0,3254
9206,HIV,,,0.0,3254
9207,HIV,,,0.0,3761
9208,HIV,,,0.0,9512
9209,HIV,,,0.0,9512
9210,HIV,,,0.0,3764
9211,HIV,,,0.0,3765
9212,HIV,,,0.0,3765
9213,HIV,,,0.0,1729
9214,HIV,,,0.0,1729
9215,HIV,,,0.0,3765
9216,HIV,,,0.0,3765
9217,HIV,,,0.0,57
9218,HIV,,,0.0,3766
9219,HIV,,,0.0,3767
9220,HIV,,,0.0,3768
9221,HIV,,,0.0,3768
9222,HIV,,,0.0,1280
9223,HIV,,,0.0,3769
9224,HIV,,,0.0,3770
9225,HIV,,,0.0,3771
9226,HIV,,,0.0,3772
9227,HIV,,,0.0,2546
9228,HIV,,,0.0,1016
9229,HIV,,,0.0,1016
9230,HIV,,,0.0,1016
9231,HIV,,,0.0,1016
9232,HIV,,,0.0,3254
9233,HIV,,,0.0,3773
9234,HIV,,,0.0,3774
9235,HIV,,,0.0,5363
9236,HIV,,,0.0,3775
9237,HIV,,,0.0,3776
9238,HIV,,,0.0,3776
9239,HIV,,,0.0,3776
9240,HIV,,,0.0,3776
9241,HIV,,,0.0,3776
9242,HIV,,,0.0,3776
9243,HIV,,,0.0,3776
9244,HIV,,,0.0,5992
9245,HIV,,,0.0,3777
9246,HIV,,,0.0,3778
9247,HIV,,,0.0,3778
9248,HIV,,,0.0,5363
9249,HIV,,,0.0,3779
9250,HIV,,,0.0,3780
9251,HIV,,,0.0,3781
9252,HIV,,,0.0,3782
9253,HIV,,,0.0,3783
9254,HIV,,,0.0,3783
9255,HIV,,,0.0,3783
9256,HIV,,,0.0,3783
9257,HIV,,,0.0,5
9258,HIV,,,0.0,3784
9259,HIV,,,0.0,3785
9260,HIV,,,0.0,3786
9261,HIV,,,0.0,3787
9262,HIV,,,0.0,3788
9263,HIV,,,0.0,3788
9264,HIV,,,0.0,3789
9265,HIV,,,0.0,2800
9266,HIV,,,0.0,3790
9267,HIV,,,0.0,3791
9268,HIV,,,0.0,3791
9269,HIV,,,0.0,3791
9270,HIV,,,0.0,3791
9271,HIV,,,0.0,3791
9272,HIV,,,0.0,3791
9273,HIV,,,0.0,3792
9274,HIV,,,0.0,3792
9275,HIV,,,0.0,3795
9276,HIV,,,0.0,3793
9277,HIV,,,0.0,3794
9278,HIV,,,0.0,3794
9279,HIV,,,0.0,3795
9280,HIV,,,0.0,3795
9281,HIV,,,0.0,3795
9282,HIV,,,0.0,3795
9283,HIV,,,0.0,2546
9284,HIV,,,0.0,2546
9285,HIV,,,0.0,2546
9286,HIV,,,0.0,2546
9287,HIV,,,0.0,2546
9288,HIV,,,0.0,3796
9289,HIV,,,0.0,3797
9290,HIV,,,0.0,3797
9291,HIV,,,0.0,3797
9292,HIV,,,0.0,3797
9293,HIV,,,0.0,3797
9294,HIV,,,0.0,2546
9295,HIV,,,0.0,2546
9296,HIV,,,0.0,205
9297,HIV,,,0.0,205
9298,HIV,,,0.0,205
9299,HIV,,,0.0,205
9300,HIV,,,0.0,820
9301,HIV,,,0.0,3798
9302,HIV,,,0.0,3798
9303,HIV,,,0.0,3799
9304,HIV,,,0.0,2546
9305,HIV,,,0.0,3800
9306,HIV,,,0.0,3801
9307,HIV,,,0.0,3802
9308,HIV,,,0.0,3802
9309,HIV,,,0.0,3803
9310,HIV,,,0.0,3804
9311,HIV,,,0.0,5363
9312,HIV,,,0.0,3805
9313,HIV,,,0.0,1729
9314,HIV,,,0.0,137
9315,HIV,,,0.0,3806
9316,HIV,,,0.0,2263
9317,HIV,,,0.0,3807
9318,HIV,,,0.0,5747
9319,HIV,,,0.0,3808
9320,HIV,,,0.0,5363
9321,HIV,,,0.0,3809
9322,HIV,,,0.0,3810
9323,HIV,,,0.0,3810
9324,HIV,,,0.0,3810
9325,HIV,,,0.0,3811
9326,HIV,,,0.0,3812
9327,HIV,,,0.0,3813
9328,HIV,,,0.0,3814
9329,HIV,,,0.0,3815
9330,HIV,,,0.0,6801
9331,HIV,,,0.0,3816
9332,HIV,,,0.0,7267
9333,HIV,,,0.0,5992
9334,HIV,,,0.0,1016
9335,HIV,,,0.0,1016
9336,HIV,,,0.0,5992
9337,HIV,,,0.0,3817
9338,HIV,,,0.0,3818
9339,HIV,,,0.0,3819
9340,HIV,,,0.0,2546
9341,HIV,,,0.0,1895
9342,HIV,,,0.0,3820
9343,HIV,,,0.0,2546
9344,HIV,,,0.0,3821
9345,HIV,,,0.0,3822
9346,HIV,,,0.0,8903
9347,HIV,,,0.0,2546
9348,HIV,,,0.0,5363
9349,HIV,,,0.0,4306
9350,HIV,,,0.0,12851
9351,HIV,,,0.0,4306
9352,HIV,,,1.0,4306
9353,HIV,,,0.0,4306
9354,HIV,,,1.0,4306
9355,HIV,,,1.0,3823
9356,HIV,,,0.0,3824
9357,HIV,,,0.0,1729
9358,HIV,,,0.0,3825
9359,HIV,,,0.0,3826
9360,HIV,,,0.0,3827
9361,HIV,,,0.0,3828
9362,HIV,,,0.0,3829
9363,HIV,,,0.0,3830
9364,HIV,,,0.0,3841
9365,HIV,,,0.0,1746
9366,HIV,,,0.0,3831
9367,HIV,,,0.0,3832
9368,HIV,,,0.0,3833
9369,HIV,,,0.0,3834
9370,HIV,,,0.0,3835
9371,HIV,,,0.0,3836
9372,HIV,,,0.0,3837
9373,HIV,,,0.0,3838
9374,HIV,,,0.0,3839
9375,HIV,,,0.0,10400
9376,HIV,,,0.0,3840
9377,HIV,,,0.0,3841
9378,HIV,,,0.0,3842
9379,HIV,,,0.0,3843
9380,HIV,,,0.0,3844
9381,HIV,,,0.0,3845
9382,HIV,,,0.0,3846
9383,HIV,,,0.0,3847
9384,HIV,,,0.0,14106
9385,HIV,,,0.0,9756
9386,HIV,,,0.0,9756
9387,HIV,,,0.0,9756
9388,HIV,,,0.0,9756
9389,HIV,,,0.0,3848
9390,HIV,,,0.0,3849
9391,HIV,,,0.0,3850
9392,HIV,,,0.0,3851
9393,HIV,,,1.0,3852
9394,HIV,,,0.0,3853
9395,HIV,,,0.0,7928
9396,HIV,,,0.0,2546
9397,HIV,,,0.0,3854
9398,HIV,,,0.0,7576
9399,HIV,,,0.0,5747
9400,HIV,,,1.0,3855
9401,HIV,,,0.0,3856
9402,HIV,,,0.0,3857
9403,HIV,,,0.0,3858
9404,HIV,,,0.0,3859
9405,HIV,,,0.0,3742
9406,HIV,,,0.0,3860
9407,HIV,,,0.0,3861
9408,HIV,,,0.0,3862
9409,HIV,,,0.0,10753
9410,HIV,,,0.0,3863
9411,HIV,,,0.0,1729
9412,HIV,,,0.0,1729
9413,HIV,,,0.0,3864
9414,HIV,,,0.0,343
9415,HIV,,,0.0,3865
9416,HIV,,,0.0,3866
9417,HIV,,,0.0,3867
9418,HIV,,,0.0,3868
9419,HIV,,,0.0,3869
9420,HIV,,,0.0,5424
9421,HIV,,,0.0,3870
9422,HIV,,,0.0,3871
9423,HIV,,,1.0,3872
9424,HIV,,,0.0,343
9425,HIV,,,0.0,343
9426,HIV,,,0.0,5747
9427,HIV,,,0.0,5747
9428,HIV,,,0.0,3873
9429,HIV,,,0.0,3874
9430,HIV,,,0.0,3874
9431,HIV,,,0.0,3875
9432,HIV,,,0.0,3876
9433,HIV,,,0.0,3877
9434,HIV,,,0.0,3878
9435,HIV,,,0.0,3617
9436,HIV,,,0.0,5363
9437,HIV,,,0.0,7611
9438,HIV,,,0.0,3879
9439,HIV,,,0.0,5363
9440,HIV,,,0.0,3880
9441,HIV,,,0.0,919
9442,HIV,,,0.0,3881
9443,HIV,,,0.0,9614
9444,HIV,,,0.0,3882
9445,HIV,,,0.0,3883
9446,HIV,,,0.0,3883
9447,HIV,,,0.0,3884
9448,HIV,,,0.0,3759
9449,HIV,,,0.0,3759
9450,HIV,,,0.0,3759
9451,HIV,,,0.0,3885
9452,HIV,,,0.0,3886
9453,HIV,,,0.0,3887
9454,HIV,,,0.0,3888
9455,HIV,,,0.0,3889
9456,HIV,,,0.0,3890
9457,HIV,,,0.0,3759
9458,HIV,,,0.0,3891
9459,HIV,,,0.0,3891
9460,HIV,,,0.0,3892
9461,HIV,,,0.0,3893
9462,HIV,,,1.0,136
9463,HIV,,,0.0,3309
9464,HIV,,,0.0,3894
9465,HIV,,,1.0,3895
9466,HIV,,,0.0,98
9467,HIV,,,0.0,3896
9468,HIV,,,0.0,3897
9469,HIV,,,0.0,1729
9470,HIV,,,0.0,3898
9471,HIV,,,0.0,3899
9472,HIV,,,0.0,3898
9473,HIV,,,0.0,3899
9474,HIV,,,0.0,5747
9475,HIV,,,0.0,2546
9476,HIV,,,0.0,3900
9477,HIV,,,0.0,3901
9478,HIV,,,0.0,3902
9479,HIV,,,0.0,7591
9480,HIV,,,0.0,3979
9481,HIV,,,0.0,3903
9482,HIV,,,0.0,7591
9483,HIV,,,0.0,3904
9484,HIV,,,0.0,7604
9485,HIV,,,0.0,3905
9486,HIV,,,0.0,3906
9487,HIV,,,0.0,3907
9488,HIV,,,0.0,3908
9489,HIV,,,0.0,3909
9490,HIV,,,0.0,3910
9491,HIV,,,0.0,3911
9492,HIV,,,0.0,3912
9493,HIV,,,0.0,3913
9494,HIV,,,0.0,2546
9495,HIV,,,0.0,6801
9496,HIV,,,0.0,3914
9497,HIV,,,0.0,3915
9498,HIV,,,0.0,3916
9499,HIV,,,1.0,3917
9500,HIV,,,0.0,3918
9501,HIV,,,0.0,3919
9502,HIV,,,0.0,3920
9503,HIV,,,0.0,3309
9504,HIV,,,1.0,3921
9505,HIV,,,1.0,4306
9506,HIV,,,0.0,4306
9507,HIV,,,1.0,4306
9508,HIV,,,0.0,4306
9509,HIV,,,0.0,4306
9510,HIV,,,1.0,4306
9511,HIV,,,0.0,1729
9512,HIV,,,0.0,1729
9513,HIV,,,0.0,1729
9514,HIV,,,0.0,3922
9515,HIV,,,0.0,3922
9516,HIV,,,0.0,3922
9517,HIV,,,0.0,3922
9518,HIV,,,0.0,3922
9519,HIV,,,0.0,3923
9520,HIV,,,0.0,3924
9521,HIV,,,0.0,3924
9522,HIV,,,0.0,3925
9523,HIV,,,0.0,3926
9524,HIV,,,0.0,3927
9525,HIV,,,0.0,3928
9526,HIV,,,0.0,3309
9527,HIV,,,0.0,3309
9528,HIV,,,0.0,3929
9529,HIV,,,0.0,1818
9530,HIV,,,0.0,3309
9531,HIV,,,0.0,155
9532,HIV,,,0.0,3930
9533,HIV,,,0.0,3931
9534,HIV,,,0.0,3931
9535,HIV,,,0.0,3783
9536,HIV,,,0.0,3783
9537,HIV,,,0.0,5718
9538,HIV,,,0.0,3932
9539,HIV,,,0.0,3933
9540,HIV,,,0.0,5363
9541,HIV,,,0.0,3935
9542,HIV,,,0.0,3935
9543,HIV,,,0.0,3934
9544,HIV,,,0.0,3935
9545,HIV,,,0.0,3935
9546,HIV,,,0.0,3936
9547,HIV,,,0.0,3937
9548,HIV,,,0.0,3937
9549,HIV,,,0.0,3937
9550,HIV,,,0.0,7356
9551,HIV,,,0.0,3938
9552,HIV,,,0.0,13
9553,HIV,,,0.0,3939
9554,HIV,,,0.0,3940
9555,HIV,,,0.0,5165
9556,HIV,,,0.0,3941
9557,HIV,,,0.0,12273
9558,HIV,,,0.0,3942
9559,HIV,,,0.0,5363
9560,HIV,,,0.0,3943
9561,HIV,,,0.0,3336
9562,HIV,,,0.0,3944
9563,HIV,,,0.0,3945
9564,HIV,,,0.0,3946
9565,HIV,,,0.0,3946
9566,HIV,,,0.0,4151
9567,HIV,,,0.0,3947
9568,HIV,,,0.0,2546
9569,HIV,,,0.0,2546
9570,HIV,,,0.0,2546
9571,HIV,,,0.0,2546
9572,HIV,,,0.0,2546
9573,HIV,,,0.0,3948
9574,HIV,,,0.0,1280
9575,HIV,,,0.0,3949
9576,HIV,,,0.0,13419
9577,HIV,,,0.0,3950
9578,HIV,,,0.0,3951
9579,HIV,,,0.0,3952
9580,HIV,,,0.0,3953
9581,HIV,,,0.0,3954
9582,HIV,,,1.0,12588
9583,HIV,,,0.0,3955
9584,HIV,,,0.0,3956
9585,HIV,,,0.0,3957
9586,HIV,,,0.0,3957
9587,HIV,,,0.0,3958
9588,HIV,,,0.0,10652
9589,HIV,,,0.0,3958
9590,HIV,,,0.0,12243
9591,HIV,,,0.0,3959
9592,HIV,,,0.0,2986
9593,HIV,,,0.0,3960
9594,HIV,,,0.0,7388
9595,HIV,,,0.0,335
9596,HIV,,,0.0,335
9597,HIV,,,0.0,3961
9598,HIV,,,0.0,3962
9599,HIV,,,0.0,3963
9600,HIV,,,0.0,3963
9601,HIV,,,0.0,3964
9602,HIV,,,0.0,3965
9603,HIV,,,0.0,3966
9604,HIV,,,0.0,3967
9605,HIV,,,0.0,4110
9606,HIV,,,0.0,3968
9607,HIV,,,0.0,3968
9608,HIV,,,0.0,3969
9609,HIV,,,0.0,3970
9610,HIV,,,0.0,1654
9611,HIV,,,0.0,1683
9612,HIV,,,0.0,11502
9613,HIV,,,0.0,3971
9614,HIV,,,0.0,7611
9615,HIV,,,0.0,3972
9616,HIV,,,0.0,3973
9617,HIV,,,0.0,3974
9618,HIV,,,0.0,31
9619,HIV,,,0.0,3975
9620,HIV,,,0.0,3977
9621,HIV,,,0.0,3977
9622,HIV,,,0.0,10633
9623,HIV,,,0.0,3977
9624,HIV,,,0.0,3977
9625,HIV,,,0.0,10633
9626,HIV,,,1.0,3976
9627,HIV,,,0.0,3976
9628,HIV,,,0.0,3977
9629,HIV,,,0.0,3978
9630,HIV,,,0.0,3979
9631,HIV,,,0.0,3353
9632,HIV,,,0.0,9441
9633,HIV,,,1.0,3980
9634,HIV,,,0.0,7604
9635,HIV,,,0.0,3309
9636,HIV,,,0.0,5363
9637,HIV,,,0.0,3981
9638,HIV,,,0.0,3982
9639,HIV,,,0.0,3983
9640,HIV,,,0.0,3768
9641,HIV,,,0.0,5363
9642,HIV,,,1.0,5363
9643,HIV,,,0.0,5363
9644,HIV,,,0.0,4021
9645,HIV,,,0.0,6991
9646,HIV,,,0.0,1848
9647,HIV,,,0.0,1016
9648,HIV,,,0.0,1016
9649,HIV,,,0.0,3984
9650,HIV,,,0.0,13815
9651,HIV,,,0.0,5165
9652,HIV,,,0.0,6801
9653,HIV,,,0.0,5992
9654,HIV,,,0.0,5165
9655,HIV,,,0.0,5165
9656,HIV,,,0.0,6801
9657,HIV,,,0.0,6801
9658,HIV,,,0.0,5992
9659,HIV,,,0.0,6801
9660,HIV,,,0.0,509
9661,HIV,,,0.0,3985
9662,HIV,,,0.0,6801
9663,HIV,,,0.0,5992
9664,HIV,,,0.0,6801
9665,HIV,,,0.0,5165
9666,HIV,,,0.0,7591
9667,HIV,,,0.0,5165
9668,HIV,,,0.0,3986
9669,HIV,,,0.0,3986
9670,HIV,,,0.0,205
9671,HIV,,,0.0,4548
9672,HIV,,,0.0,3987
9673,HIV,,,0.0,5180
9674,HIV,,,0.0,3988
9675,HIV,,,0.0,2355
9676,HIV,,,0.0,3989
9677,HIV,,,0.0,3998
9678,HIV,,,0.0,3990
9679,HIV,,,0.0,3998
9680,HIV,,,0.0,3991
9681,HIV,,,0.0,99
9682,HIV,,,0.0,205
9683,HIV,,,0.0,205
9684,HIV,,,0.0,205
9685,HIV,,,0.0,11503
9686,HIV,,,0.0,4974
9687,HIV,,,0.0,3992
9688,HIV,,,0.0,9951
9689,HIV,,,0.0,1729
9690,HIV,,,0.0,2546
9691,HIV,,,0.0,3279
9692,HIV,,,0.0,11053
9693,HIV,,,0.0,3993
9694,HIV,,,0.0,2546
9695,HIV,,,0.0,2546
9696,HIV,,,0.0,3994
9697,HIV,,,0.0,3995
9698,HIV,,,0.0,3995
9699,HIV,,,0.0,3995
9700,HIV,,,0.0,3996
9701,HIV,,,0.0,1344
9702,HIV,,,0.0,2546
9703,HIV,,,0.0,3997
9704,HIV,,,0.0,3998
9705,HIV,,,0.0,4974
9706,HIV,,,0.0,3998
9707,HIV,,,0.0,3999
9708,HIV,,,0.0,441
9709,HIV,,,0.0,4000
9710,HIV,,,0.0,4001
9711,HIV,,,0.0,4002
9712,HIV,,,0.0,2546
9713,HIV,,,0.0,343
9714,HIV,,,0.0,343
9715,HIV,,,0.0,343
9716,HIV,,,0.0,8786
9717,HIV,,,0.0,453
9718,HIV,,,0.0,4003
9719,HIV,,,0.0,4004
9720,HIV,,,0.0,98
9721,HIV,,,0.0,1016
9722,HIV,,,0.0,1016
9723,HIV,,,0.0,3138
9724,HIV,,,0.0,1016
9725,HIV,,,0.0,1016
9726,HIV,,,0.0,5165
9727,HIV,,,0.0,4005
9728,HIV,,,0.0,148
9729,HIV,,,0.0,1604
9730,HIV,,,0.0,4006
9731,HIV,,,0.0,2030
9732,HIV,,,0.0,5165
9733,HIV,,,0.0,4007
9734,HIV,,,0.0,4007
9735,HIV,,,0.0,2546
9736,HIV,,,0.0,2546
9737,HIV,,,0.0,2939
9738,HIV,,,0.0,4008
9739,HIV,,,0.0,4009
9740,HIV,,,0.0,4010
9741,HIV,,,0.0,343
9742,HIV,,,0.0,4011
9743,HIV,,,0.0,6801
9744,HIV,,,0.0,4012
9745,HIV,,,0.0,98
9746,HIV,,,0.0,4013
9747,HIV,,,0.0,11053
9748,HIV,,,0.0,2546
9749,HIV,,,0.0,4014
9750,HIV,,,0.0,4015
9751,HIV,,,0.0,4015
9752,HIV,,,0.0,1016
9753,HIV,,,0.0,4016
9754,HIV,,,0.0,4017
9755,HIV,,,0.0,5363
9756,HIV,,,0.0,7591
9757,HIV,,,0.0,6801
9758,HIV,,,0.0,5165
9759,HIV,,,0.0,4018
9760,HIV,,,0.0,4019
9761,HIV,,,0.0,4020
9762,HIV,,,0.0,4021
9763,HIV,,,0.0,4022
9764,HIV,,,0.0,7337
9765,HIV,,,0.0,7337
9766,HIV,,,0.0,7337
9767,HIV,,,0.0,7337
9768,HIV,,,0.0,7337
9769,HIV,,,0.0,7337
9770,HIV,,,0.0,7337
9771,HIV,,,1.0,7337
9772,HIV,,,0.0,7337
9773,HIV,,,0.0,7337
9774,HIV,,,0.0,7337
9775,HIV,,,0.0,7337
9776,HIV,,,0.0,7337
9777,HIV,,,0.0,7337
9778,HIV,,,1.0,7337
9779,HIV,,,0.0,7337
9780,HIV,,,0.0,7337
9781,HIV,,,0.0,7337
9782,HIV,,,0.0,7337
9783,HIV,,,0.0,7337
9784,HIV,,,0.0,7337
9785,HIV,,,0.0,7337
9786,HIV,,,0.0,7337
9787,HIV,,,0.0,7337
9788,HIV,,,0.0,7337
9789,HIV,,,0.0,7337
9790,HIV,,,0.0,4023
9791,HIV,,,0.0,4024
9792,HIV,,,0.0,7644
9793,HIV,,,0.0,4025
9794,HIV,,,0.0,1729
9795,HIV,,,0.0,611
9796,HIV,,,0.0,5597
9797,HIV,,,0.0,2546
9798,HIV,,,0.0,1016
9799,HIV,,,0.0,4026
9800,HIV,,,0.0,453
9801,HIV,,,0.0,14043
9802,HIV,,,0.0,7337
9803,HIV,,,0.0,5363
9804,HIV,,,0.0,5363
9805,HIV,,,0.0,5363
9806,HIV,,,0.0,4027
9807,HIV,,,0.0,4028
9808,HIV,,,0.0,3021
9809,HIV,,,0.0,2030
9810,HIV,,,0.0,14106
9811,HIV,,,0.0,14106
9812,HIV,,,0.0,14106
9813,HIV,,,0.0,14106
9814,HIV,,,0.0,4029
9815,HIV,,,0.0,688
9816,HIV,,,0.0,4008
9817,HIV,,,0.0,4030
9818,HIV,,,0.0,5363
9819,HIV,,,0.0,5363
9820,HIV,,,0.0,14106
9821,HIV,,,0.0,4031
9822,HIV,,,0.0,98
9823,HIV,,,0.0,4032
9824,HIV,,,0.0,2546
9825,HIV,,,0.0,14106
9826,HIV,,,0.0,14106
9827,HIV,,,0.0,10400
9828,HIV,,,0.0,4033
9829,HIV,,,0.0,4034
9830,HIV,,,0.0,4035
9831,HIV,,,0.0,5363
9832,HIV,,,0.0,2546
9833,HIV,,,0.0,4036
9834,HIV,,,1.0,820
9835,HIV,,,0.0,155
9836,HIV,,,0.0,155
9837,HIV,,,0.0,4037
9838,HIV,,,0.0,2546
9839,HIV,,,0.0,2473
9840,HIV,,,0.0,2473
9841,HIV,,,0.0,2473
9842,HIV,,,0.0,2473
9843,HIV,,,0.0,4038
9844,HIV,,,0.0,2473
9845,HIV,,,0.0,2473
9846,HIV,,,0.0,5424
9847,HIV,,,0.0,10746
9848,HIV,,,0.0,2546
9849,HIV,,,0.0,4039
9850,HIV,,,0.0,10746
9851,HIV,,,0.0,805
9852,HIV,,,0.0,4040
9853,HIV,,,0.0,10746
9854,HIV,,,0.0,1344
9855,HIV,,,1.0,4048
9856,HIV,,,0.0,7611
9857,HIV,,,0.0,1344
9858,HIV,,,0.0,1344
9859,HIV,,,0.0,4041
9860,HIV,,,0.0,4042
9861,HIV,,,0.0,4043
9862,HIV,,,0.0,2546
9863,HIV,,,0.0,2986
9864,HIV,,,0.0,2546
9865,HIV,,,0.0,2986
9866,HIV,,,0.0,4044
9867,HIV,,,0.0,4044
9868,HIV,,,0.0,2606
9869,HIV,,,0.0,4045
9870,HIV,,,0.0,4046
9871,HIV,,,0.0,6801
9872,HIV,,,1.0,4047
9873,HIV,,,0.0,5747
9874,HIV,,,0.0,4048
9875,HIV,,,0.0,8526
9876,HIV,,,0.0,8526
9877,HIV,,,0.0,8526
9878,HIV,,,0.0,8526
9879,HIV,,,0.0,13419
9880,HIV,,,0.0,5165
9881,HIV,,,0.0,1444
9882,HIV,,,0.0,148
9883,HIV,,,0.0,2546
9884,HIV,,,0.0,4049
9885,HIV,,,0.0,2473
9886,HIV,,,0.0,4050
9887,HIV,,,0.0,2739
9888,HIV,,,0.0,7356
9889,HIV,,,0.0,7356
9890,HIV,,,0.0,7591
9891,HIV,,,0.0,4061
9892,HIV,,,0.0,3279
9893,HIV,,,0.0,3021
9894,HIV,,,0.0,14106
9895,HIV,,,0.0,4051
9896,HIV,,,0.0,4052
9897,HIV,,,1.0,4053
9898,HIV,,,0.0,9223
9899,HIV,,,0.0,4054
9900,HIV,,,0.0,4055
9901,HIV,,,0.0,5868
9902,HIV,,,0.0,3759
9903,HIV,,,0.0,3759
9904,HIV,,,0.0,7356
9905,HIV,,,1.0,4056
9906,HIV,,,0.0,98
9907,HIV,,,0.0,4057
9908,HIV,,,0.0,4058
9909,HIV,,,0.0,343
9910,HIV,,,0.0,4059
9911,HIV,,,0.0,4060
9912,HIV,,,0.0,8286
9913,HIV,,,0.0,4061
9914,HIV,,,0.0,1016
9915,HIV,,,0.0,4062
9916,HIV,,,0.0,3746
9917,HIV,,,0.0,4063
9918,HIV,,,0.0,4064
9919,HIV,,,0.0,4065
9920,HIV,,,0.0,4066
9921,HIV,,,0.0,4067
9922,HIV,,,0.0,10400
9923,HIV,,,0.0,4068
9924,HIV,,,0.0,4412
9925,HIV,,,0.0,1817
9926,HIV,,,0.0,4069
9927,HIV,,,0.0,4070
9928,HIV,,,0.0,4071
9929,HIV,,,0.0,5363
9930,HIV,,,0.0,4072
9931,HIV,,,0.0,4073
9932,HIV,,,0.0,8348
9933,HIV,,,0.0,4074
9934,HIV,,,0.0,4075
9935,HIV,,,0.0,4076
9936,HIV,,,0.0,4077
9937,HIV,,,0.0,7535
9938,HIV,,,0.0,5363
9939,HIV,,,0.0,4078
9940,HIV,,,0.0,2037
9941,HIV,,,0.0,4091
9942,HIV,,,0.0,4079
9943,HIV,,,0.0,4080
9944,HIV,,,0.0,7591
9945,HIV,,,0.0,4081
9946,HIV,,,0.0,4148
9947,HIV,,,0.0,4082
9948,HIV,,,0.0,4083
9949,HIV,,,0.0,5747
9950,HIV,,,0.0,4084
9951,HIV,,,0.0,4085
9952,HIV,,,0.0,4086
9953,HIV,,,0.0,4087
9954,HIV,,,0.0,5165
9955,HIV,,,0.0,11056
9956,HIV,,,0.0,1729
9957,HIV,,,0.0,10633
9958,HIV,,,0.0,10633
9959,HIV,,,0.0,1729
9960,HIV,,,0.0,2148
9961,HIV,,,0.0,4088
9962,HIV,,,0.0,4089
9963,HIV,,,0.0,4090
9964,HIV,,,0.0,4091
9965,HIV,,,0.0,4092
9966,HIV,,,0.0,4093
9967,HIV,,,0.0,3936
9968,HIV,,,0.0,7591
9969,HIV,,,0.0,4094
9970,HIV,,,0.0,4095
9971,HIV,,,0.0,4110
9972,HIV,,,0.0,4096
9973,HIV,,,0.0,4097
9974,HIV,,,0.0,5
9975,HIV,,,0.0,4098
9976,HIV,,,0.0,343
9977,HIV,,,0.0,1016
9978,HIV,,,0.0,5363
9979,HIV,,,0.0,5363
9980,HIV,,,0.0,4099
9981,HIV,,,0.0,4100
9982,HIV,,,0.0,4101
9983,HIV,,,0.0,4102
9984,HIV,,,0.0,7591
9985,HIV,,,0.0,6801
9986,HIV,,,0.0,4103
9987,HIV,,,0.0,10753
9988,HIV,,,0.0,4104
9989,HIV,,,0.0,4105
9990,HIV,,,0.0,5597
9991,HIV,,,0.0,4106
9992,HIV,,,0.0,4107
9993,HIV,,,0.0,5
9994,HIV,,,0.0,4108
9995,HIV,,,0.0,4108
9996,HIV,,,0.0,4109
9997,HIV,,,0.0,2049
9998,HIV,,,0.0,2049
9999,HIV,,,0.0,2546
10000,HIV,,,0.0,2546
10001,HIV,,,0.0,2546
10002,HIV,,,0.0,2546
10003,HIV,,,0.0,2546
10004,HIV,,,0.0,4110
10005,HIV,,,0.0,4111
10006,HIV,,,0.0,4112
10007,HIV,,,0.0,13390
10008,HIV,,,0.0,4113
10009,HIV,,,0.0,4113
10010,HIV,,,0.0,4114
10011,HIV,,,0.0,11116
10012,HIV,,,0.0,4115
10013,HIV,,,0.0,2546
10014,HIV,,,0.0,4116
10015,HIV,,,0.0,10753
10016,HIV,,,0.0,4117
10017,HIV,,,0.0,4117
10018,HIV,,,0.0,4118
10019,HIV,,,0.0,3309
10020,HIV,,,0.0,5363
10021,HIV,,,0.0,13419
10022,HIV,,,0.0,4119
10023,HIV,,,0.0,4251
10024,HIV,,,1.0,335
10025,HIV,,,0.0,331
10026,HIV,,,0.0,5747
10027,HIV,,,1.0,13419
10028,HIV,,,0.0,4120
10029,HIV,,,0.0,4121
10030,HIV,,,0.0,4122
10031,HIV,,,0.0,4123
10032,HIV,,,0.0,4124
10033,HIV,,,0.0,4125
10034,HIV,,,0.0,4126
10035,HIV,,,0.0,4127
10036,HIV,,,0.0,5363
10037,HIV,,,0.0,5363
10038,HIV,,,0.0,4128
10039,HIV,,,0.0,4129
10040,HIV,,,0.0,4129
10041,HIV,,,0.0,4128
10042,HIV,,,0.0,10400
10043,HIV,,,0.0,4130
10044,HIV,,,0.0,3670
10045,HIV,,,0.0,4131
10046,HIV,,,0.0,4131
10047,HIV,,,0.0,4132
10048,HIV,,,0.0,155
10049,HIV,,,0.0,155
10050,HIV,,,0.0,155
10051,HIV,,,0.0,155
10052,HIV,,,0.0,155
10053,HIV,,,0.0,4133
10054,HIV,,,0.0,4134
10055,HIV,,,0.0,4135
10056,HIV,,,0.0,4136
10057,HIV,,,0.0,4137
10058,HIV,,,0.0,4138
10059,HIV,,,0.0,4138
10060,HIV,,,0.0,4139
10061,HIV,,,0.0,3764
10062,HIV,,,0.0,4140
10063,HIV,,,0.0,1280
10064,HIV,,,0.0,4202
10065,HIV,,,0.0,7591
10066,HIV,,,0.0,7591
10067,HIV,,,0.0,4141
10068,HIV,,,0.0,4142
10069,HIV,,,0.0,5363
10070,HIV,,,0.0,4143
10071,HIV,,,0.0,4306
10072,HIV,,,0.0,4144
10073,HIV,,,1.0,4306
10074,HIV,,,1.0,4306
10075,HIV,,,0.0,3309
10076,HIV,,,0.0,335
10077,HIV,,,0.0,4145
10078,HIV,,,0.0,4146
10079,HIV,,,0.0,5955
10080,HIV,,,0.0,2942
10081,HIV,,,0.0,2683
10082,HIV,,,0.0,4147
10083,HIV,,,0.0,12955
10084,HIV,,,0.0,4148
10085,HIV,,,0.0,4149
10086,HIV,,,0.0,4150
10087,HIV,,,0.0,4151
10088,HIV,,,0.0,4152
10089,HIV,,,0.0,4153
10090,HIV,,,0.0,4154
10091,HIV,,,0.0,2546
10092,HIV,,,0.0,5363
10093,HIV,,,0.0,5363
10094,HIV,,,0.0,5363
10095,HIV,,,0.0,8686
10096,HIV,,,0.0,7061
10097,HIV,,,0.0,4155
10098,HIV,,,0.0,4156
10099,HIV,,,0.0,4157
10100,HIV,,,0.0,1381
10101,HIV,,,0.0,4158
10102,HIV,,,0.0,4159
10103,HIV,,,0.0,4160
10104,HIV,,,0.0,4185
10105,HIV,,,0.0,4161
10106,HIV,,,0.0,4110
10107,HIV,,,0.0,4162
10108,HIV,,,0.0,4163
10109,HIV,,,0.0,4164
10110,HIV,,,0.0,4165
10111,HIV,,,0.0,10633
10112,HIV,,,0.0,1729
10113,HIV,,,0.0,4166
10114,HIV,,,0.0,6715
10115,HIV,,,0.0,4167
10116,HIV,,,0.0,4168
10117,HIV,,,0.0,4169
10118,HIV,,,0.0,8015
10119,HIV,,,0.0,4170
10120,HIV,,,0.0,2546
10121,HIV,,,0.0,4171
10122,HIV,,,0.0,4172
10123,HIV,,,0.0,4173
10124,HIV,,,0.0,5363
10125,HIV,,,0.0,4174
10126,HIV,,,0.0,4175
10127,HIV,,,0.0,4176
10128,HIV,,,0.0,4176
10129,HIV,,,0.0,4177
10130,HIV,,,0.0,4178
10131,HIV,,,0.0,4179
10132,HIV,,,0.0,4180
10133,HIV,,,0.0,4181
10134,HIV,,,0.0,4182
10135,HIV,,,0.0,1444
10136,HIV,,,0.0,4183
10137,HIV,,,0.0,4184
10138,HIV,,,0.0,1016
10139,HIV,,,0.0,4185
10140,HIV,,,0.0,4186
10141,HIV,,,0.0,335
10142,HIV,,,0.0,335
10143,HIV,,,0.0,335
10144,HIV,,,0.0,335
10145,HIV,,,0.0,335
10146,HIV,,,0.0,335
10147,HIV,,,0.0,335
10148,HIV,,,0.0,4187
10149,HIV,,,0.0,4188
10150,HIV,,,0.0,6801
10151,HIV,,,0.0,6801
10152,HIV,,,0.0,4189
10153,HIV,,,0.0,4190
10154,HIV,,,0.0,4191
10155,HIV,,,0.0,4192
10156,HIV,,,0.0,4193
10157,HIV,,,0.0,4193
10158,HIV,,,0.0,4193
10159,HIV,,,0.0,2546
10160,HIV,,,0.0,2546
10161,HIV,,,0.0,2546
10162,HIV,,,0.0,4194
10163,HIV,,,0.0,4195
10164,HIV,,,0.0,14114
10165,HIV,,,0.0,4202
10166,HIV,,,0.0,4202
10167,HIV,,,0.0,3759
10168,HIV,,,0.0,4196
10169,HIV,,,0.0,4402
10170,HIV,,,0.0,12955
10171,HIV,,,0.0,4197
10172,HIV,,,0.0,4198
10173,HIV,,,0.0,11138
10174,HIV,,,0.0,4199
10175,HIV,,,0.0,4199
10176,HIV,,,0.0,4200
10177,HIV,,,0.0,4201
10178,HIV,,,0.0,4202
10179,HIV,,,0.0,4202
10180,HIV,,,0.0,4202
10181,HIV,,,0.0,4203
10182,HIV,,,0.0,4204
10183,HIV,,,0.0,4205
10184,HIV,,,0.0,4206
10185,HIV,,,0.0,6801
10186,HIV,,,0.0,5992
10187,HIV,,,0.0,6801
10188,HIV,,,0.0,4207
10189,HIV,,,0.0,4208
10190,HIV,,,0.0,4183
10191,HIV,,,0.0,4110
10192,HIV,,,0.0,4209
10193,HIV,,,0.0,5760
10194,HIV,,,0.0,5760
10195,HIV,,,0.0,4211
10196,HIV,,,0.0,4210
10197,HIV,,,0.0,4382
10198,HIV,,,0.0,4211
10199,HIV,,,0.0,4212
10200,HIV,,,0.0,2519
10201,HIV,,,0.0,2519
10202,HIV,,,0.0,4176
10203,HIV,,,0.0,4176
10204,HIV,,,0.0,4176
10205,HIV,,,0.0,5363
10206,HIV,,,0.0,10073
10207,HIV,,,1.0,14106
10208,HIV,,,0.0,14106
10209,HIV,,,0.0,11421
10210,HIV,,,0.0,4790
10211,HIV,,,0.0,5747
10212,HIV,,,0.0,4202
10213,HIV,,,0.0,4202
10214,HIV,,,0.0,4213
10215,HIV,,,0.0,4214
10216,HIV,,,0.0,4215
10217,HIV,,,0.0,4216
10218,HIV,,,0.0,4217
10219,HIV,,,0.0,13061
10220,HIV,,,0.0,13612
10221,HIV,,,0.0,4506
10222,HIV,,,0.0,4218
10223,HIV,,,0.0,4219
10224,HIV,,,0.0,4220
10225,HIV,,,0.0,45
10226,HIV,,,0.0,5165
10227,HIV,,,0.0,4221
10228,HIV,,,0.0,2546
10229,HIV,,,0.0,2546
10230,HIV,,,0.0,2546
10231,HIV,,,0.0,4110
10232,HIV,,,0.0,4222
10233,HIV,,,0.0,4110
10234,HIV,,,0.0,4128
10235,HIV,,,0.0,4223
10236,HIV,,,0.0,5363
10237,HIV,,,0.0,4224
10238,HIV,,,0.0,4225
10239,HIV,,,0.0,3021
10240,HIV,,,0.0,4226
10241,HIV,,,0.0,7356
10242,HIV,,,0.0,6801
10243,HIV,,,0.0,6801
10244,HIV,,,0.0,6801
10245,HIV,,,0.0,4227
10246,HIV,,,0.0,4228
10247,HIV,,,0.0,4229
10248,HIV,,,0.0,10243
10249,HIV,,,0.0,4230
10250,HIV,,,0.0,1016
10251,HIV,,,0.0,1016
10252,HIV,,,0.0,4231
10253,HIV,,,0.0,4232
10254,HIV,,,0.0,7337
10255,HIV,,,0.0,4233
10256,HIV,,,0.0,4234
10257,HIV,,,0.0,10753
10258,HIV,,,1.0,5489
10259,HIV,,,0.0,4235
10260,HIV,,,0.0,10826
10261,HIV,,,0.0,4236
10262,HIV,,,0.0,4236
10263,HIV,,,1.0,11069
10264,HIV,,,0.0,4237
10265,HIV,,,0.0,4238
10266,HIV,,,0.0,4239
10267,HIV,,,0.0,4240
10268,HIV,,,0.0,4241
10269,HIV,,,0.0,4242
10270,HIV,,,0.0,4243
10271,HIV,,,0.0,1729
10272,HIV,,,0.0,4790
10273,HIV,,,0.0,4244
10274,HIV,,,0.0,4245
10275,HIV,,,0.0,5363
10276,HIV,,,0.0,5363
10277,HIV,,,0.0,4246
10278,HIV,,,0.0,4247
10279,HIV,,,0.0,5165
10280,HIV,,,0.0,4248
10281,HIV,,,0.0,4249
10282,HIV,,,0.0,4250
10283,HIV,,,0.0,4251
10284,HIV,,,0.0,4251
10285,HIV,,,0.0,4251
10286,HIV,,,0.0,4251
10287,HIV,,,0.0,4252
10288,HIV,,,0.0,10279
10289,HIV,,,0.0,4253
10290,HIV,,,0.0,4254
10291,HIV,,,0.0,4255
10292,HIV,,,0.0,4256
10293,HIV,,,0.0,3336
10294,HIV,,,0.0,4257
10295,HIV,,,0.0,4258
10296,HIV,,,0.0,1742
10297,HIV,,,0.0,4259
10298,HIV,,,0.0,4260
10299,HIV,,,0.0,4261
10300,HIV,,,0.0,4262
10301,HIV,,,0.0,5501
10302,HIV,,,1.0,335
10303,HIV,,,0.0,1280
10304,HIV,,,0.0,1280
10305,HIV,,,0.0,4263
10306,HIV,,,0.0,4264
10307,HIV,,,0.0,335
10308,HIV,,,0.0,11645
10309,HIV,,,0.0,4265
10310,HIV,,,0.0,4266
10311,HIV,,,0.0,4265
10312,HIV,,,0.0,4265
10313,HIV,,,0.0,4790
10314,HIV,,,0.0,4790
10315,HIV,,,0.0,4267
10316,HIV,,,0.0,4268
10317,HIV,,,0.0,4269
10318,HIV,,,0.0,4270
10319,HIV,,,0.0,5
10320,HIV,,,0.0,4271
10321,HIV,,,0.0,4272
10322,HIV,,,0.0,8686
10323,HIV,,,0.0,4272
10324,HIV,,,0.0,5165
10325,HIV,,,0.0,4273
10326,HIV,,,0.0,4274
10327,HIV,,,0.0,4275
10328,HIV,,,0.0,5747
10329,HIV,,,0.0,4276
10330,HIV,,,0.0,205
10331,HIV,,,0.0,205
10332,HIV,,,0.0,343
10333,HIV,,,0.0,343
10334,HIV,,,0.0,4277
10335,HIV,,,0.0,4278
10336,HIV,,,0.0,4278
10337,HIV,,,0.0,4279
10338,HIV,,,0.0,4280
10339,HIV,,,0.0,45
10340,HIV,,,0.0,45
10341,HIV,,,0.0,2546
10342,HIV,,,0.0,2546
10343,HIV,,,0.0,1016
10344,HIV,,,0.0,343
10345,HIV,,,0.0,4281
10346,HIV,,,0.0,4202
10347,HIV,,,0.0,4282
10348,HIV,,,0.0,4283
10349,HIV,,,0.0,4284
10350,HIV,,,0.0,4285
10351,HIV,,,0.0,2473
10352,HIV,,,0.0,4286
10353,HIV,,,0.0,3279
10354,HIV,,,0.0,13419
10355,HIV,,,0.0,14106
10356,HIV,,,0.0,4287
10357,HIV,,,0.0,4288
10358,HIV,,,0.0,4289
10359,HIV,,,0.0,7591
10360,HIV,,,0.0,36
10361,HIV,,,0.0,4290
10362,HIV,,,0.0,4291
10363,HIV,,,0.0,4292
10364,HIV,,,0.0,4292
10365,HIV,,,0.0,4293
10366,HIV,,,0.0,4294
10367,HIV,,,0.0,13419
10368,HIV,,,0.0,4295
10369,HIV,,,0.0,13419
10370,HIV,,,0.0,2546
10371,HIV,,,0.0,5165
10372,HIV,,,0.0,5165
10373,HIV,,,0.0,5165
10374,HIV,,,0.0,7337
10375,HIV,,,0.0,4267
10376,HIV,,,0.0,4202
10377,HIV,,,0.0,4202
10378,HIV,,,0.0,4296
10379,HIV,,,0.0,4202
10380,HIV,,,0.0,4297
10381,HIV,,,0.0,4298
10382,HIV,,,0.0,4298
10383,HIV,,,0.0,3021
10384,HIV,,,0.0,3021
10385,HIV,,,0.0,4299
10386,HIV,,,0.0,4300
10387,HIV,,,0.0,4122
10388,HIV,,,0.0,4301
10389,HIV,,,0.0,1016
10390,HIV,,,1.0,4302
10391,HIV,,,0.0,4303
10392,HIV,,,0.0,4304
10393,HIV,,,0.0,4305
10394,HIV,,,1.0,4305
10395,HIV,,,0.0,11121
10396,HIV,,,1.0,4306
10397,HIV,,,0.0,4306
10398,HIV,,,0.0,4306
10399,HIV,,,0.0,4306
10400,HIV,,,0.0,14106
10401,HIV,,,0.0,343
10402,HIV,,,0.0,343
10403,HIV,,,0.0,4307
10404,HIV,,,0.0,4308
10405,HIV,,,0.0,4308
10406,HIV,,,1.0,335
10407,HIV,,,0.0,14106
10408,HIV,,,0.0,4309
10409,HIV,,,0.0,4310
10410,HIV,,,0.0,4311
10411,HIV,,,0.0,4312
10412,HIV,,,0.0,4313
10413,HIV,,,0.0,4313
10414,HIV,,,0.0,4314
10415,HIV,,,0.0,4315
10416,HIV,,,0.0,4313
10417,HIV,,,0.0,9512
10418,HIV,,,0.0,4316
10419,HIV,,,0.0,4317
10420,HIV,,,0.0,4318
10421,HIV,,,0.0,2546
10422,HIV,,,0.0,4319
10423,HIV,,,0.0,4320
10424,HIV,,,0.0,4321
10425,HIV,,,0.0,7591
10426,HIV,,,0.0,4322
10427,HIV,,,0.0,5730
10428,HIV,,,0.0,4323
10429,HIV,,,0.0,4324
10430,HIV,,,0.0,4325
10431,HIV,,,0.0,2800
10432,HIV,,,0.0,2800
10433,HIV,,,0.0,2800
10434,HIV,,,0.0,2800
10435,HIV,,,0.0,5528
10436,HIV,,,0.0,4326
10437,HIV,,,0.0,4327
10438,HIV,,,0.0,4328
10439,HIV,,,0.0,4329
10440,HIV,,,0.0,2037
10441,HIV,,,0.0,4330
10442,HIV,,,0.0,3034
10443,HIV,,,0.0,4331
10444,HIV,,,0.0,4332
10445,HIV,,,0.0,4333
10446,HIV,,,1.0,4334
10447,HIV,,,0.0,13997
10448,HIV,,,0.0,7591
10449,HIV,,,0.0,7591
10450,HIV,,,0.0,7591
10451,HIV,,,0.0,7591
10452,HIV,,,0.0,4335
10453,HIV,,,0.0,4336
10454,HIV,,,0.0,12533
10455,HIV,,,0.0,4337
10456,HIV,,,0.0,4338
10457,HIV,,,0.0,4339
10458,HIV,,,0.0,4340
10459,HIV,,,0.0,4341
10460,HIV,,,0.0,4342
10461,HIV,,,0.0,9512
10462,HIV,,,1.0,3021
10463,HIV,,,0.0,4343
10464,HIV,,,0.0,4344
10465,HIV,,,0.0,3780
10466,HIV,,,0.0,4345
10467,HIV,,,0.0,4345
10468,HIV,,,0.0,3254
10469,HIV,,,0.0,3254
10470,HIV,,,0.0,4346
10471,HIV,,,0.0,4347
10472,HIV,,,0.0,4348
10473,HIV,,,0.0,4348
10474,HIV,,,0.0,13419
10475,HIV,,,0.0,14106
10476,HIV,,,0.0,4301
10477,HIV,,,0.0,4349
10478,HIV,,,0.0,1729
10479,HIV,,,0.0,4350
10480,HIV,,,0.0,4349
10481,HIV,,,0.0,4349
10482,HIV,,,0.0,4351
10483,HIV,,,0.0,4349
10484,HIV,,,0.0,4351
10485,HIV,,,0.0,1729
10486,HIV,,,0.0,10275
10487,HIV,,,0.0,4352
10488,HIV,,,0.0,5165
10489,HIV,,,0.0,4353
10490,HIV,,,0.0,4354
10491,HIV,,,0.0,4354
10492,HIV,,,0.0,4355
10493,HIV,,,0.0,4356
10494,HIV,,,0.0,4357
10495,HIV,,,0.0,4358
10496,HIV,,,0.0,4359
10497,HIV,,,0.0,3306
10498,HIV,,,0.0,4360
10499,HIV,,,0.0,4366
10500,HIV,,,0.0,4361
10501,HIV,,,0.0,4361
10502,HIV,,,0.0,4362
10503,HIV,,,0.0,4363
10504,HIV,,,0.0,2139
10505,HIV,,,0.0,4364
10506,HIV,,,0.0,4365
10507,HIV,,,0.0,14106
10508,HIV,,,0.0,4366
10509,HIV,,,0.0,4367
10510,HIV,,,1.0,6801
10511,HIV,,,0.0,6801
10512,HIV,,,0.0,6801
10513,HIV,,,0.0,4368
10514,HIV,,,0.0,4369
10515,HIV,,,0.0,5747
10516,HIV,,,0.0,4370
10517,HIV,,,0.0,4371
10518,HIV,,,0.0,4373
10519,HIV,,,0.0,4372
10520,HIV,,,0.0,4373
10521,HIV,,,0.0,4374
10522,HIV,,,0.0,4375
10523,HIV,,,0.0,4376
10524,HIV,,,0.0,4377
10525,HIV,,,0.0,4232
10526,HIV,,,1.0,4306
10527,HIV,,,0.0,2546
10528,HIV,,,1.0,1016
10529,HIV,,,0.0,2047
10530,HIV,,,0.0,4378
10531,HIV,,,0.0,4379
10532,HIV,,,0.0,4380
10533,HIV,,,0.0,4381
10534,HIV,,,0.0,4382
10535,HIV,,,0.0,4383
10536,HIV,,,0.0,1124
10537,HIV,,,1.0,285
10538,HIV,,,0.0,4384
10539,HIV,,,0.0,4385
10540,HIV,,,0.0,4385
10541,HIV,,,0.0,4386
10542,HIV,,,1.0,14106
10543,HIV,,,0.0,4281
10544,HIV,,,0.0,2546
10545,HIV,,,0.0,2546
10546,HIV,,,0.0,4387
10547,HIV,,,0.0,4387
10548,HIV,,,0.0,4388
10549,HIV,,,0.0,4388
10550,HIV,,,0.0,4389
10551,HIV,,,0.0,7591
10552,HIV,,,0.0,7591
10553,HIV,,,0.0,2546
10554,HIV,,,0.0,4390
10555,HIV,,,0.0,4390
10556,HIV,,,0.0,4390
10557,HIV,,,0.0,4390
10558,HIV,,,0.0,2546
10559,HIV,,,0.0,2546
10560,HIV,,,0.0,2546
10561,HIV,,,0.0,2546
10562,HIV,,,0.0,4391
10563,HIV,,,0.0,4392
10564,HIV,,,0.0,4393
10565,HIV,,,0.0,4393
10566,HIV,,,0.0,4394
10567,HIV,,,0.0,4395
10568,HIV,,,0.0,4396
10569,HIV,,,0.0,4397
10570,HIV,,,0.0,10138
10571,HIV,,,0.0,5424
10572,HIV,,,0.0,5424
10573,HIV,,,0.0,3021
10574,HIV,,,0.0,1729
10575,HIV,,,0.0,4398
10576,HIV,,,0.0,4398
10577,HIV,,,0.0,4398
10578,HIV,,,0.0,6650
10579,HIV,,,0.0,4398
10580,HIV,,,0.0,4399
10581,HIV,,,0.0,3965
10582,HIV,,,1.0,4373
10583,HIV,,,0.0,4400
10584,HIV,,,0.0,4401
10585,HIV,,,1.0,3021
10586,HIV,,,0.0,9176
10587,HIV,,,0.0,9176
10588,HIV,,,0.0,9176
10589,HIV,,,0.0,9176
10590,HIV,,,0.0,9176
10591,HIV,,,0.0,9176
10592,HIV,,,0.0,9176
10593,HIV,,,0.0,4402
10594,HIV,,,0.0,4403
10595,HIV,,,0.0,4404
10596,HIV,,,0.0,11645
10597,HIV,,,0.0,11645
10598,HIV,,,0.0,11645
10599,HIV,,,1.0,4263
10600,HIV,,,0.0,4405
10601,HIV,,,0.0,4405
10602,HIV,,,0.0,4405
10603,HIV,,,0.0,4405
10604,HIV,,,0.0,4405
10605,HIV,,,0.0,4405
10606,HIV,,,0.0,4405
10607,HIV,,,0.0,4406
10608,HIV,,,0.0,5363
10609,HIV,,,0.0,1016
10610,HIV,,,0.0,5363
10611,HIV,,,0.0,4407
10612,HIV,,,0.0,4407
10613,HIV,,,0.0,4408
10614,HIV,,,0.0,4408
10615,HIV,,,0.0,344
10616,HIV,,,0.0,344
10617,HIV,,,0.0,344
10618,HIV,,,0.0,1016
10619,HIV,,,0.0,4409
10620,HIV,,,0.0,4409
10621,HIV,,,0.0,4410
10622,HIV,,,0.0,5363
10623,HIV,,,0.0,5676
10624,HIV,,,0.0,4411
10625,HIV,,,0.0,4412
10626,HIV,,,0.0,4413
10627,HIV,,,0.0,4414
10628,HIV,,,0.0,1729
10629,HIV,,,0.0,4415
10630,HIV,,,0.0,205
10631,HIV,,,0.0,205
10632,HIV,,,0.0,205
10633,HIV,,,0.0,205
10634,HIV,,,0.0,205
10635,HIV,,,0.0,205
10636,HIV,,,0.0,4416
10637,HIV,,,0.0,4417
10638,HIV,,,0.0,4418
10639,HIV,,,0.0,14106
10640,HIV,,,0.0,4419
10641,HIV,,,0.0,4419
10642,HIV,,,0.0,4420
10643,HIV,,,0.0,1016
10644,HIV,,,0.0,5165
10645,HIV,,,0.0,8686
10646,HIV,,,0.0,4548
10647,HIV,,,0.0,4548
10648,HIV,,,0.0,7591
10649,HIV,,,0.0,4421
10650,HIV,,,1.0,9856
10651,HIV,,,0.0,4422
10652,HIV,,,0.0,4423
10653,HIV,,,0.0,10862
10654,HIV,,,0.0,4424
10655,HIV,,,0.0,10633
10656,HIV,,,0.0,10633
10657,HIV,,,0.0,4425
10658,HIV,,,1.0,6889
10659,HIV,,,0.0,10138
10660,HIV,,,0.0,10138
10661,HIV,,,0.0,335
10662,HIV,,,0.0,4426
10663,HIV,,,0.0,4427
10664,HIV,,,0.0,1016
10665,HIV,,,0.0,4427
10666,HIV,,,0.0,5597
10667,HIV,,,0.0,5597
10668,HIV,,,0.0,5597
10669,HIV,,,0.0,4428
10670,HIV,,,0.0,12533
10671,HIV,,,0.0,4428
10672,HIV,,,0.0,13922
10673,HIV,,,0.0,4429
10674,HIV,,,0.0,4430
10675,HIV,,,0.0,4430
10676,HIV,,,0.0,4431
10677,HIV,,,0.0,12631
10678,HIV,,,0.0,4974
10679,HIV,,,0.0,5597
10680,HIV,,,0.0,4432
10681,HIV,,,0.0,4433
10682,HIV,,,0.0,13922
10683,HIV,,,0.0,4434
10684,HIV,,,0.0,4435
10685,HIV,,,0.0,4436
10686,HIV,,,0.0,4437
10687,HIV,,,0.0,4438
10688,HIV,,,0.0,4438
10689,HIV,,,0.0,4438
10690,HIV,,,0.0,3279
10691,HIV,,,0.0,4974
10692,HIV,,,0.0,4438
10693,HIV,,,0.0,4439
10694,HIV,,,0.0,4427
10695,HIV,,,0.0,4430
10696,HIV,,,0.0,3279
10697,HIV,,,0.0,4440
10698,HIV,,,0.0,4441
10699,HIV,,,0.0,4442
10700,HIV,,,0.0,4443
10701,HIV,,,0.0,4444
10702,HIV,,,1.0,4445
10703,HIV,,,0.0,4446
10704,HIV,,,0.0,170
10705,HIV,,,0.0,13495
10706,HIV,,,0.0,4447
10707,HIV,,,0.0,11527
10708,HIV,,,0.0,4448
10709,HIV,,,0.0,4449
10710,HIV,,,0.0,4450
10711,HIV,,,0.0,4451
10712,HIV,,,0.0,13130
10713,HIV,,,0.0,98
10714,HIV,,,0.0,4452
10715,HIV,,,0.0,4453
10716,HIV,,,0.0,4454
10717,HIV,,,0.0,4454
10718,HIV,,,0.0,4455
10719,HIV,,,0.0,4456
10720,HIV,,,0.0,4462
10721,HIV,,,0.0,4457
10722,HIV,,,0.0,4458
10723,HIV,,,0.0,4462
10724,HIV,,,0.0,4459
10725,HIV,,,0.0,4462
10726,HIV,,,0.0,4460
10727,HIV,,,0.0,4461
10728,HIV,,,0.0,4460
10729,HIV,,,0.0,4462
10730,HIV,,,0.0,6341
10731,HIV,,,0.0,4463
10732,HIV,,,0.0,4464
10733,HIV,,,0.0,4465
10734,HIV,,,0.0,5723
10735,HIV,,,0.0,6341
10736,HIV,,,0.0,4466
10737,HIV,,,0.0,4467
10738,HIV,,,0.0,4466
10739,HIV,,,0.0,4468
10740,HIV,,,0.0,4469
10741,HIV,,,0.0,6341
10742,HIV,,,0.0,1016
10743,HIV,,,0.0,6341
10744,HIV,,,0.0,4470
10745,HIV,,,0.0,4471
10746,HIV,,,0.0,4472
10747,HIV,,,0.0,4473
10748,HIV,,,0.0,4474
10749,HIV,,,0.0,4475
10750,HIV,,,0.0,9047
10751,HIV,,,0.0,4476
10752,HIV,,,0.0,4477
10753,HIV,,,0.0,4478
10754,HIV,,,0.0,1016
10755,HIV,,,0.0,1016
10756,HIV,,,0.0,335
10757,HIV,,,0.0,4484
10758,HIV,,,0.0,4479
10759,HIV,,,0.0,4479
10760,HIV,,,0.0,4480
10761,HIV,,,0.0,4481
10762,HIV,,,0.0,4482
10763,HIV,,,0.0,4483
10764,HIV,,,0.0,7337
10765,HIV,,,0.0,5597
10766,HIV,,,0.0,11753
10767,HIV,,,0.0,7337
10768,HIV,,,0.0,7337
10769,HIV,,,0.0,4483
10770,HIV,,,0.0,4484
10771,HIV,,,0.0,7337
10772,HIV,,,0.0,4485
10773,HIV,,,0.0,4486
10774,HIV,,,0.0,4485
10775,HIV,,,0.0,7382
10776,HIV,,,0.0,7382
10777,HIV,,,0.0,4487
10778,HIV,,,0.0,4488
10779,HIV,,,0.0,4489
10780,HIV,,,0.0,4490
10781,HIV,,,0.0,4491
10782,HIV,,,0.0,10746
10783,HIV,,,0.0,10746
10784,HIV,,,0.0,4492
10785,HIV,,,0.0,4496
10786,HIV,,,0.0,4493
10787,HIV,,,0.0,4494
10788,HIV,,,0.0,4495
10789,HIV,,,0.0,3279
10790,HIV,,,0.0,10412
10791,HIV,,,0.0,4496
10792,HIV,,,0.0,4497
10793,HIV,,,0.0,4497
10794,HIV,,,0.0,4498
10795,HIV,,,0.0,4499
10796,HIV,,,0.0,4500
10797,HIV,,,0.0,4501
10798,HIV,,,0.0,4502
10799,HIV,,,0.0,4503
10800,HIV,,,0.0,4504
10801,HIV,,,0.0,4505
10802,HIV,,,0.0,7356
10803,HIV,,,0.0,7356
10804,HIV,,,0.0,4506
10805,HIV,,,0.0,4506
10806,HIV,,,0.0,4507
10807,HIV,,,0.0,4508
10808,HIV,,,0.0,4509
10809,HIV,,,0.0,1016
10810,HIV,,,0.0,4510
10811,HIV,,,0.0,4511
10812,HIV,,,0.0,4512
10813,HIV,,,0.0,5597
10814,HIV,,,0.0,4513
10815,HIV,,,0.0,4514
10816,HIV,,,0.0,6801
10817,HIV,,,0.0,4683
10818,HIV,,,0.0,3021
10819,HIV,,,0.0,3021
10820,HIV,,,0.0,4515
10821,HIV,,,0.0,4516
10822,HIV,,,0.0,4517
10823,HIV,,,0.0,205
10824,HIV,,,0.0,4518
10825,HIV,,,1.0,5165
10826,HIV,,,0.0,12492
10827,HIV,,,0.0,4519
10828,HIV,,,0.0,4520
10829,HIV,,,0.0,4521
10830,HIV,,,0.0,205
10831,HIV,,,0.0,4522
10832,HIV,,,0.0,10400
10833,HIV,,,0.0,4523
10834,HIV,,,0.0,1016
10835,HIV,,,0.0,10862
10836,HIV,,,0.0,10862
10837,HIV,,,0.0,4523
10838,HIV,,,0.0,36
10839,HIV,,,0.0,4524
10840,HIV,,,0.0,4523
10841,HIV,,,0.0,4202
10842,HIV,,,1.0,4527
10843,HIV,,,1.0,4527
10844,HIV,,,1.0,4527
10845,HIV,,,0.0,4527
10846,HIV,,,0.0,4527
10847,HIV,,,0.0,4527
10848,HIV,,,0.0,4525
10849,HIV,,,0.0,4527
10850,HIV,,,0.0,4526
10851,HIV,,,0.0,4527
10852,HIV,,,0.0,4526
10853,HIV,,,0.0,4527
10854,HIV,,,0.0,4527
10855,HIV,,,0.0,4526
10856,HIV,,,0.0,4526
10857,HIV,,,0.0,4523
10858,HIV,,,1.0,3021
10859,HIV,,,1.0,4528
10860,HIV,,,0.0,8959
10861,HIV,,,0.0,5747
10862,HIV,,,0.0,4529
10863,HIV,,,0.0,4530
10864,HIV,,,0.0,4531
10865,HIV,,,0.0,4532
10866,HIV,,,1.0,5363
10867,HIV,,,0.0,5363
10868,HIV,,,0.0,4533
10869,HIV,,,0.0,205
10870,HIV,,,0.0,205
10871,HIV,,,0.0,4534
10872,HIV,,,0.0,9567
10873,HIV,,,0.0,9567
10874,HIV,,,1.0,4445
10875,HIV,,,0.0,335
10876,HIV,,,0.0,4535
10877,HIV,,,0.0,4535
10878,HIV,,,0.0,8959
10879,HIV,,,0.0,10753
10880,HIV,,,0.0,8032
10881,HIV,,,0.0,8032
10882,HIV,,,0.0,10753
10883,HIV,,,0.0,4536
10884,HIV,,,0.0,10753
10885,HIV,,,0.0,4537
10886,HIV,,,0.0,4538
10887,HIV,,,0.0,6739
10888,HIV,,,0.0,4539
10889,HIV,,,0.0,4540
10890,HIV,,,0.0,4541
10891,HIV,,,0.0,4542
10892,HIV,,,0.0,4543
10893,HIV,,,0.0,4544
10894,HIV,,,0.0,4545
10895,HIV,,,0.0,4546
10896,HIV,,,0.0,7356
10897,HIV,,,0.0,2609
10898,HIV,,,0.0,4547
10899,HIV,,,0.0,6801
10900,HIV,,,0.0,6801
10901,HIV,,,0.0,6801
10902,HIV,,,0.0,6801
10903,HIV,,,0.0,6801
10904,HIV,,,0.0,6801
10905,HIV,,,0.0,6801
10906,HIV,,,0.0,6801
10907,HIV,,,0.0,6801
10908,HIV,,,0.0,205
10909,HIV,,,0.0,205
10910,HIV,,,0.0,4548
10911,HIV,,,0.0,4548
10912,HIV,,,0.0,4548
10913,HIV,,,0.0,4548
10914,HIV,,,0.0,4548
10915,HIV,,,0.0,7591
10916,HIV,,,0.0,4549
10917,HIV,,,0.0,7591
10918,HIV,,,0.0,4550
10919,HIV,,,0.0,4551
10920,HIV,,,0.0,7388
10921,HIV,,,0.0,7388
10922,HIV,,,0.0,7388
10923,HIV,,,0.0,7388
10924,HIV,,,0.0,7388
10925,HIV,,,0.0,7388
10926,HIV,,,1.0,4552
10927,HIV,,,0.0,4553
10928,HIV,,,1.0,335
10929,HIV,,,0.0,4554
10930,HIV,,,0.0,4555
10931,HIV,,,0.0,4556
10932,HIV,,,0.0,4556
10933,HIV,,,0.0,1752
10934,HIV,,,0.0,4556
10935,HIV,,,0.0,4556
10936,HIV,,,0.0,4556
10937,HIV,,,0.0,4556
10938,HIV,,,0.0,4557
10939,HIV,,,0.0,1752
10940,HIV,,,0.0,3279
10941,HIV,,,0.0,4558
10942,HIV,,,0.0,4559
10943,HIV,,,0.0,4560
10944,HIV,,,0.0,4561
10945,HIV,,,0.0,4292
10946,HIV,,,0.0,4292
10947,HIV,,,0.0,4562
10948,HIV,,,0.0,7591
10949,HIV,,,0.0,4563
10950,HIV,,,0.0,4548
10951,HIV,,,0.0,4548
10952,HIV,,,0.0,4548
10953,HIV,,,0.0,4548
10954,HIV,,,0.0,4548
10955,HIV,,,0.0,4548
10956,HIV,,,0.0,4548
10957,HIV,,,0.0,4548
10958,HIV,,,0.0,4548
10959,HIV,,,0.0,4548
10960,HIV,,,0.0,4548
10961,HIV,,,0.0,6724
10962,HIV,,,0.0,5747
10963,HIV,,,0.0,4564
10964,HIV,,,0.0,3021
10965,HIV,,,0.0,4565
10966,HIV,,,0.0,205
10967,HIV,,,0.0,205
10968,HIV,,,0.0,205
10969,HIV,,,0.0,205
10970,HIV,,,0.0,4566
10971,HIV,,,0.0,4567
10972,HIV,,,0.0,4568
10973,HIV,,,0.0,4569
10974,HIV,,,0.0,4570
10975,HIV,,,0.0,434
10976,HIV,,,0.0,11886
10977,HIV,,,0.0,4571
10978,HIV,,,0.0,4572
10979,HIV,,,0.0,4573
10980,HIV,,,0.0,5118
10981,HIV,,,1.0,5118
10982,HIV,,,1.0,4574
10983,HIV,,,0.0,4575
10984,HIV,,,0.0,5
10985,HIV,,,0.0,4576
10986,HIV,,,0.0,4577
10987,HIV,,,0.0,434
10988,HIV,,,1.0,434
10989,HIV,,,0.0,434
10990,HIV,,,0.0,4578
10991,HIV,,,0.0,4579
10992,HIV,,,0.0,4580
10993,HIV,,,0.0,4581
10994,HIV,,,0.0,4581
10995,HIV,,,0.0,4581
10996,HIV,,,0.0,4582
10997,HIV,,,0.0,7388
10998,HIV,,,0.0,14106
10999,HIV,,,0.0,4583
11000,HIV,,,0.0,4584
11001,HIV,,,0.0,4585
11002,HIV,,,0.0,4586
11003,HIV,,,0.0,4573
11004,HIV,,,0.0,4587
11005,HIV,,,0.0,4527
11006,HIV,,,0.0,6558
11007,HIV,,,0.0,4588
11008,HIV,,,0.0,4589
11009,HIV,,,0.0,4590
11010,HIV,,,0.0,6574
11011,HIV,,,0.0,5363
11012,HIV,,,0.0,6583
11013,HIV,,,0.0,4591
11014,HIV,,,0.0,6574
11015,HIV,,,0.0,6574
11016,HIV,,,0.0,4592
11017,HIV,,,0.0,6583
11018,HIV,,,0.0,6583
11019,HIV,,,0.0,6023
11020,HIV,,,0.0,4593
11021,HIV,,,0.0,6027
11022,HIV,,,0.0,4594
11023,HIV,,,0.0,4595
11024,HIV,,,0.0,11406
11025,HIV,,,0.0,4596
11026,HIV,,,0.0,4601
11027,HIV,,,0.0,4601
11028,HIV,,,0.0,4597
11029,HIV,,,0.0,11406
11030,HIV,,,0.0,4598
11031,HIV,,,0.0,4599
11032,HIV,,,0.0,4600
11033,HIV,,,0.0,4601
11034,HIV,,,0.0,11406
11035,HIV,,,0.0,11406
11036,HIV,,,0.0,11406
11037,HIV,,,0.0,4601
11038,HIV,,,0.0,11406
11039,HIV,,,0.0,11406
11040,HIV,,,0.0,11406
11041,HIV,,,0.0,11406
11042,HIV,,,0.0,4601
11043,HIV,,,0.0,11406
11044,HIV,,,0.0,4601
11045,HIV,,,0.0,6086
11046,HIV,,,0.0,4602
11047,HIV,,,0.0,5832
11048,HIV,,,0.0,6086
11049,HIV,,,0.0,5831
11050,HIV,,,0.0,4603
11051,HIV,,,0.0,10400
11052,HIV,,,0.0,4616
11053,HIV,,,0.0,10400
11054,HIV,,,0.0,10400
11055,HIV,,,0.0,4604
11056,HIV,,,0.0,10400
11057,HIV,,,0.0,4605
11058,HIV,,,0.0,4606
11059,HIV,,,0.0,4607
11060,HIV,,,0.0,5151
11061,HIV,,,0.0,4608
11062,HIV,,,0.0,4609
11063,HIV,,,0.0,6583
11064,HIV,,,0.0,5363
11065,HIV,,,0.0,4610
11066,HIV,,,0.0,4611
11067,HIV,,,0.0,11406
11068,HIV,,,0.0,11406
11069,HIV,,,0.0,4612
11070,HIV,,,0.0,5997
11071,HIV,,,0.0,4613
11072,HIV,,,0.0,10400
11073,HIV,,,0.0,4614
11074,HIV,,,0.0,10400
11075,HIV,,,0.0,4615
11076,HIV,,,0.0,4616
11077,HIV,,,0.0,10400
11078,HIV,,,0.0,5836
11079,HIV,,,0.0,6801
11080,HIV,,,0.0,10400
11081,HIV,,,0.0,10400
11082,HIV,,,0.0,441
11083,HIV,,,1.0,441
11084,HIV,,,0.0,4617
11085,HIV,,,0.0,4618
11086,HIV,,,0.0,5165
11087,HIV,,,0.0,4618
11088,HIV,,,0.0,3254
11089,HIV,,,0.0,2027
11090,HIV,,,0.0,335
11091,HIV,,,0.0,4619
11092,HIV,,,0.0,4620
11093,HIV,,,0.0,4621
11094,HIV,,,0.0,6583
11095,HIV,,,0.0,4622
11096,HIV,,,0.0,4609
11097,HIV,,,0.0,6583
11098,HIV,,,0.0,4623
11099,HIV,,,0.0,4609
11100,HIV,,,0.0,4845
11101,HIV,,,0.0,11406
11102,HIV,,,0.0,4624
11103,HIV,,,0.0,4664
11104,HIV,,,0.0,4625
11105,HIV,,,0.0,4626
11106,HIV,,,0.0,4627
11107,HIV,,,0.0,4628
11108,HIV,,,0.0,4629
11109,HIV,,,0.0,4630
11110,HIV,,,0.0,4657
11111,HIV,,,0.0,9085
11112,HIV,,,0.0,98
11113,HIV,,,0.0,98
11114,HIV,,,0.0,98
11115,HIV,,,0.0,98
11116,HIV,,,0.0,98
11117,HIV,,,0.0,98
11118,HIV,,,0.0,98
11119,HIV,,,0.0,4633
11120,HIV,,,0.0,4633
11121,HIV,,,0.0,4633
11122,HIV,,,0.0,4633
11123,HIV,,,0.0,4633
11124,HIV,,,0.0,4633
11125,HIV,,,0.0,4633
11126,HIV,,,0.0,4633
11127,HIV,,,0.0,2546
11128,HIV,,,0.0,4631
11129,HIV,,,0.0,4632
11130,HIV,,,0.0,6039
11131,HIV,,,0.0,1016
11132,HIV,,,0.0,1016
11133,HIV,,,0.0,4633
11134,HIV,,,0.0,7411
11135,HIV,,,1.0,4634
11136,HIV,,,0.0,4635
11137,HIV,,,0.0,4636
11138,HIV,,,0.0,4635
11139,HIV,,,0.0,4634
11140,HIV,,,0.0,4637
11141,HIV,,,0.0,4638
11142,HIV,,,0.0,4639
11143,HIV,,,0.0,4640
11144,HIV,,,0.0,4644
11145,HIV,,,0.0,4648
11146,HIV,,,0.0,10400
11147,HIV,,,0.0,4641
11148,HIV,,,0.0,4642
11149,HIV,,,0.0,4643
11150,HIV,,,0.0,10400
11151,HIV,,,0.0,4644
11152,HIV,,,0.0,10400
11153,HIV,,,0.0,4645
11154,HIV,,,0.0,10400
11155,HIV,,,0.0,4646
11156,HIV,,,0.0,1280
11157,HIV,,,0.0,4647
11158,HIV,,,0.0,4648
11159,HIV,,,0.0,4648
11160,HIV,,,0.0,4649
11161,HIV,,,0.0,4629
11162,HIV,,,0.0,4649
11163,HIV,,,0.0,4653
11164,HIV,,,0.0,4650
11165,HIV,,,0.0,4653
11166,HIV,,,0.0,98
11167,HIV,,,0.0,4630
11168,HIV,,,0.0,4651
11169,HIV,,,0.0,4652
11170,HIV,,,0.0,4653
11171,HIV,,,0.0,4649
11172,HIV,,,0.0,4648
11173,HIV,,,0.0,4654
11174,HIV,,,0.0,3279
11175,HIV,,,0.0,4655
11176,HIV,,,0.0,4656
11177,HIV,,,0.0,4657
11178,HIV,,,0.0,4658
11179,HIV,,,0.0,4659
11180,HIV,,,0.0,4660
11181,HIV,,,0.0,4661
11182,HIV,,,0.0,4644
11183,HIV,,,0.0,10400
11184,HIV,,,0.0,10400
11185,HIV,,,0.0,10400
11186,HIV,,,0.0,10400
11187,HIV,,,0.0,4662
11188,HIV,,,0.0,335
11189,HIV,,,0.0,3309
11190,HIV,,,0.0,1729
11191,HIV,,,0.0,4663
11192,HIV,,,0.0,11406
11193,HIV,,,0.0,11406
11194,HIV,,,0.0,11406
11195,HIV,,,0.0,4609
11196,HIV,,,0.0,11406
11197,HIV,,,0.0,11406
11198,HIV,,,0.0,6583
11199,HIV,,,0.0,4664
11200,HIV,,,0.0,4665
11201,HIV,,,0.0,11373
11202,HIV,,,0.0,335
11203,HIV,,,0.0,4666
11204,HIV,,,0.0,9688
11205,HIV,,,0.0,4667
11206,HIV,,,0.0,4668
11207,HIV,,,0.0,4669
11208,HIV,,,0.0,4670
11209,HIV,,,0.0,4671
11210,HIV,,,0.0,4670
11211,HIV,,,0.0,4672
11212,HIV,,,0.0,4672
11213,HIV,,,0.0,4672
11214,HIV,,,0.0,5970
11215,HIV,,,0.0,10633
11216,HIV,,,0.0,1016
11217,HIV,,,0.0,1016
11218,HIV,,,0.0,6558
11219,HIV,,,0.0,5363
11220,HIV,,,0.0,5363
11221,HIV,,,0.0,6587
11222,HIV,,,0.0,5363
11223,HIV,,,0.0,5363
11224,HIV,,,0.0,5363
11225,HIV,,,0.0,6558
11226,HIV,,,0.0,6558
11227,HIV,,,0.0,6558
11228,HIV,,,0.0,6558
11229,HIV,,,0.0,6558
11230,HIV,,,0.0,4729
11231,HIV,,,0.0,6558
11232,HIV,,,0.0,6558
11233,HIV,,,0.0,6558
11234,HIV,,,0.0,4673
11235,HIV,,,0.0,4729
11236,HIV,,,0.0,11406
11237,HIV,,,0.0,5363
11238,HIV,,,0.0,4672
11239,HIV,,,0.0,4730
11240,HIV,,,0.0,6558
11241,HIV,,,0.0,11406
11242,HIV,,,0.0,6558
11243,HIV,,,0.0,6587
11244,HIV,,,0.0,4730
11245,HIV,,,0.0,4674
11246,HIV,,,0.0,1016
11247,HIV,,,0.0,4942
11248,HIV,,,0.0,4675
11249,HIV,,,0.0,8959
11250,HIV,,,0.0,8959
11251,HIV,,,0.0,8959
11252,HIV,,,0.0,8959
11253,HIV,,,0.0,8959
11254,HIV,,,0.0,8959
11255,HIV,,,0.0,8959
11256,HIV,,,0.0,6801
11257,HIV,,,0.0,6801
11258,HIV,,,0.0,6801
11259,HIV,,,0.0,6801
11260,HIV,,,0.0,6801
11261,HIV,,,0.0,5992
11262,HIV,,,0.0,6801
11263,HIV,,,0.0,6801
11264,HIV,,,0.0,6801
11265,HIV,,,0.0,4676
11266,HIV,,,0.0,205
11267,HIV,,,0.0,4678
11268,HIV,,,0.0,4677
11269,HIV,,,0.0,4678
11270,HIV,,,0.0,4678
11271,HIV,,,0.0,4677
11272,HIV,,,0.0,4679
11273,HIV,,,0.0,4678
11274,HIV,,,0.0,4678
11275,HIV,,,0.0,4678
11276,HIV,,,0.0,5992
11277,HIV,,,0.0,68
11278,HIV,,,1.0,2027
11279,HIV,,,0.0,7604
11280,HIV,,,0.0,2546
11281,HIV,,,0.0,2546
11282,HIV,,,0.0,441
11283,HIV,,,1.0,441
11284,HIV,,,1.0,4680
11285,HIV,,,0.0,4680
11286,HIV,,,0.0,4682
11287,HIV,,,0.0,4681
11288,HIV,,,0.0,4682
11289,HIV,,,0.0,4682
11290,HIV,,,0.0,4682
11291,HIV,,,0.0,4684
11292,HIV,,,0.0,4683
11293,HIV,,,0.0,4514
11294,HIV,,,0.0,4684
11295,HIV,,,0.0,4685
11296,HIV,,,0.0,4685
11297,HIV,,,0.0,4686
11298,HIV,,,0.0,4683
11299,HIV,,,0.0,4687
11300,HIV,,,0.0,4688
11301,HIV,,,0.0,7591
11302,HIV,,,0.0,4689
11303,HIV,,,0.0,4690
11304,HIV,,,1.0,4691
11305,HIV,,,0.0,1016
11306,HIV,,,0.0,4692
11307,HIV,,,0.0,4692
11308,HIV,,,0.0,4692
11309,HIV,,,0.0,10138
11310,HIV,,,0.0,4693
11311,HIV,,,0.0,4693
11312,HIV,,,0.0,4693
11313,HIV,,,0.0,4694
11314,HIV,,,0.0,5363
11315,HIV,,,0.0,5363
11316,HIV,,,0.0,4695
11317,HIV,,,0.0,5638
11318,HIV,,,0.0,4696
11319,HIV,,,0.0,4697
11320,HIV,,,0.0,4698
11321,HIV,,,0.0,1729
11322,HIV,,,0.0,4699
11323,HIV,,,0.0,4700
11324,HIV,,,0.0,4662
11325,HIV,,,0.0,10400
11326,HIV,,,0.0,10400
11327,HIV,,,0.0,5165
11328,HIV,,,0.0,36
11329,HIV,,,0.0,1016
11330,HIV,,,0.0,10327
11331,HIV,,,0.0,4701
11332,HIV,,,0.0,14106
11333,HIV,,,0.0,1280
11334,HIV,,,0.0,4702
11335,HIV,,,0.0,1280
11336,HIV,,,0.0,4703
11337,HIV,,,0.0,4704
11338,HIV,,,0.0,4705
11339,HIV,,,0.0,4701
11340,HIV,,,0.0,4705
11341,HIV,,,0.0,4706
11342,HIV,,,0.0,4707
11343,HIV,,,0.0,4708
11344,HIV,,,0.0,12633
11345,HIV,,,0.0,12633
11346,HIV,,,0.0,12633
11347,HIV,,,0.0,14106
11348,HIV,,,0.0,3936
11349,HIV,,,0.0,3936
11350,HIV,,,0.0,4709
11351,HIV,,,0.0,4710
11352,HIV,,,1.0,4711
11353,HIV,,,0.0,3936
11354,HIV,,,0.0,3936
11355,HIV,,,0.0,4712
11356,HIV,,,0.0,4713
11357,HIV,,,0.0,4713
11358,HIV,,,0.0,4714
11359,HIV,,,0.0,4715
11360,HIV,,,0.0,4716
11361,HIV,,,0.0,4723
11362,HIV,,,0.0,4723
11363,HIV,,,0.0,13910
11364,HIV,,,0.0,4717
11365,HIV,,,0.0,4718
11366,HIV,,,0.0,4719
11367,HIV,,,0.0,4720
11368,HIV,,,0.0,8392
11369,HIV,,,0.0,8392
11370,HIV,,,0.0,4721
11371,HIV,,,0.0,4722
11372,HIV,,,0.0,4723
11373,HIV,,,0.0,4724
11374,HIV,,,0.0,604
11375,HIV,,,0.0,5165
11376,HIV,,,0.0,4725
11377,HIV,,,0.0,98
11378,HIV,,,0.0,98
11379,HIV,,,0.0,4726
11380,HIV,,,1.0,4727
11381,HIV,,,0.0,4728
11382,HIV,,,0.0,5363
11383,HIV,,,0.0,6558
11384,HIV,,,0.0,6558
11385,HIV,,,0.0,5363
11386,HIV,,,0.0,6558
11387,HIV,,,0.0,4729
11388,HIV,,,0.0,6558
11389,HIV,,,0.0,4730
11390,HIV,,,0.0,5363
11391,HIV,,,0.0,6558
11392,HIV,,,0.0,3483
11393,HIV,,,0.0,4731
11394,HIV,,,0.0,4732
11395,HIV,,,0.0,4733
11396,HIV,,,0.0,4731
11397,HIV,,,0.0,4733
11398,HIV,,,0.0,4733
11399,HIV,,,0.0,4733
11400,HIV,,,0.0,4733
11401,HIV,,,0.0,4734
11402,HIV,,,0.0,4672
11403,HIV,,,0.0,4733
11404,HIV,,,0.0,6558
11405,HIV,,,0.0,4735
11406,HIV,,,0.0,6780
11407,HIV,,,0.0,6558
11408,HIV,,,0.0,6801
11409,HIV,,,0.0,3483
11410,HIV,,,0.0,6558
11411,HIV,,,0.0,6558
11412,HIV,,,0.0,6818
11413,HIV,,,0.0,4736
11414,HIV,,,0.0,3309
11415,HIV,,,0.0,6558
11416,HIV,,,0.0,6558
11417,HIV,,,0.0,3309
11418,HIV,,,0.0,4729
11419,HIV,,,0.0,4737
11420,HIV,,,0.0,4672
11421,HIV,,,0.0,6558
11422,HIV,,,0.0,4738
11423,HIV,,,0.0,6558
11424,HIV,,,0.0,6558
11425,HIV,,,0.0,5363
11426,HIV,,,0.0,6558
11427,HIV,,,0.0,6558
11428,HIV,,,0.0,6558
11429,HIV,,,0.0,11406
11430,HIV,,,0.0,4729
11431,HIV,,,0.0,4739
11432,HIV,,,0.0,4739
11433,HIV,,,0.0,4740
11434,HIV,,,0.0,4741
11435,HIV,,,0.0,4742
11436,HIV,,,0.0,4739
11437,HIV,,,0.0,4743
11438,HIV,,,0.0,4743
11439,HIV,,,0.0,4744
11440,HIV,,,0.0,4743
11441,HIV,,,0.0,4743
11442,HIV,,,0.0,4744
11443,HIV,,,0.0,4746
11444,HIV,,,0.0,4746
11445,HIV,,,0.0,14106
11446,HIV,,,0.0,4745
11447,HIV,,,0.0,4746
11448,HIV,,,0.0,4749
11449,HIV,,,0.0,4747
11450,HIV,,,0.0,4748
11451,HIV,,,0.0,4749
11452,HIV,,,0.0,5880
11453,HIV,,,0.0,11406
11454,HIV,,,0.0,6662
11455,HIV,,,0.0,6662
11456,HIV,,,0.0,4749
11457,HIV,,,0.0,5992
11458,HIV,,,0.0,4749
11459,HIV,,,0.0,5165
11460,HIV,,,0.0,4749
11461,HIV,,,0.0,5880
11462,HIV,,,0.0,4749
11463,HIV,,,0.0,4749
11464,HIV,,,0.0,6662
11465,HIV,,,0.0,4750
11466,HIV,,,0.0,4749
11467,HIV,,,0.0,4751
11468,HIV,,,0.0,5879
11469,HIV,,,0.0,4752
11470,HIV,,,0.0,4749
11471,HIV,,,0.0,4664
11472,HIV,,,0.0,4753
11473,HIV,,,0.0,4664
11474,HIV,,,0.0,5880
11475,HIV,,,0.0,14055
11476,HIV,,,0.0,6662
11477,HIV,,,0.0,6662
11478,HIV,,,0.0,4749
11479,HIV,,,0.0,4754
11480,HIV,,,0.0,14055
11481,HIV,,,0.0,4754
11482,HIV,,,0.0,6662
11483,HIV,,,0.0,6801
11484,HIV,,,0.0,6758
11485,HIV,,,0.0,8686
11486,HIV,,,0.0,6758
11487,HIV,,,0.0,6801
11488,HIV,,,0.0,8686
11489,HIV,,,0.0,8686
11490,HIV,,,0.0,5718
11491,HIV,,,0.0,5718
11492,HIV,,,0.0,8686
11493,HIV,,,0.0,8686
11494,HIV,,,0.0,6801
11495,HIV,,,0.0,1016
11496,HIV,,,0.0,4755
11497,HIV,,,0.0,4755
11498,HIV,,,0.0,441
11499,HIV,,,1.0,441
11500,HIV,,,0.0,4756
11501,HIV,,,0.0,4756
11502,HIV,,,0.0,4757
11503,HIV,,,0.0,6334
11504,HIV,,,0.0,4758
11505,HIV,,,0.0,4759
11506,HIV,,,0.0,2546
11507,HIV,,,0.0,4760
11508,HIV,,,0.0,5992
11509,HIV,,,0.0,5992
11510,HIV,,,0.0,6801
11511,HIV,,,0.0,4763
11512,HIV,,,0.0,4761
11513,HIV,,,0.0,4762
11514,HIV,,,0.0,4763
11515,HIV,,,0.0,4764
11516,HIV,,,0.0,4763
11517,HIV,,,0.0,4764
11518,HIV,,,0.0,4763
11519,HIV,,,0.0,4763
11520,HIV,,,0.0,4765
11521,HIV,,,0.0,4766
11522,HIV,,,0.0,9050
11523,HIV,,,0.0,4761
11524,HIV,,,0.0,4761
11525,HIV,,,0.0,4767
11526,HIV,,,0.0,13716
11527,HIV,,,0.0,4768
11528,HIV,,,0.0,4769
11529,HIV,,,0.0,4770
11530,HIV,,,0.0,5992
11531,HIV,,,0.0,4771
11532,HIV,,,0.0,5992
11533,HIV,,,0.0,4772
11534,HIV,,,0.0,13815
11535,HIV,,,0.0,4773
11536,HIV,,,0.0,98
11537,HIV,,,0.0,4774
11538,HIV,,,0.0,4775
11539,HIV,,,0.0,4692
11540,HIV,,,0.0,1729
11541,HIV,,,0.0,7591
11542,HIV,,,0.0,4776
11543,HIV,,,0.0,5165
11544,HIV,,,0.0,4777
11545,HIV,,,0.0,4777
11546,HIV,,,0.0,4777
11547,HIV,,,0.0,11910
11548,HIV,,,0.0,8686
11549,HIV,,,0.0,3021
11550,HIV,,,0.0,7388
11551,HIV,,,0.0,4778
11552,HIV,,,0.0,5501
11553,HIV,,,0.0,11202
11554,HIV,,,0.0,11202
11555,HIV,,,0.0,5128
11556,HIV,,,0.0,2546
11557,HIV,,,0.0,2546
11558,HIV,,,0.0,2546
11559,HIV,,,0.0,4879
11560,HIV,,,1.0,2089
11561,HIV,,,0.0,3333
11562,HIV,,,0.0,1016
11563,HIV,,,0.0,5992
11564,HIV,,,0.0,5992
11565,HIV,,,0.0,5992
11566,HIV,,,0.0,343
11567,HIV,,,0.0,4779
11568,HIV,,,0.0,4779
11569,HIV,,,0.0,5992
11570,HIV,,,0.0,4790
11571,HIV,,,0.0,4790
11572,HIV,,,0.0,1016
11573,HIV,,,0.0,1016
11574,HIV,,,0.0,1016
11575,HIV,,,0.0,1016
11576,HIV,,,0.0,4780
11577,HIV,,,0.0,4780
11578,HIV,,,0.0,4780
11579,HIV,,,0.0,4781
11580,HIV,,,0.0,4782
11581,HIV,,,0.0,459
11582,HIV,,,0.0,4783
11583,HIV,,,0.0,4786
11584,HIV,,,0.0,4784
11585,HIV,,,0.0,4785
11586,HIV,,,0.0,4786
11587,HIV,,,0.0,4786
11588,HIV,,,0.0,4786
11589,HIV,,,0.0,4787
11590,HIV,,,1.0,4788
11591,HIV,,,0.0,4786
11592,HIV,,,0.0,4786
11593,HIV,,,0.0,4790
11594,HIV,,,0.0,4790
11595,HIV,,,0.0,4790
11596,HIV,,,0.0,4790
11597,HIV,,,0.0,4790
11598,HIV,,,0.0,4790
11599,HIV,,,0.0,4790
11600,HIV,,,0.0,4790
11601,HIV,,,0.0,4790
11602,HIV,,,0.0,4790
11603,HIV,,,0.0,4789
11604,HIV,,,0.0,4790
11605,HIV,,,0.0,4790
11606,HIV,,,0.0,205
11607,HIV,,,0.0,4790
11608,HIV,,,0.0,1016
11609,HIV,,,0.0,4791
11610,HIV,,,0.0,4791
11611,HIV,,,0.0,4792
11612,HIV,,,0.0,11509
11613,HIV,,,0.0,12557
11614,HIV,,,0.0,4793
11615,HIV,,,0.0,5054
11616,HIV,,,0.0,4800
11617,HIV,,,0.0,4794
11618,HIV,,,0.0,4795
11619,HIV,,,0.0,4796
11620,HIV,,,0.0,1729
11621,HIV,,,0.0,1729
11622,HIV,,,0.0,4797
11623,HIV,,,0.0,4797
11624,HIV,,,0.0,5992
11625,HIV,,,0.0,4798
11626,HIV,,,0.0,6801
11627,HIV,,,0.0,6801
11628,HIV,,,0.0,5597
11629,HIV,,,0.0,6801
11630,HIV,,,0.0,4799
11631,HIV,,,0.0,4799
11632,HIV,,,0.0,4799
11633,HIV,,,1.0,6801
11634,HIV,,,0.0,6801
11635,HIV,,,0.0,6801
11636,HIV,,,1.0,6801
11637,HIV,,,1.0,5992
11638,HIV,,,0.0,5597
11639,HIV,,,0.0,5597
11640,HIV,,,0.0,4800
11641,HIV,,,0.0,4801
11642,HIV,,,0.0,4802
11643,HIV,,,0.0,4803
11644,HIV,,,0.0,5992
11645,HIV,,,0.0,5992
11646,HIV,,,0.0,5992
11647,HIV,,,0.0,5992
11648,HIV,,,0.0,5992
11649,HIV,,,0.0,2507
11650,HIV,,,0.0,4804
11651,HIV,,,0.0,4804
11652,HIV,,,0.0,6801
11653,HIV,,,0.0,4805
11654,HIV,,,0.0,13922
11655,HIV,,,0.0,4806
11656,HIV,,,0.0,9400
11657,HIV,,,0.0,4807
11658,HIV,,,0.0,4808
11659,HIV,,,0.0,4808
11660,HIV,,,0.0,4809
11661,HIV,,,0.0,4810
11662,HIV,,,0.0,4811
11663,HIV,,,0.0,7761
11664,HIV,,,0.0,4812
11665,HIV,,,0.0,5165
11666,HIV,,,0.0,4813
11667,HIV,,,0.0,4814
11668,HIV,,,0.0,1280
11669,HIV,,,0.0,4815
11670,HIV,,,0.0,10633
11671,HIV,,,0.0,10633
11672,HIV,,,0.0,2800
11673,HIV,,,0.0,13205
11674,HIV,,,0.0,2800
11675,HIV,,,0.0,2800
11676,HIV,,,0.0,4816
11677,HIV,,,0.0,7388
11678,HIV,,,0.0,7388
11679,HIV,,,0.0,14106
11680,HIV,,,0.0,14106
11681,HIV,,,0.0,14106
11682,HIV,,,0.0,7388
11683,HIV,,,1.0,13761
11684,HIV,,,0.0,14106
11685,HIV,,,0.0,14106
11686,HIV,,,0.0,14106
11687,HIV,,,0.0,14106
11688,HIV,,,0.0,91
11689,HIV,,,0.0,7388
11690,HIV,,,0.0,10633
11691,HIV,,,0.0,4817
11692,HIV,,,0.0,4818
11693,HIV,,,0.0,2800
11694,HIV,,,0.0,4819
11695,HIV,,,0.0,4820
11696,HIV,,,0.0,4821
11697,HIV,,,0.0,4822
11698,HIV,,,0.0,4823
11699,HIV,,,0.0,4824
11700,HIV,,,0.0,4825
11701,HIV,,,0.0,4826
11702,HIV,,,0.0,4827
11703,HIV,,,0.0,4828
11704,HIV,,,0.0,4829
11705,HIV,,,0.0,4830
11706,HIV,,,0.0,4831
11707,HIV,,,0.0,4831
11708,HIV,,,0.0,3418
11709,HIV,,,0.0,4832
11710,HIV,,,0.0,3418
11711,HIV,,,0.0,3418
11712,HIV,,,0.0,3418
11713,HIV,,,0.0,5363
11714,HIV,,,0.0,5363
11715,HIV,,,0.0,4833
11716,HIV,,,0.0,4834
11717,HIV,,,0.0,4834
11718,HIV,,,0.0,2546
11719,HIV,,,0.0,4835
11720,HIV,,,0.0,4836
11721,HIV,,,0.0,8341
11722,HIV,,,0.0,8341
11723,HIV,,,0.0,3309
11724,HIV,,,0.0,4837
11725,HIV,,,0.0,8686
11726,HIV,,,0.0,6758
11727,HIV,,,0.0,6801
11728,HIV,,,0.0,4838
11729,HIV,,,0.0,6758
11730,HIV,,,0.0,6758
11731,HIV,,,0.0,8686
11732,HIV,,,0.0,6801
11733,HIV,,,0.0,8686
11734,HIV,,,0.0,8686
11735,HIV,,,0.0,8686
11736,HIV,,,0.0,6801
11737,HIV,,,0.0,8686
11738,HIV,,,0.0,6758
11739,HIV,,,0.0,8686
11740,HIV,,,0.0,6801
11741,HIV,,,0.0,6801
11742,HIV,,,0.0,6801
11743,HIV,,,0.0,6758
11744,HIV,,,0.0,6758
11745,HIV,,,0.0,8686
11746,HIV,,,0.0,4839
11747,HIV,,,0.0,8686
11748,HIV,,,0.0,8686
11749,HIV,,,0.0,8686
11750,HIV,,,0.0,6801
11751,HIV,,,0.0,6758
11752,HIV,,,0.0,5718
11753,HIV,,,0.0,5718
11754,HIV,,,0.0,8686
11755,HIV,,,0.0,6801
11756,HIV,,,0.0,8686
11757,HIV,,,0.0,8686
11758,HIV,,,0.0,5718
11759,HIV,,,0.0,6801
11760,HIV,,,0.0,5718
11761,HIV,,,0.0,5718
11762,HIV,,,0.0,8686
11763,HIV,,,0.0,8686
11764,HIV,,,0.0,8686
11765,HIV,,,0.0,5718
11766,HIV,,,0.0,8686
11767,HIV,,,0.0,8686
11768,HIV,,,0.0,8686
11769,HIV,,,0.0,4840
11770,HIV,,,0.0,4841
11771,HIV,,,0.0,4842
11772,HIV,,,0.0,5801
11773,HIV,,,0.0,11406
11774,HIV,,,0.0,5801
11775,HIV,,,0.0,4843
11776,HIV,,,0.0,4844
11777,HIV,,,0.0,11406
11778,HIV,,,0.0,4845
11779,HIV,,,0.0,7289
11780,HIV,,,0.0,6027
11781,HIV,,,0.0,4846
11782,HIV,,,0.0,4609
11783,HIV,,,0.0,4620
11784,HIV,,,0.0,4846
11785,HIV,,,0.0,11406
11786,HIV,,,0.0,6583
11787,HIV,,,0.0,4846
11788,HIV,,,0.0,4847
11789,HIV,,,0.0,6801
11790,HIV,,,0.0,4595
11791,HIV,,,0.0,6583
11792,HIV,,,0.0,4848
11793,HIV,,,0.0,11406
11794,HIV,,,0.0,4849
11795,HIV,,,0.0,5165
11796,HIV,,,0.0,4850
11797,HIV,,,0.0,4850
11798,HIV,,,0.0,4851
11799,HIV,,,0.0,4851
11800,HIV,,,0.0,4852
11801,HIV,,,0.0,4853
11802,HIV,,,0.0,4854
11803,HIV,,,0.0,5363
11804,HIV,,,0.0,7521
11805,HIV,,,0.0,4855
11806,HIV,,,0.0,4856
11807,HIV,,,0.0,4856
11808,HIV,,,0.0,4857
11809,HIV,,,0.0,4858
11810,HIV,,,0.0,4859
11811,HIV,,,0.0,36
11812,HIV,,,0.0,4860
11813,HIV,,,0.0,7632
11814,HIV,,,0.0,9512
11815,HIV,,,0.0,4861
11816,HIV,,,0.0,4862
11817,HIV,,,0.0,4863
11818,HIV,,,0.0,4864
11819,HIV,,,0.0,4865
11820,HIV,,,0.0,4866
11821,HIV,,,0.0,4867
11822,HIV,,,0.0,4868
11823,HIV,,,0.0,4868
11824,HIV,,,0.0,11358
11825,HIV,,,0.0,4869
11826,HIV,,,0.0,4869
11827,HIV,,,0.0,4870
11828,HIV,,,0.0,4871
11829,HIV,,,0.0,12533
11830,HIV,,,0.0,6801
11831,HIV,,,0.0,6801
11832,HIV,,,0.0,6801
11833,HIV,,,0.0,6801
11834,HIV,,,0.0,6801
11835,HIV,,,1.0,5590
11836,HIV,,,0.0,4872
11837,HIV,,,0.0,1016
11838,HIV,,,0.0,2800
11839,HIV,,,0.0,4873
11840,HIV,,,0.0,2546
11841,HIV,,,0.0,3309
11842,HIV,,,0.0,3309
11843,HIV,,,0.0,3309
11844,HIV,,,0.0,3309
11845,HIV,,,0.0,4874
11846,HIV,,,0.0,3309
11847,HIV,,,0.0,1729
11848,HIV,,,0.0,4875
11849,HIV,,,0.0,4876
11850,HIV,,,0.0,5363
11851,HIV,,,0.0,335
11852,HIV,,,0.0,335
11853,HIV,,,0.0,4877
11854,HIV,,,0.0,155
11855,HIV,,,0.0,4878
11856,HIV,,,0.0,4879
11857,HIV,,,0.0,4880
11858,HIV,,,0.0,4880
11859,HIV,,,0.0,3254
11860,HIV,,,0.0,205
11861,HIV,,,0.0,5165
11862,HIV,,,0.0,4881
11863,HIV,,,0.0,5165
11864,HIV,,,0.0,4883
11865,HIV,,,0.0,4881
11866,HIV,,,0.0,4882
11867,HIV,,,0.0,5165
11868,HIV,,,0.0,4883
11869,HIV,,,0.0,4884
11870,HIV,,,0.0,4885
11871,HIV,,,0.0,4885
11872,HIV,,,0.0,4885
11873,HIV,,,0.0,4885
11874,HIV,,,0.0,4885
11875,HIV,,,0.0,4885
11876,HIV,,,0.0,4885
11877,HIV,,,0.0,4885
11878,HIV,,,0.0,4885
11879,HIV,,,0.0,4885
11880,HIV,,,0.0,4885
11881,HIV,,,0.0,4885
11882,HIV,,,0.0,4885
11883,HIV,,,0.0,4885
11884,HIV,,,0.0,4886
11885,HIV,,,0.0,14106
11886,HIV,,,0.0,14106
11887,HIV,,,0.0,14106
11888,HIV,,,0.0,14106
11889,HIV,,,0.0,4887
11890,HIV,,,0.0,4887
11891,HIV,,,0.0,4926
11892,HIV,,,0.0,4890
11893,HIV,,,0.0,4901
11894,HIV,,,0.0,4888
11895,HIV,,,0.0,4889
11896,HIV,,,0.0,4890
11897,HIV,,,0.0,4890
11898,HIV,,,0.0,1016
11899,HIV,,,0.0,4892
11900,HIV,,,0.0,4891
11901,HIV,,,0.0,4892
11902,HIV,,,0.0,4893
11903,HIV,,,0.0,4926
11904,HIV,,,0.0,4894
11905,HIV,,,0.0,2546
11906,HIV,,,0.0,4890
11907,HIV,,,0.0,4895
11908,HIV,,,0.0,4889
11909,HIV,,,0.0,4890
11910,HIV,,,0.0,4890
11911,HIV,,,0.0,4890
11912,HIV,,,0.0,5363
11913,HIV,,,0.0,4890
11914,HIV,,,1.0,4896
11915,HIV,,,0.0,4890
11916,HIV,,,0.0,4890
11917,HIV,,,0.0,4897
11918,HIV,,,0.0,4897
11919,HIV,,,0.0,4898
11920,HIV,,,1.0,1924
11921,HIV,,,0.0,4899
11922,HIV,,,0.0,4900
11923,HIV,,,0.0,4901
11924,HIV,,,0.0,4901
11925,HIV,,,0.0,4901
11926,HIV,,,0.0,2546
11927,HIV,,,0.0,4902
11928,HIV,,,0.0,4890
11929,HIV,,,0.0,4890
11930,HIV,,,0.0,4903
11931,HIV,,,0.0,4903
11932,HIV,,,0.0,4904
11933,HIV,,,0.0,4905
11934,HIV,,,0.0,4906
11935,HIV,,,0.0,5597
11936,HIV,,,0.0,4907
11937,HIV,,,0.0,8959
11938,HIV,,,0.0,4908
11939,HIV,,,0.0,1122
11940,HIV,,,0.0,4909
11941,HIV,,,0.0,4910
11942,HIV,,,0.0,4911
11943,HIV,,,0.0,4912
11944,HIV,,,0.0,4912
11945,HIV,,,0.0,4913
11946,HIV,,,0.0,288
11947,HIV,,,0.0,10746
11948,HIV,,,0.0,4914
11949,HIV,,,0.0,4915
11950,HIV,,,0.0,4916
11951,HIV,,,0.0,4917
11952,HIV,,,0.0,4918
11953,HIV,,,0.0,4919
11954,HIV,,,0.0,4920
11955,HIV,,,0.0,4921
11956,HIV,,,0.0,4922
11957,HIV,,,0.0,4923
11958,HIV,,,0.0,4924
11959,HIV,,,0.0,4925
11960,HIV,,,0.0,8959
11961,HIV,,,0.0,1016
11962,HIV,,,0.0,1016
11963,HIV,,,0.0,1016
11964,HIV,,,0.0,1016
11965,HIV,,,0.0,4889
11966,HIV,,,0.0,4895
11967,HIV,,,0.0,4926
11968,HIV,,,0.0,4926
11969,HIV,,,0.0,5989
11970,HIV,,,0.0,4926
11971,HIV,,,0.0,4926
11972,HIV,,,0.0,4927
11973,HIV,,,0.0,4890
11974,HIV,,,0.0,4901
11975,HIV,,,0.0,4928
11976,HIV,,,0.0,4929
11977,HIV,,,0.0,4930
11978,HIV,,,0.0,4930
11979,HIV,,,0.0,4931
11980,HIV,,,0.0,4896
11981,HIV,,,0.0,4890
11982,HIV,,,0.0,4890
11983,HIV,,,0.0,4896
11984,HIV,,,0.0,4890
11985,HIV,,,0.0,4890
11986,HIV,,,0.0,4931
11987,HIV,,,0.0,4901
11988,HIV,,,0.0,7591
11989,HIV,,,0.0,4932
11990,HIV,,,0.0,4933
11991,HIV,,,0.0,4934
11992,HIV,,,0.0,5250
11993,HIV,,,0.0,4935
11994,HIV,,,0.0,6708
11995,HIV,,,0.0,6708
11996,HIV,,,0.0,5250
11997,HIV,,,0.0,5250
11998,HIV,,,0.0,5062
11999,HIV,,,0.0,4936
12000,HIV,,,0.0,4937
12001,HIV,,,0.0,5424
12002,HIV,,,0.0,11202
12003,HIV,,,0.0,158
12004,HIV,,,0.0,4938
12005,HIV,,,0.0,4939
12006,HIV,,,0.0,4940
12007,HIV,,,0.0,4941
12008,HIV,,,0.0,4942
12009,HIV,,,0.0,4943
12010,HIV,,,0.0,4944
12011,HIV,,,0.0,4945
12012,HIV,,,0.0,4946
12013,HIV,,,0.0,4947
12014,HIV,,,0.0,4948
12015,HIV,,,0.0,4949
12016,HIV,,,0.0,4950
12017,HIV,,,0.0,4951
12018,HIV,,,0.0,4952
12019,HIV,,,0.0,4953
12020,HIV,,,0.0,4953
12021,HIV,,,0.0,4955
12022,HIV,,,0.0,4954
12023,HIV,,,0.0,4954
12024,HIV,,,0.0,3279
12025,HIV,,,0.0,6801
12026,HIV,,,0.0,4955
12027,HIV,,,0.0,6801
12028,HIV,,,0.0,4956
12029,HIV,,,0.0,4761
12030,HIV,,,0.0,4957
12031,HIV,,,0.0,6801
12032,HIV,,,0.0,6801
12033,HIV,,,0.0,6801
12034,HIV,,,0.0,6801
12035,HIV,,,0.0,4958
12036,HIV,,,0.0,4959
12037,HIV,,,0.0,6801
12038,HIV,,,0.0,6801
12039,HIV,,,0.0,36
12040,HIV,,,0.0,4960
12041,HIV,,,0.0,8959
12042,HIV,,,0.0,8959
12043,HIV,,,0.0,8959
12044,HIV,,,0.0,4961
12045,HIV,,,0.0,14106
12046,HIV,,,0.0,14106
12047,HIV,,,0.0,4962
12048,HIV,,,0.0,4963
12049,HIV,,,0.0,4970
12050,HIV,,,0.0,2473
12051,HIV,,,0.0,4964
12052,HIV,,,0.0,4965
12053,HIV,,,1.0,4966
12054,HIV,,,0.0,4967
12055,HIV,,,0.0,10746
12056,HIV,,,0.0,4968
12057,HIV,,,0.0,4969
12058,HIV,,,0.0,12621
12059,HIV,,,0.0,9645
12060,HIV,,,0.0,12621
12061,HIV,,,0.0,4970
12062,HIV,,,0.0,8959
12063,HIV,,,0.0,4971
12064,HIV,,,0.0,4972
12065,HIV,,,0.0,10746
12066,HIV,,,0.0,8959
12067,HIV,,,0.0,9645
12068,HIV,,,0.0,9645
12069,HIV,,,0.0,9645
12070,HIV,,,0.0,9645
12071,HIV,,,0.0,5597
12072,HIV,,,0.0,8392
12073,HIV,,,0.0,3083
12074,HIV,,,0.0,8392
12075,HIV,,,0.0,5597
12076,HIV,,,0.0,5597
12077,HIV,,,0.0,677
12078,HIV,,,0.0,4973
12079,HIV,,,0.0,4973
12080,HIV,,,0.0,4973
12081,HIV,,,0.0,4974
12082,HIV,,,0.0,5597
12083,HIV,,,0.0,5597
12084,HIV,,,0.0,4974
12085,HIV,,,0.0,4975
12086,HIV,,,0.0,4975
12087,HIV,,,0.0,4973
12088,HIV,,,0.0,4976
12089,HIV,,,0.0,4976
12090,HIV,,,0.0,4976
12091,HIV,,,0.0,8982
12092,HIV,,,0.0,8982
12093,HIV,,,0.0,5597
12094,HIV,,,0.0,4977
12095,HIV,,,0.0,98
12096,HIV,,,0.0,4973
12097,HIV,,,0.0,4978
12098,HIV,,,0.0,4974
12099,HIV,,,0.0,14106
12100,HIV,,,0.0,14111
12101,HIV,,,0.0,10633
12102,HIV,,,0.0,4979
12103,HIV,,,0.0,4958
12104,HIV,,,0.0,4980
12105,HIV,,,0.0,7611
12106,HIV,,,0.0,4981
12107,HIV,,,0.0,4982
12108,HIV,,,0.0,4983
12109,HIV,,,0.0,4984
12110,HIV,,,0.0,4989
12111,HIV,,,0.0,4985
12112,HIV,,,0.0,11358
12113,HIV,,,0.0,4986
12114,HIV,,,0.0,4986
12115,HIV,,,0.0,4987
12116,HIV,,,0.0,4988
12117,HIV,,,0.0,4989
12118,HIV,,,0.0,4990
12119,HIV,,,0.0,8638
12120,HIV,,,0.0,4991
12121,HIV,,,0.0,4991
12122,HIV,,,0.0,4992
12123,HIV,,,0.0,11056
12124,HIV,,,0.0,4993
12125,HIV,,,0.0,5165
12126,HIV,,,0.0,1280
12127,HIV,,,0.0,4994
12128,HIV,,,0.0,5597
12129,HIV,,,0.0,5597
12130,HIV,,,0.0,1845
12131,HIV,,,0.0,10400
12132,HIV,,,0.0,4995
12133,HIV,,,0.0,4996
12134,HIV,,,0.0,4997
12135,HIV,,,0.0,4999
12136,HIV,,,0.0,4998
12137,HIV,,,0.0,4999
12138,HIV,,,0.0,4999
12139,HIV,,,0.0,5000
12140,HIV,,,0.0,3279
12141,HIV,,,0.0,5001
12142,HIV,,,0.0,5
12143,HIV,,,0.0,5002
12144,HIV,,,0.0,1280
12145,HIV,,,0.0,5003
12146,HIV,,,0.0,5003
12147,HIV,,,1.0,434
12148,HIV,,,0.0,5363
12149,HIV,,,0.0,7673
12150,HIV,,,0.0,5004
12151,HIV,,,0.0,10633
12152,HIV,,,0.0,7337
12153,HIV,,,0.0,10746
12154,HIV,,,0.0,10862
12155,HIV,,,0.0,1016
12156,HIV,,,0.0,5005
12157,HIV,,,0.0,10409
12158,HIV,,,0.0,3138
12159,HIV,,,0.0,13815
12160,HIV,,,0.0,5006
12161,HIV,,,0.0,5007
12162,HIV,,,0.0,5363
12163,HIV,,,0.0,5008
12164,HIV,,,0.0,5009
12165,HIV,,,0.0,5597
12166,HIV,,,0.0,5010
12167,HIV,,,0.0,5011
12168,HIV,,,0.0,5012
12169,HIV,,,0.0,11339
12170,HIV,,,0.0,5013
12171,HIV,,,0.0,5250
12172,HIV,,,0.0,5250
12173,HIV,,,0.0,5014
12174,HIV,,,0.0,10400
12175,HIV,,,0.0,10400
12176,HIV,,,0.0,5015
12177,HIV,,,0.0,10400
12178,HIV,,,0.0,10400
12179,HIV,,,0.0,10400
12180,HIV,,,0.0,10400
12181,HIV,,,0.0,10400
12182,HIV,,,0.0,5016
12183,HIV,,,0.0,13815
12184,HIV,,,0.0,5017
12185,HIV,,,0.0,5018
12186,HIV,,,0.0,5019
12187,HIV,,,0.0,5020
12188,HIV,,,0.0,5021
12189,HIV,,,0.0,9175
12190,HIV,,,0.0,6356
12191,HIV,,,0.0,5022
12192,HIV,,,0.0,9175
12193,HIV,,,0.0,7337
12194,HIV,,,0.0,5023
12195,HIV,,,0.0,7337
12196,HIV,,,0.0,5165
12197,HIV,,,0.0,5165
12198,HIV,,,0.0,4842
12199,HIV,,,0.0,4842
12200,HIV,,,0.0,5024
12201,HIV,,,0.0,5025
12202,HIV,,,0.0,5026
12203,HIV,,,0.0,5027
12204,HIV,,,0.0,5028
12205,HIV,,,0.0,5029
12206,HIV,,,0.0,5030
12207,HIV,,,0.0,12557
12208,HIV,,,0.0,8686
12209,HIV,,,0.0,5363
12210,HIV,,,0.0,5031
12211,HIV,,,0.0,335
12212,HIV,,,1.0,3021
12213,HIV,,,0.0,5032
12214,HIV,,,0.0,3034
12215,HIV,,,0.0,1016
12216,HIV,,,0.0,5033
12217,HIV,,,0.0,5034
12218,HIV,,,0.0,5035
12219,HIV,,,0.0,3083
12220,HIV,,,0.0,1343
12221,HIV,,,0.0,5036
12222,HIV,,,0.0,5037
12223,HIV,,,0.0,6016
12224,HIV,,,0.0,5038
12225,HIV,,,0.0,5039
12226,HIV,,,0.0,1016
12227,HIV,,,0.0,1016
12228,HIV,,,0.0,1016
12229,HIV,,,0.0,1016
12230,HIV,,,0.0,1016
12231,HIV,,,0.0,1016
12232,HIV,,,0.0,1016
12233,HIV,,,0.0,1016
12234,HIV,,,0.0,1016
12235,HIV,,,0.0,1016
12236,HIV,,,0.0,1016
12237,HIV,,,0.0,1016
12238,HIV,,,0.0,1016
12239,HIV,,,0.0,1016
12240,HIV,,,0.0,1016
12241,HIV,,,0.0,1016
12242,HIV,,,0.0,1016
12243,HIV,,,0.0,1016
12244,HIV,,,0.0,1016
12245,HIV,,,0.0,1016
12246,HIV,,,0.0,1016
12247,HIV,,,0.0,1016
12248,HIV,,,0.0,1016
12249,HIV,,,0.0,1016
12250,HIV,,,0.0,1016
12251,HIV,,,0.0,1016
12252,HIV,,,0.0,1016
12253,HIV,,,0.0,1016
12254,HIV,,,0.0,1016
12255,HIV,,,0.0,1016
12256,HIV,,,0.0,5992
12257,HIV,,,0.0,5040
12258,HIV,,,0.0,1016
12259,HIV,,,0.0,1016
12260,HIV,,,0.0,1016
12261,HIV,,,0.0,1016
12262,HIV,,,0.0,1016
12263,HIV,,,0.0,1016
12264,HIV,,,0.0,1016
12265,HIV,,,0.0,5041
12266,HIV,,,0.0,680
12267,HIV,,,0.0,5042
12268,HIV,,,0.0,604
12269,HIV,,,0.0,14106
12270,HIV,,,0.0,604
12271,HIV,,,0.0,5042
12272,HIV,,,0.0,5042
12273,HIV,,,0.0,14106
12274,HIV,,,0.0,5042
12275,HIV,,,0.0,11202
12276,HIV,,,0.0,11202
12277,HIV,,,0.0,11202
12278,HIV,,,0.0,11202
12279,HIV,,,0.0,11202
12280,HIV,,,0.0,11202
12281,HIV,,,0.0,11202
12282,HIV,,,0.0,11202
12283,HIV,,,0.0,11202
12284,HIV,,,0.0,11202
12285,HIV,,,1.0,11202
12286,HIV,,,1.0,11202
12287,HIV,,,0.0,11202
12288,HIV,,,0.0,11202
12289,HIV,,,0.0,11202
12290,HIV,,,1.0,11202
12291,HIV,,,0.0,5250
12292,HIV,,,0.0,5250
12293,HIV,,,0.0,5043
12294,HIV,,,0.0,5043
12295,HIV,,,0.0,5044
12296,HIV,,,0.0,5044
12297,HIV,,,0.0,5045
12298,HIV,,,0.0,5046
12299,HIV,,,0.0,5047
12300,HIV,,,0.0,5048
12301,HIV,,,0.0,5048
12302,HIV,,,0.0,5048
12303,HIV,,,0.0,1016
12304,HIV,,,0.0,5049
12305,HIV,,,0.0,5050
12306,HIV,,,0.0,5051
12307,HIV,,,0.0,1280
12308,HIV,,,0.0,5052
12309,HIV,,,0.0,4791
12310,HIV,,,0.0,12557
12311,HIV,,,0.0,5053
12312,HIV,,,0.0,5054
12313,HIV,,,0.0,12557
12314,HIV,,,0.0,5055
12315,HIV,,,0.0,5363
12316,HIV,,,0.0,5056
12317,HIV,,,0.0,5057
12318,HIV,,,0.0,5058
12319,HIV,,,0.0,5058
12320,HIV,,,0.0,5059
12321,HIV,,,0.0,5060
12322,HIV,,,0.0,5061
12323,HIV,,,0.0,5062
12324,HIV,,,0.0,5062
12325,HIV,,,0.0,5062
12326,HIV,,,0.0,5063
12327,HIV,,,0.0,5063
12328,HIV,,,0.0,1711
12329,HIV,,,0.0,1711
12330,HIV,,,0.0,1016
12331,HIV,,,0.0,5064
12332,HIV,,,0.0,5064
12333,HIV,,,0.0,5065
12334,HIV,,,0.0,5066
12335,HIV,,,0.0,5067
12336,HIV,,,0.0,5067
12337,HIV,,,0.0,5068
12338,HIV,,,0.0,5069
12339,HIV,,,0.0,5069
12340,HIV,,,0.0,5068
12341,HIV,,,0.0,5070
12342,HIV,,,0.0,5165
12343,HIV,,,0.0,5071
12344,HIV,,,0.0,5072
12345,HIV,,,0.0,1344
12346,HIV,,,0.0,2236
12347,HIV,,,0.0,5073
12348,HIV,,,0.0,5074
12349,HIV,,,0.0,5075
12350,HIV,,,0.0,2546
12351,HIV,,,0.0,5075
12352,HIV,,,0.0,11373
12353,HIV,,,0.0,5076
12354,HIV,,,0.0,5089
12355,HIV,,,0.0,5077
12356,HIV,,,0.0,5095
12357,HIV,,,0.0,5165
12358,HIV,,,0.0,5165
12359,HIV,,,0.0,1344
12360,HIV,,,0.0,441
12361,HIV,,,0.0,5078
12362,HIV,,,0.0,5079
12363,HIV,,,0.0,5080
12364,HIV,,,0.0,5081
12365,HIV,,,0.0,5074
12366,HIV,,,0.0,1344
12367,HIV,,,0.0,5
12368,HIV,,,0.0,441
12369,HIV,,,0.0,1344
12370,HIV,,,0.0,5082
12371,HIV,,,0.0,5747
12372,HIV,,,0.0,5083
12373,HIV,,,0.0,5084
12374,HIV,,,0.0,3990
12375,HIV,,,0.0,4974
12376,HIV,,,0.0,5085
12377,HIV,,,0.0,1729
12378,HIV,,,0.0,5086
12379,HIV,,,0.0,3309
12380,HIV,,,0.0,5087
12381,HIV,,,0.0,5088
12382,HIV,,,0.0,6436
12383,HIV,,,0.0,5089
12384,HIV,,,0.0,1344
12385,HIV,,,0.0,5090
12386,HIV,,,0.0,5091
12387,HIV,,,0.0,5092
12388,HIV,,,0.0,1845
12389,HIV,,,0.0,5093
12390,HIV,,,0.0,5094
12391,HIV,,,0.0,441
12392,HIV,,,0.0,10400
12393,HIV,,,0.0,5095
12394,HIV,,,0.0,5096
12395,HIV,,,1.0,1344
12396,HIV,,,0.0,5077
12397,HIV,,,0.0,5097
12398,HIV,,,0.0,5098
12399,HIV,,,0.0,2587
12400,HIV,,,0.0,5099
12401,HIV,,,1.0,5100
12402,HIV,,,0.0,6801
12403,HIV,,,0.0,5165
12404,HIV,,,0.0,6801
12405,HIV,,,0.0,5165
12406,HIV,,,0.0,5165
12407,HIV,,,0.0,5101
12408,HIV,,,0.0,5102
12409,HIV,,,0.0,10652
12410,HIV,,,0.0,10652
12411,HIV,,,0.0,10652
12412,HIV,,,0.0,5103
12413,HIV,,,0.0,5104
12414,HIV,,,0.0,5105
12415,HIV,,,0.0,5106
12416,HIV,,,0.0,14043
12417,HIV,,,0.0,14043
12418,HIV,,,0.0,1590
12419,HIV,,,0.0,3294
12420,HIV,,,0.0,5107
12421,HIV,,,0.0,5108
12422,HIV,,,0.0,5109
12423,HIV,,,0.0,5109
12424,HIV,,,0.0,5110
12425,HIV,,,0.0,5110
12426,HIV,,,0.0,5110
12427,HIV,,,0.0,1894
12428,HIV,,,0.0,1894
12429,HIV,,,0.0,9756
12430,HIV,,,0.0,5111
12431,HIV,,,0.0,9756
12432,HIV,,,0.0,9756
12433,HIV,,,0.0,5112
12434,HIV,,,0.0,5112
12435,HIV,,,0.0,5113
12436,HIV,,,0.0,5114
12437,HIV,,,0.0,5115
12438,HIV,,,0.0,5116
12439,HIV,,,0.0,5117
12440,HIV,,,0.0,5118
12441,HIV,,,0.0,5119
12442,HIV,,,0.0,5120
12443,HIV,,,0.0,5121
12444,HIV,,,0.0,5121
12445,HIV,,,0.0,8154
12446,HIV,,,0.0,5122
12447,HIV,,,0.0,2546
12448,HIV,,,0.0,5123
12449,HIV,,,0.0,5124
12450,HIV,,,0.0,5125
12451,HIV,,,0.0,5126
12452,HIV,,,0.0,5127
12453,HIV,,,0.0,5128
12454,HIV,,,0.0,5129
12455,HIV,,,0.0,5130
12456,HIV,,,0.0,5130
12457,HIV,,,0.0,5130
12458,HIV,,,0.0,5130
12459,HIV,,,0.0,5131
12460,HIV,,,0.0,5132
12461,HIV,,,0.0,5132
12462,HIV,,,0.0,604
12463,HIV,,,0.0,5133
12464,HIV,,,0.0,13205
12465,HIV,,,0.0,604
12466,HIV,,,0.0,98
12467,HIV,,,0.0,5134
12468,HIV,,,0.0,5135
12469,HIV,,,0.0,5136
12470,HIV,,,0.0,11687
12471,HIV,,,0.0,5137
12472,HIV,,,0.0,5138
12473,HIV,,,0.0,604
12474,HIV,,,0.0,8392
12475,HIV,,,0.0,5139
12476,HIV,,,0.0,5139
12477,HIV,,,0.0,5140
12478,HIV,,,0.0,6423
12479,HIV,,,0.0,6482
12480,HIV,,,0.0,6423
12481,HIV,,,0.0,5143
12482,HIV,,,0.0,5143
12483,HIV,,,0.0,6482
12484,HIV,,,0.0,5141
12485,HIV,,,0.0,5142
12486,HIV,,,0.0,6423
12487,HIV,,,0.0,285
12488,HIV,,,0.0,5143
12489,HIV,,,0.0,6296
12490,HIV,,,1.0,6296
12491,HIV,,,0.0,6296
12492,HIV,,,0.0,6296
12493,HIV,,,0.0,5144
12494,HIV,,,0.0,5363
12495,HIV,,,0.0,5145
12496,HIV,,,0.0,5363
12497,HIV,,,0.0,5363
12498,HIV,,,0.0,5146
12499,HIV,,,0.0,5363
12500,HIV,,,0.0,5147
12501,HIV,,,0.0,5148
12502,HIV,,,0.0,11406
12503,HIV,,,0.0,5149
12504,HIV,,,0.0,6296
12505,HIV,,,0.0,5150
12506,HIV,,,0.0,10400
12507,HIV,,,0.0,11406
12508,HIV,,,0.0,11406
12509,HIV,,,0.0,5151
12510,HIV,,,0.0,5152
12511,HIV,,,0.0,5152
12512,HIV,,,0.0,5597
12513,HIV,,,0.0,5153
12514,HIV,,,0.0,5154
12515,HIV,,,0.0,5156
12516,HIV,,,0.0,5155
12517,HIV,,,0.0,5157
12518,HIV,,,0.0,5157
12519,HIV,,,0.0,5597
12520,HIV,,,0.0,5156
12521,HIV,,,0.0,5157
12522,HIV,,,0.0,5158
12523,HIV,,,0.0,5157
12524,HIV,,,0.0,10491
12525,HIV,,,0.0,5161
12526,HIV,,,0.0,5160
12527,HIV,,,0.0,5159
12528,HIV,,,0.0,5160
12529,HIV,,,0.0,5160
12530,HIV,,,0.0,5161
12531,HIV,,,0.0,5160
12532,HIV,,,0.0,5160
12533,HIV,,,0.0,5162
12534,HIV,,,0.0,5163
12535,HIV,,,0.0,7611
12536,HIV,,,0.0,5164
12537,HIV,,,0.0,10138
12538,HIV,,,0.0,10138
12539,HIV,,,0.0,5165
12540,HIV,,,0.0,5165
12541,HIV,,,0.0,5166
12542,HIV,,,0.0,5167
12543,HIV,,,0.0,10491
12544,HIV,,,0.0,5167
12545,HIV,,,0.0,3309
12546,HIV,,,0.0,3309
12547,HIV,,,0.0,3483
12548,HIV,,,0.0,11406
12549,HIV,,,0.0,5363
12550,HIV,,,0.0,6558
12551,HIV,,,0.0,11406
12552,HIV,,,0.0,11406
12553,HIV,,,0.0,11406
12554,HIV,,,0.0,6558
12555,HIV,,,0.0,6558
12556,HIV,,,0.0,10400
12557,HIV,,,0.0,5168
12558,HIV,,,0.0,5169
12559,HIV,,,0.0,10400
12560,HIV,,,0.0,6583
12561,HIV,,,0.0,5170
12562,HIV,,,0.0,7289
12563,HIV,,,0.0,6583
12564,HIV,,,0.0,11406
12565,HIV,,,0.0,5171
12566,HIV,,,0.0,5172
12567,HIV,,,0.0,4730
12568,HIV,,,0.0,5820
12569,HIV,,,0.0,6060
12570,HIV,,,0.0,5173
12571,HIV,,,0.0,6583
12572,HIV,,,0.0,7289
12573,HIV,,,0.0,5174
12574,HIV,,,0.0,11406
12575,HIV,,,0.0,5175
12576,HIV,,,0.0,5176
12577,HIV,,,0.0,10400
12578,HIV,,,0.0,5177
12579,HIV,,,0.0,5178
12580,HIV,,,0.0,5177
12581,HIV,,,0.0,5177
12582,HIV,,,0.0,10400
12583,HIV,,,0.0,5179
12584,HIV,,,0.0,8786
12585,HIV,,,0.0,5180
12586,HIV,,,0.0,5181
12587,HIV,,,0.0,5182
12588,HIV,,,0.0,5183
12589,HIV,,,0.0,5760
12590,HIV,,,0.0,5760
12591,HIV,,,0.0,5760
12592,HIV,,,0.0,5760
12593,HIV,,,0.0,5760
12594,HIV,,,0.0,5184
12595,HIV,,,0.0,5760
12596,HIV,,,0.0,5760
12597,HIV,,,0.0,3309
12598,HIV,,,0.0,3309
12599,HIV,,,0.0,5760
12600,HIV,,,0.0,6436
12601,HIV,,,0.0,6436
12602,HIV,,,0.0,2546
12603,HIV,,,0.0,2546
12604,HIV,,,0.0,2546
12605,HIV,,,0.0,6436
12606,HIV,,,0.0,2546
12607,HIV,,,0.0,6436
12608,HIV,,,0.0,2546
12609,HIV,,,0.0,2546
12610,HIV,,,0.0,3309
12611,HIV,,,0.0,5185
12612,HIV,,,0.0,5186
12613,HIV,,,0.0,5187
12614,HIV,,,0.0,5188
12615,HIV,,,0.0,5188
12616,HIV,,,0.0,5189
12617,HIV,,,0.0,5189
12618,HIV,,,0.0,5190
12619,HIV,,,0.0,7439
12620,HIV,,,0.0,5191
12621,HIV,,,0.0,14106
12622,HIV,,,0.0,5192
12623,HIV,,,0.0,10036
12624,HIV,,,0.0,5200
12625,HIV,,,0.0,6016
12626,HIV,,,0.0,5200
12627,HIV,,,0.0,14106
12628,HIV,,,0.0,6016
12629,HIV,,,0.0,205
12630,HIV,,,0.0,5193
12631,HIV,,,0.0,8959
12632,HIV,,,0.0,8959
12633,HIV,,,0.0,8959
12634,HIV,,,0.0,8959
12635,HIV,,,0.0,8959
12636,HIV,,,0.0,8959
12637,HIV,,,0.0,5194
12638,HIV,,,0.0,10633
12639,HIV,,,0.0,8959
12640,HIV,,,0.0,5193
12641,HIV,,,0.0,5193
12642,HIV,,,0.0,5195
12643,HIV,,,0.0,5196
12644,HIV,,,0.0,5197
12645,HIV,,,0.0,5198
12646,HIV,,,0.0,5199
12647,HIV,,,0.0,5200
12648,HIV,,,0.0,5201
12649,HIV,,,0.0,2987
12650,HIV,,,0.0,45
12651,HIV,,,0.0,5202
12652,HIV,,,0.0,5203
12653,HIV,,,0.0,5204
12654,HIV,,,0.0,5205
12655,HIV,,,0.0,5206
12656,HIV,,,1.0,5363
12657,HIV,,,0.0,10412
12658,HIV,,,0.0,10412
12659,HIV,,,0.0,5207
12660,HIV,,,0.0,5209
12661,HIV,,,0.0,5208
12662,HIV,,,0.0,5209
12663,HIV,,,0.0,3148
12664,HIV,,,0.0,5210
12665,HIV,,,0.0,10753
12666,HIV,,,0.0,5211
12667,HIV,,,0.0,10753
12668,HIV,,,0.0,10753
12669,HIV,,,0.0,5212
12670,HIV,,,0.0,5213
12671,HIV,,,0.0,10753
12672,HIV,,,0.0,5214
12673,HIV,,,0.0,5215
12674,HIV,,,0.0,5215
12675,HIV,,,0.0,5215
12676,HIV,,,0.0,8341
12677,HIV,,,0.0,8341
12678,HIV,,,0.0,8341
12679,HIV,,,0.0,8341
12680,HIV,,,0.0,8341
12681,HIV,,,0.0,8341
12682,HIV,,,0.0,8341
12683,HIV,,,0.0,8341
12684,HIV,,,0.0,8341
12685,HIV,,,0.0,8341
12686,HIV,,,0.0,8341
12687,HIV,,,0.0,8341
12688,HIV,,,0.0,8341
12689,HIV,,,0.0,8341
12690,HIV,,,0.0,8341
12691,HIV,,,0.0,8341
12692,HIV,,,0.0,8341
12693,HIV,,,0.0,1729
12694,HIV,,,0.0,10633
12695,HIV,,,0.0,5216
12696,HIV,,,0.0,8959
12697,HIV,,,0.0,10633
12698,HIV,,,0.0,8959
12699,HIV,,,0.0,1729
12700,HIV,,,0.0,5217
12701,HIV,,,0.0,6991
12702,HIV,,,0.0,7388
12703,HIV,,,0.0,7388
12704,HIV,,,0.0,7388
12705,HIV,,,0.0,7388
12706,HIV,,,0.0,7388
12707,HIV,,,0.0,7388
12708,HIV,,,0.0,5218
12709,HIV,,,0.0,7388
12710,HIV,,,0.0,7388
12711,HIV,,,0.0,5219
12712,HIV,,,0.0,4942
12713,HIV,,,0.0,5363
12714,HIV,,,0.0,5220
12715,HIV,,,0.0,5221
12716,HIV,,,0.0,5222
12717,HIV,,,0.0,5165
12718,HIV,,,0.0,5223
12719,HIV,,,0.0,5224
12720,HIV,,,0.0,5225
12721,HIV,,,0.0,9156
12722,HIV,,,0.0,5226
12723,HIV,,,0.0,10412
12724,HIV,,,0.0,5227
12725,HIV,,,0.0,7356
12726,HIV,,,0.0,1729
12727,HIV,,,0.0,5228
12728,HIV,,,1.0,2027
12729,HIV,,,0.0,5229
12730,HIV,,,0.0,5230
12731,HIV,,,0.0,10937
12732,HIV,,,0.0,14106
12733,HIV,,,0.0,5231
12734,HIV,,,0.0,6801
12735,HIV,,,0.0,6801
12736,HIV,,,0.0,5232
12737,HIV,,,0.0,5232
12738,HIV,,,0.0,5363
12739,HIV,,,0.0,7591
12740,HIV,,,0.0,7591
12741,HIV,,,0.0,5233
12742,HIV,,,0.0,5233
12743,HIV,,,0.0,5234
12744,HIV,,,0.0,5234
12745,HIV,,,0.0,5363
12746,HIV,,,0.0,5363
12747,HIV,,,0.0,5363
12748,HIV,,,0.0,5363
12749,HIV,,,0.0,12590
12750,HIV,,,0.0,5363
12751,HIV,,,0.0,5235
12752,HIV,,,0.0,5235
12753,HIV,,,0.0,5236
12754,HIV,,,0.0,2546
12755,HIV,,,0.0,5237
12756,HIV,,,0.0,6436
12757,HIV,,,0.0,6436
12758,HIV,,,0.0,10746
12759,HIV,,,0.0,107
12760,HIV,,,0.0,9799
12761,HIV,,,0.0,9799
12762,HIV,,,0.0,9799
12763,HIV,,,0.0,10746
12764,HIV,,,0.0,11543
12765,HIV,,,0.0,9799
12766,HIV,,,0.0,5128
12767,HIV,,,0.0,5128
12768,HIV,,,0.0,5238
12769,HIV,,,0.0,5239
12770,HIV,,,0.0,5240
12771,HIV,,,0.0,1280
12772,HIV,,,1.0,5241
12773,HIV,,,0.0,5242
12774,HIV,,,0.0,494
12775,HIV,,,0.0,820
12776,HIV,,,0.0,820
12777,HIV,,,0.0,5243
12778,HIV,,,0.0,11407
12779,HIV,,,0.0,11407
12780,HIV,,,0.0,11407
12781,HIV,,,0.0,5718
12782,HIV,,,0.0,5718
12783,HIV,,,0.0,5244
12784,HIV,,,0.0,5245
12785,HIV,,,0.0,5245
12786,HIV,,,0.0,5245
12787,HIV,,,0.0,5245
12788,HIV,,,0.0,5245
12789,HIV,,,0.0,5245
12790,HIV,,,0.0,5246
12791,HIV,,,0.0,5246
12792,HIV,,,0.0,5247
12793,HIV,,,0.0,5248
12794,HIV,,,0.0,10400
12795,HIV,,,0.0,5249
12796,HIV,,,0.0,5363
12797,HIV,,,0.0,5250
12798,HIV,,,0.0,5250
12799,HIV,,,0.0,5250
12800,HIV,,,0.0,5251
12801,HIV,,,0.0,3309
12802,HIV,,,0.0,12633
12803,HIV,,,0.0,5252
12804,HIV,,,0.0,7604
12805,HIV,,,0.0,7604
12806,HIV,,,0.0,7604
12807,HIV,,,0.0,7604
12808,HIV,,,0.0,7604
12809,HIV,,,0.0,7604
12810,HIV,,,0.0,7604
12811,HIV,,,0.0,7604
12812,HIV,,,0.0,7604
12813,HIV,,,0.0,7604
12814,HIV,,,0.0,7604
12815,HIV,,,0.0,7604
12816,HIV,,,0.0,5253
12817,HIV,,,0.0,5254
12818,HIV,,,0.0,5255
12819,HIV,,,0.0,5256
12820,HIV,,,0.0,5257
12821,HIV,,,0.0,5139
12822,HIV,,,0.0,5258
12823,HIV,,,0.0,5259
12824,HIV,,,0.0,5259
12825,HIV,,,0.0,5260
12826,HIV,,,0.0,7356
12827,HIV,,,0.0,7356
12828,HIV,,,0.0,5261
12829,HIV,,,0.0,5262
12830,HIV,,,0.0,7356
12831,HIV,,,0.0,5263
12832,HIV,,,0.0,5264
12833,HIV,,,0.0,7356
12834,HIV,,,0.0,7356
12835,HIV,,,0.0,13815
12836,HIV,,,0.0,13815
12837,HIV,,,0.0,13815
12838,HIV,,,0.0,13815
12839,HIV,,,0.0,13815
12840,HIV,,,0.0,13815
12841,HIV,,,0.0,13815
12842,HIV,,,0.0,13815
12843,HIV,,,0.0,13815
12844,HIV,,,0.0,13815
12845,HIV,,,0.0,13815
12846,HIV,,,0.0,13815
12847,HIV,,,0.0,4412
12848,HIV,,,0.0,3279
12849,HIV,,,0.0,5265
12850,HIV,,,0.0,5268
12851,HIV,,,0.0,5266
12852,HIV,,,0.0,5267
12853,HIV,,,0.0,5268
12854,HIV,,,0.0,5268
12855,HIV,,,0.0,5268
12856,HIV,,,0.0,5269
12857,HIV,,,0.0,5268
12858,HIV,,,0.0,5268
12859,HIV,,,0.0,5268
12860,HIV,,,0.0,5268
12861,HIV,,,0.0,11202
12862,HIV,,,0.0,11202
12863,HIV,,,0.0,11202
12864,HIV,,,0.0,11202
12865,HIV,,,1.0,11202
12866,HIV,,,1.0,11202
12867,HIV,,,0.0,11202
12868,HIV,,,1.0,11202
12869,HIV,,,1.0,7591
12870,HIV,,,0.0,7591
12871,HIV,,,0.0,7591
12872,HIV,,,0.0,14106
12873,HIV,,,0.0,2800
12874,HIV,,,0.0,14110
12875,HIV,,,0.0,14110
12876,HIV,,,0.0,1016
12877,HIV,,,0.0,5270
12878,HIV,,,0.0,205
12879,HIV,,,0.0,2546
12880,HIV,,,0.0,5271
12881,HIV,,,0.0,155
12882,HIV,,,0.0,5272
12883,HIV,,,0.0,5273
12884,HIV,,,0.0,10138
12885,HIV,,,0.0,5274
12886,HIV,,,0.0,5275
12887,HIV,,,0.0,5165
12888,HIV,,,0.0,6688
12889,HIV,,,0.0,6688
12890,HIV,,,0.0,6688
12891,HIV,,,0.0,6688
12892,HIV,,,0.0,6688
12893,HIV,,,0.0,6688
12894,HIV,,,0.0,6688
12895,HIV,,,0.0,6688
12896,HIV,,,0.0,7428
12897,HIV,,,0.0,10202
12898,HIV,,,0.0,5276
12899,HIV,,,0.0,5276
12900,HIV,,,0.0,1729
12901,HIV,,,0.0,5277
12902,HIV,,,0.0,5278
12903,HIV,,,0.0,5278
12904,HIV,,,0.0,5278
12905,HIV,,,0.0,7715
12906,HIV,,,0.0,5279
12907,HIV,,,0.0,5280
12908,HIV,,,0.0,5280
12909,HIV,,,0.0,7439
12910,HIV,,,0.0,12955
12911,HIV,,,0.0,1675
12912,HIV,,,1.0,5281
12913,HIV,,,0.0,5282
12914,HIV,,,0.0,5992
12915,HIV,,,0.0,5283
12916,HIV,,,0.0,5992
12917,HIV,,,0.0,5992
12918,HIV,,,0.0,6801
12919,HIV,,,0.0,5992
12920,HIV,,,0.0,5992
12921,HIV,,,0.0,6801
12922,HIV,,,0.0,5992
12923,HIV,,,0.0,6801
12924,HIV,,,0.0,6801
12925,HIV,,,0.0,6801
12926,HIV,,,0.0,6801
12927,HIV,,,0.0,6801
12928,HIV,,,0.0,6801
12929,HIV,,,0.0,1016
12930,HIV,,,0.0,1016
12931,HIV,,,0.0,1016
12932,HIV,,,0.0,13641
12933,HIV,,,0.0,13130
12934,HIV,,,0.0,5165
12935,HIV,,,0.0,5165
12936,HIV,,,0.0,5284
12937,HIV,,,0.0,5285
12938,HIV,,,0.0,5286
12939,HIV,,,0.0,5992
12940,HIV,,,0.0,5992
12941,HIV,,,0.0,5992
12942,HIV,,,0.0,5992
12943,HIV,,,0.0,6801
12944,HIV,,,0.0,6801
12945,HIV,,,0.0,6801
12946,HIV,,,0.0,5992
12947,HIV,,,0.0,5992
12948,HIV,,,0.0,5992
12949,HIV,,,0.0,5992
12950,HIV,,,0.0,5992
12951,HIV,,,0.0,5992
12952,HIV,,,0.0,5992
12953,HIV,,,0.0,5992
12954,HIV,,,0.0,6801
12955,HIV,,,0.0,5992
12956,HIV,,,0.0,5992
12957,HIV,,,0.0,5992
12958,HIV,,,0.0,5992
12959,HIV,,,0.0,5992
12960,HIV,,,0.0,5992
12961,HIV,,,0.0,5992
12962,HIV,,,0.0,5992
12963,HIV,,,0.0,5992
12964,HIV,,,0.0,5992
12965,HIV,,,0.0,6801
12966,HIV,,,0.0,3759
12967,HIV,,,0.0,5287
12968,HIV,,,0.0,6910
12969,HIV,,,0.0,5288
12970,HIV,,,0.0,5289
12971,HIV,,,0.0,5289
12972,HIV,,,0.0,5290
12973,HIV,,,0.0,5424
12974,HIV,,,0.0,5291
12975,HIV,,,0.0,12417
12976,HIV,,,0.0,5292
12977,HIV,,,0.0,5293
12978,HIV,,,0.0,5294
12979,HIV,,,0.0,5295
12980,HIV,,,0.0,5226
12981,HIV,,,0.0,5296
12982,HIV,,,0.0,1280
12983,HIV,,,0.0,3021
12984,HIV,,,0.0,3021
12985,HIV,,,0.0,3021
12986,HIV,,,0.0,3021
12987,HIV,,,0.0,5297
12988,HIV,,,0.0,5298
12989,HIV,,,0.0,5299
12990,HIV,,,0.0,5300
12991,HIV,,,0.0,5300
12992,HIV,,,0.0,5301
12993,HIV,,,0.0,5165
12994,HIV,,,0.0,5302
12995,HIV,,,0.0,5303
12996,HIV,,,0.0,5304
12997,HIV,,,1.0,5305
12998,HIV,,,0.0,5306
12999,HIV,,,0.0,5307
13000,HIV,,,0.0,5308
13001,HIV,,,0.0,5309
13002,HIV,,,0.0,5309
13003,HIV,,,0.0,5310
13004,HIV,,,0.0,205
13005,HIV,,,0.0,5311
13006,HIV,,,0.0,3279
13007,HIV,,,0.0,5312
13008,HIV,,,0.0,3279
13009,HIV,,,0.0,205
13010,HIV,,,0.0,5313
13011,HIV,,,0.0,5314
13012,HIV,,,0.0,1402
13013,HIV,,,0.0,4484
13014,HIV,,,0.0,5315
13015,HIV,,,0.0,5316
13016,HIV,,,0.0,1333
13017,HIV,,,0.0,5317
13018,HIV,,,0.0,5318
13019,HIV,,,0.0,10235
13020,HIV,,,0.0,5319
13021,HIV,,,0.0,5320
13022,HIV,,,0.0,5321
13023,HIV,,,0.0,5322
13024,HIV,,,0.0,5323
13025,HIV,,,0.0,5323
13026,HIV,,,0.0,5324
13027,HIV,,,0.0,13887
13028,HIV,,,0.0,8478
13029,HIV,,,0.0,5326
13030,HIV,,,0.0,5325
13031,HIV,,,0.0,5326
13032,HIV,,,0.0,3759
13033,HIV,,,0.0,5327
13034,HIV,,,0.0,5328
13035,HIV,,,0.0,5329
13036,HIV,,,0.0,5330
13037,HIV,,,0.0,5331
13038,HIV,,,0.0,5332
13039,HIV,,,0.0,5333
13040,HIV,,,0.0,5250
13041,HIV,,,0.0,5334
13042,HIV,,,0.0,5335
13043,HIV,,,0.0,5335
13044,HIV,,,0.0,5335
13045,HIV,,,0.0,5335
13046,HIV,,,0.0,10414
13047,HIV,,,0.0,5992
13048,HIV,,,0.0,5992
13049,HIV,,,0.0,6801
13050,HIV,,,0.0,5992
13051,HIV,,,0.0,5992
13052,HIV,,,0.0,5992
13053,HIV,,,0.0,6801
13054,HIV,,,0.0,6801
13055,HIV,,,0.0,6801
13056,HIV,,,0.0,10400
13057,HIV,,,0.0,4662
13058,HIV,,,0.0,4662
13059,HIV,,,0.0,36
13060,HIV,,,0.0,10400
13061,HIV,,,0.0,36
13062,HIV,,,0.0,10400
13063,HIV,,,0.0,5336
13064,HIV,,,0.0,5165
13065,HIV,,,0.0,10400
13066,HIV,,,0.0,5337
13067,HIV,,,0.0,5338
13068,HIV,,,0.0,2546
13069,HIV,,,0.0,2546
13070,HIV,,,0.0,5339
13071,HIV,,,0.0,5339
13072,HIV,,,0.0,5340
13073,HIV,,,0.0,7388
13074,HIV,,,0.0,7388
13075,HIV,,,0.0,8959
13076,HIV,,,0.0,8959
13077,HIV,,,0.0,8959
13078,HIV,,,0.0,7601
13079,HIV,,,0.0,5363
13080,HIV,,,0.0,2968
13081,HIV,,,0.0,5363
13082,HIV,,,0.0,5341
13083,HIV,,,0.0,5342
13084,HIV,,,0.0,7604
13085,HIV,,,0.0,5343
13086,HIV,,,0.0,8032
13087,HIV,,,0.0,5344
13088,HIV,,,0.0,5345
13089,HIV,,,0.0,1016
13090,HIV,,,0.0,1016
13091,HIV,,,0.0,1016
13092,HIV,,,0.0,1016
13093,HIV,,,0.0,1016
13094,HIV,,,0.0,1016
13095,HIV,,,0.0,1016
13096,HIV,,,0.0,1016
13097,HIV,,,0.0,1016
13098,HIV,,,0.0,1016
13099,HIV,,,0.0,1016
13100,HIV,,,0.0,1016
13101,HIV,,,0.0,1016
13102,HIV,,,0.0,1016
13103,HIV,,,0.0,1016
13104,HIV,,,0.0,1016
13105,HIV,,,0.0,1016
13106,HIV,,,0.0,1016
13107,HIV,,,0.0,5346
13108,HIV,,,0.0,5346
13109,HIV,,,0.0,5347
13110,HIV,,,0.0,5348
13111,HIV,,,0.0,5349
13112,HIV,,,0.0,5350
13113,HIV,,,0.0,5351
13114,HIV,,,0.0,5350
13115,HIV,,,0.0,5351
13116,HIV,,,0.0,5352
13117,HIV,,,0.0,1016
13118,HIV,,,0.0,1016
13119,HIV,,,0.0,1016
13120,HIV,,,0.0,2546
13121,HIV,,,0.0,1729
13122,HIV,,,0.0,5353
13123,HIV,,,0.0,5354
13124,HIV,,,0.0,5355
13125,HIV,,,0.0,5355
13126,HIV,,,0.0,5747
13127,HIV,,,0.0,5356
13128,HIV,,,0.0,5357
13129,HIV,,,0.0,8341
13130,HIV,,,0.0,6801
13131,HIV,,,0.0,5358
13132,HIV,,,0.0,8341
13133,HIV,,,0.0,5358
13134,HIV,,,0.0,5359
13135,HIV,,,0.0,5359
13136,HIV,,,0.0,1373
13137,HIV,,,0.0,5360
13138,HIV,,,0.0,5361
13139,HIV,,,0.0,5362
13140,HIV,,,0.0,5
13141,HIV,,,0.0,5363
13142,HIV,,,0.0,5363
13143,HIV,,,0.0,5363
13144,HIV,,,0.0,5363
13145,HIV,,,0.0,7356
13146,HIV,,,0.0,6801
13147,HIV,,,0.0,6801
13148,HIV,,,0.0,3021
13149,HIV,,,0.0,3021
13150,HIV,,,0.0,3021
13151,HIV,,,0.0,5364
13152,HIV,,,0.0,5364
13153,HIV,,,0.0,3021
13154,HIV,,,0.0,5365
13155,HIV,,,0.0,3021
13156,HIV,,,0.0,7356
13157,HIV,,,0.0,5165
13158,HIV,,,0.0,5366
13159,HIV,,,0.0,5367
13160,HIV,,,0.0,5368
13161,HIV,,,0.0,5368
13162,HIV,,,0.0,5369
13163,HIV,,,0.0,5370
13164,HIV,,,0.0,5371
13165,HIV,,,0.0,5372
13166,HIV,,,0.0,9645
13167,HIV,,,0.0,5373
13168,HIV,,,0.0,5374
13169,HIV,,,0.0,4055
13170,HIV,,,0.0,5375
13171,HIV,,,0.0,5376
13172,HIV,,,0.0,5377
13173,HIV,,,0.0,5381
13174,HIV,,,0.0,5378
13175,HIV,,,0.0,6433
13176,HIV,,,0.0,6433
13177,HIV,,,0.0,5379
13178,HIV,,,0.0,5380
13179,HIV,,,0.0,5381
13180,HIV,,,0.0,7604
13181,HIV,,,0.0,5382
13182,HIV,,,0.0,5383
13183,HIV,,,0.0,5384
13184,HIV,,,0.0,5385
13185,HIV,,,1.0,3309
13186,HIV,,,0.0,5386
13187,HIV,,,0.0,5718
13188,HIV,,,0.0,5387
13189,HIV,,,0.0,5388
13190,HIV,,,0.0,5389
13191,HIV,,,0.0,3309
13192,HIV,,,0.0,10633
13193,HIV,,,0.0,5390
13194,HIV,,,0.0,3309
13195,HIV,,,0.0,14106
13196,HIV,,,0.0,5391
13197,HIV,,,0.0,5392
13198,HIV,,,0.0,5393
13199,HIV,,,0.0,5685
13200,HIV,,,0.0,8959
13201,HIV,,,0.0,11358
13202,HIV,,,0.0,2546
13203,HIV,,,0.0,7611
13204,HIV,,,0.0,5469
13205,HIV,,,0.0,5469
13206,HIV,,,0.0,5394
13207,HIV,,,0.0,5469
13208,HIV,,,0.0,5395
13209,HIV,,,0.0,5396
13210,HIV,,,0.0,5597
13211,HIV,,,0.0,5597
13212,HIV,,,0.0,7388
13213,HIV,,,0.0,2546
13214,HIV,,,0.0,5397
13215,HIV,,,0.0,6801
13216,HIV,,,0.0,5398
13217,HIV,,,0.0,5399
13218,HIV,,,0.0,5400
13219,HIV,,,0.0,5401
13220,HIV,,,0.0,5402
13221,HIV,,,0.0,5403
13222,HIV,,,0.0,5404
13223,HIV,,,0.0,5404
13224,HIV,,,0.0,5405
13225,HIV,,,0.0,5406
13226,HIV,,,0.0,5407
13227,HIV,,,0.0,1729
13228,HIV,,,0.0,5408
13229,HIV,,,0.0,5409
13230,HIV,,,0.0,5410
13231,HIV,,,0.0,5411
13232,HIV,,,0.0,5412
13233,HIV,,,0.0,1729
13234,HIV,,,0.0,5413
13235,HIV,,,0.0,5413
13236,HIV,,,0.0,5414
13237,HIV,,,0.0,5718
13238,HIV,,,0.0,5415
13239,HIV,,,0.0,5165
13240,HIV,,,0.0,7611
13241,HIV,,,0.0,7611
13242,HIV,,,0.0,2546
13243,HIV,,,0.0,5416
13244,HIV,,,0.0,5417
13245,HIV,,,0.0,5418
13246,HIV,,,0.0,6433
13247,HIV,,,0.0,5419
13248,HIV,,,0.0,5420
13249,HIV,,,0.0,5421
13250,HIV,,,0.0,5422
13251,HIV,,,0.0,5423
13252,HIV,,,0.0,5423
13253,HIV,,,0.0,5424
13254,HIV,,,0.0,5425
13255,HIV,,,0.0,5426
13256,HIV,,,0.0,5
13257,HIV,,,0.0,1461
13258,HIV,,,0.0,5427
13259,HIV,,,0.0,5428
13260,HIV,,,0.0,5429
13261,HIV,,,0.0,5430
13262,HIV,,,0.0,5431
13263,HIV,,,0.0,5432
13264,HIV,,,0.0,5433
13265,HIV,,,0.0,5434
13266,HIV,,,0.0,1328
13267,HIV,,,0.0,5435
13268,HIV,,,0.0,5436
13269,HIV,,,0.0,5437
13270,HIV,,,0.0,5438
13271,HIV,,,0.0,5439
13272,HIV,,,0.0,14106
13273,HIV,,,0.0,5440
13274,HIV,,,0.0,5440
13275,HIV,,,0.0,6433
13276,HIV,,,0.0,5506
13277,HIV,,,0.0,5165
13278,HIV,,,0.0,7611
13279,HIV,,,0.0,1344
13280,HIV,,,0.0,7611
13281,HIV,,,0.0,3309
13282,HIV,,,0.0,7604
13283,HIV,,,0.0,5417
13284,HIV,,,0.0,7604
13285,HIV,,,0.0,7604
13286,HIV,,,0.0,5441
13287,HIV,,,0.0,5165
13288,HIV,,,0.0,8959
13289,HIV,,,0.0,5442
13290,HIV,,,0.0,5517
13291,HIV,,,0.0,5517
13292,HIV,,,0.0,5
13293,HIV,,,0.0,5509
13294,HIV,,,0.0,5443
13295,HIV,,,0.0,5508
13296,HIV,,,0.0,6016
13297,HIV,,,0.0,5396
13298,HIV,,,0.0,5444
13299,HIV,,,0.0,2800
13300,HIV,,,0.0,2800
13301,HIV,,,0.0,5445
13302,HIV,,,0.0,8852
13303,HIV,,,0.0,5446
13304,HIV,,,0.0,5447
13305,HIV,,,0.0,5448
13306,HIV,,,0.0,5363
13307,HIV,,,0.0,5
13308,HIV,,,0.0,5449
13309,HIV,,,0.0,5450
13310,HIV,,,0.0,5363
13311,HIV,,,0.0,5451
13312,HIV,,,0.0,5452
13313,HIV,,,0.0,5453
13314,HIV,,,0.0,5453
13315,HIV,,,0.0,5453
13316,HIV,,,1.0,1280
13317,HIV,,,0.0,8392
13318,HIV,,,0.0,5454
13319,HIV,,,0.0,5440
13320,HIV,,,0.0,2546
13321,HIV,,,0.0,2546
13322,HIV,,,0.0,1016
13323,HIV,,,1.0,5992
13324,HIV,,,0.0,279
13325,HIV,,,1.0,6801
13326,HIV,,,0.0,6801
13327,HIV,,,0.0,5992
13328,HIV,,,0.0,5992
13329,HIV,,,0.0,5455
13330,HIV,,,0.0,5456
13331,HIV,,,0.0,5992
13332,HIV,,,0.0,5992
13333,HIV,,,0.0,6801
13334,HIV,,,0.0,6801
13335,HIV,,,1.0,5481
13336,HIV,,,0.0,4548
13337,HIV,,,0.0,4548
13338,HIV,,,0.0,4548
13339,HIV,,,0.0,5457
13340,HIV,,,0.0,5457
13341,HIV,,,0.0,5457
13342,HIV,,,0.0,5457
13343,HIV,,,0.0,5457
13344,HIV,,,0.0,5457
13345,HIV,,,0.0,5457
13346,HIV,,,0.0,5457
13347,HIV,,,0.0,5457
13348,HIV,,,0.0,5458
13349,HIV,,,0.0,5458
13350,HIV,,,0.0,5458
13351,HIV,,,0.0,5459
13352,HIV,,,0.0,5459
13353,HIV,,,0.0,5459
13354,HIV,,,0.0,5459
13355,HIV,,,0.0,5459
13356,HIV,,,0.0,5458
13357,HIV,,,0.0,7388
13358,HIV,,,0.0,7388
13359,HIV,,,0.0,7388
13360,HIV,,,0.0,7388
13361,HIV,,,0.0,7388
13362,HIV,,,0.0,7388
13363,HIV,,,0.0,7388
13364,HIV,,,0.0,7388
13365,HIV,,,0.0,7388
13366,HIV,,,0.0,7388
13367,HIV,,,0.0,7388
13368,HIV,,,0.0,7388
13369,HIV,,,0.0,7388
13370,HIV,,,0.0,5460
13371,HIV,,,0.0,7388
13372,HIV,,,0.0,7388
13373,HIV,,,0.0,7388
13374,HIV,,,0.0,5461
13375,HIV,,,0.0,5461
13376,HIV,,,0.0,5462
13377,HIV,,,0.0,5992
13378,HIV,,,0.0,5463
13379,HIV,,,0.0,5867
13380,HIV,,,0.0,5464
13381,HIV,,,0.0,5465
13382,HIV,,,0.0,14110
13383,HIV,,,0.0,5466
13384,HIV,,,0.0,3850
13385,HIV,,,0.0,5467
13386,HIV,,,0.0,441
13387,HIV,,,0.0,5468
13388,HIV,,,0.0,5363
13389,HIV,,,0.0,5469
13390,HIV,,,0.0,233
13391,HIV,,,0.0,7611
13392,HIV,,,0.0,7611
13393,HIV,,,0.0,5165
13394,HIV,,,0.0,5471
13395,HIV,,,0.0,5470
13396,HIV,,,0.0,5471
13397,HIV,,,0.0,5472
13398,HIV,,,0.0,5473
13399,HIV,,,0.0,5474
13400,HIV,,,0.0,10423
13401,HIV,,,0.0,5471
13402,HIV,,,0.0,5475
13403,HIV,,,0.0,5476
13404,HIV,,,0.0,5363
13405,HIV,,,0.0,5477
13406,HIV,,,0.0,6991
13407,HIV,,,0.0,6433
13408,HIV,,,0.0,5478
13409,HIV,,,0.0,5459
13410,HIV,,,0.0,5459
13411,HIV,,,0.0,5459
13412,HIV,,,0.0,5459
13413,HIV,,,0.0,5459
13414,HIV,,,0.0,5480
13415,HIV,,,0.0,5479
13416,HIV,,,0.0,5480
13417,HIV,,,0.0,5457
13418,HIV,,,0.0,5457
13419,HIV,,,0.0,5457
13420,HIV,,,0.0,5457
13421,HIV,,,0.0,5457
13422,HIV,,,0.0,4548
13423,HIV,,,0.0,5457
13424,HIV,,,0.0,5457
13425,HIV,,,0.0,5457
13426,HIV,,,0.0,5457
13427,HIV,,,0.0,5457
13428,HIV,,,0.0,5481
13429,HIV,,,0.0,5482
13430,HIV,,,0.0,5483
13431,HIV,,,0.0,9614
13432,HIV,,,0.0,2546
13433,HIV,,,0.0,5484
13434,HIV,,,0.0,5485
13435,HIV,,,0.0,5363
13436,HIV,,,0.0,5363
13437,HIV,,,0.0,5363
13438,HIV,,,0.0,5363
13439,HIV,,,0.0,5363
13440,HIV,,,0.0,5363
13441,HIV,,,0.0,5363
13442,HIV,,,0.0,5363
13443,HIV,,,0.0,5363
13444,HIV,,,0.0,5363
13445,HIV,,,0.0,5363
13446,HIV,,,0.0,5363
13447,HIV,,,0.0,5363
13448,HIV,,,0.0,5363
13449,HIV,,,0.0,5363
13450,HIV,,,0.0,5363
13451,HIV,,,0.0,5363
13452,HIV,,,0.0,5363
13453,HIV,,,0.0,5363
13454,HIV,,,0.0,5363
13455,HIV,,,0.0,5363
13456,HIV,,,0.0,5363
13457,HIV,,,0.0,5363
13458,HIV,,,0.0,5363
13459,HIV,,,0.0,5363
13460,HIV,,,0.0,8786
13461,HIV,,,0.0,5486
13462,HIV,,,0.0,5487
13463,HIV,,,0.0,5488
13464,HIV,,,0.0,5489
13465,HIV,,,0.0,7611
13466,HIV,,,0.0,5490
13467,HIV,,,0.0,5491
13468,HIV,,,0.0,5492
13469,HIV,,,0.0,5493
13470,HIV,,,0.0,8959
13471,HIV,,,0.0,7604
13472,HIV,,,0.0,5494
13473,HIV,,,0.0,5495
13474,HIV,,,0.0,5496
13475,HIV,,,0.0,5497
13476,HIV,,,0.0,5498
13477,HIV,,,0.0,5499
13478,HIV,,,0.0,5501
13479,HIV,,,0.0,5501
13480,HIV,,,0.0,5501
13481,HIV,,,0.0,3034
13482,HIV,,,0.0,5500
13483,HIV,,,0.0,5501
13484,HIV,,,0.0,5501
13485,HIV,,,0.0,5501
13486,HIV,,,0.0,5501
13487,HIV,,,0.0,5501
13488,HIV,,,0.0,5501
13489,HIV,,,0.0,5502
13490,HIV,,,0.0,5503
13491,HIV,,,0.0,5504
13492,HIV,,,0.0,5504
13493,HIV,,,0.0,5504
13494,HIV,,,0.0,5505
13495,HIV,,,0.0,5505
13496,HIV,,,0.0,5505
13497,HIV,,,0.0,5505
13498,HIV,,,0.0,5505
13499,HIV,,,0.0,5505
13500,HIV,,,0.0,3254
13501,HIV,,,0.0,7591
13502,HIV,,,0.0,6436
13503,HIV,,,0.0,6436
13504,HIV,,,0.0,13419
13505,HIV,,,0.0,5506
13506,HIV,,,0.0,5507
13507,HIV,,,0.0,5508
13508,HIV,,,0.0,5509
13509,HIV,,,0.0,5509
13510,HIV,,,0.0,5510
13511,HIV,,,0.0,5511
13512,HIV,,,0.0,5397
13513,HIV,,,0.0,5512
13514,HIV,,,0.0,13419
13515,HIV,,,0.0,2546
13516,HIV,,,0.0,5
13517,HIV,,,0.0,5513
13518,HIV,,,0.0,5514
13519,HIV,,,0.0,5515
13520,HIV,,,0.0,5516
13521,HIV,,,0.0,3309
13522,HIV,,,0.0,5517
13523,HIV,,,0.0,5517
13524,HIV,,,0.0,13419
13525,HIV,,,0.0,3021
13526,HIV,,,0.0,5363
13527,HIV,,,0.0,10443
13528,HIV,,,0.0,5518
13529,HIV,,,0.0,10443
13530,HIV,,,0.0,10443
13531,HIV,,,0.0,5518
13532,HIV,,,0.0,10443
13533,HIV,,,0.0,7611
13534,HIV,,,0.0,5519
13535,HIV,,,0.0,5992
13536,HIV,,,0.0,6801
13537,HIV,,,0.0,7356
13538,HIV,,,0.0,7356
13539,HIV,,,0.0,5992
13540,HIV,,,0.0,5520
13541,HIV,,,0.0,5521
13542,HIV,,,0.0,7356
13543,HIV,,,0.0,7356
13544,HIV,,,0.0,7356
13545,HIV,,,0.0,7356
13546,HIV,,,0.0,7356
13547,HIV,,,0.0,5747
13548,HIV,,,0.0,7356
13549,HIV,,,0.0,7356
13550,HIV,,,0.0,7356
13551,HIV,,,0.0,7356
13552,HIV,,,0.0,7356
13553,HIV,,,0.0,7356
13554,HIV,,,0.0,7356
13555,HIV,,,0.0,205
13556,HIV,,,0.0,5522
13557,HIV,,,0.0,5523
13558,HIV,,,0.0,5522
13559,HIV,,,0.0,5524
13560,HIV,,,0.0,5524
13561,HIV,,,0.0,5525
13562,HIV,,,0.0,98
13563,HIV,,,0.0,5526
13564,HIV,,,0.0,5527
13565,HIV,,,0.0,98
13566,HIV,,,0.0,5528
13567,HIV,,,0.0,5528
13568,HIV,,,0.0,5528
13569,HIV,,,0.0,5529
13570,HIV,,,0.0,5363
13571,HIV,,,0.0,4830
13572,HIV,,,0.0,7388
13573,HIV,,,0.0,5530
13574,HIV,,,1.0,5531
13575,HIV,,,0.0,5532
13576,HIV,,,0.0,5533
13577,HIV,,,0.0,7858
13578,HIV,,,0.0,98
13579,HIV,,,0.0,5534
13580,HIV,,,0.0,5534
13581,HIV,,,0.0,2800
13582,HIV,,,0.0,5535
13583,HIV,,,0.0,7356
13584,HIV,,,0.0,7388
13585,HIV,,,0.0,7388
13586,HIV,,,0.0,5133
13587,HIV,,,0.0,5536
13588,HIV,,,0.0,5537
13589,HIV,,,0.0,5538
13590,HIV,,,0.0,5539
13591,HIV,,,1.0,14106
13592,HIV,,,0.0,14106
13593,HIV,,,0.0,14106
13594,HIV,,,0.0,5540
13595,HIV,,,0.0,5165
13596,HIV,,,0.0,5541
13597,HIV,,,0.0,5512
13598,HIV,,,0.0,5542
13599,HIV,,,0.0,2546
13600,HIV,,,0.0,5543
13601,HIV,,,0.0,1280
13602,HIV,,,0.0,5512
13603,HIV,,,0.0,5544
13604,HIV,,,0.0,5545
13605,HIV,,,0.0,5
13606,HIV,,,0.0,5546
13607,HIV,,,0.0,5547
13608,HIV,,,0.0,5548
13609,HIV,,,0.0,5549
13610,HIV,,,0.0,5550
13611,HIV,,,0.0,5551
13612,HIV,,,0.0,5552
13613,HIV,,,0.0,7604
13614,HIV,,,1.0,7439
13615,HIV,,,1.0,7388
13616,HIV,,,0.0,7388
13617,HIV,,,0.0,1016
13618,HIV,,,0.0,1016
13619,HIV,,,0.0,1016
13620,HIV,,,0.0,2546
13621,HIV,,,0.0,5553
13622,HIV,,,0.0,5554
13623,HIV,,,0.0,3309
13624,HIV,,,0.0,5555
13625,HIV,,,0.0,5556
13626,HIV,,,0.0,5557
13627,HIV,,,0.0,5558
13628,HIV,,,0.0,3021
13629,HIV,,,0.0,5559
13630,HIV,,,0.0,5560
13631,HIV,,,0.0,3021
13632,HIV,,,0.0,3021
13633,HIV,,,0.0,5363
13634,HIV,,,0.0,5561
13635,HIV,,,0.0,1729
13636,HIV,,,0.0,5564
13637,HIV,,,0.0,5564
13638,HIV,,,0.0,1729
13639,HIV,,,0.0,5564
13640,HIV,,,0.0,5564
13641,HIV,,,0.0,5564
13642,HIV,,,0.0,1729
13643,HIV,,,0.0,5363
13644,HIV,,,0.0,5363
13645,HIV,,,0.0,1729
13646,HIV,,,0.0,1729
13647,HIV,,,0.0,1729
13648,HIV,,,0.0,5564
13649,HIV,,,0.0,1729
13650,HIV,,,0.0,1729
13651,HIV,,,0.0,1729
13652,HIV,,,0.0,1729
13653,HIV,,,0.0,5562
13654,HIV,,,0.0,5563
13655,HIV,,,0.0,1729
13656,HIV,,,0.0,1729
13657,HIV,,,0.0,1729
13658,HIV,,,0.0,1729
13659,HIV,,,0.0,1729
13660,HIV,,,0.0,1729
13661,HIV,,,0.0,1729
13662,HIV,,,0.0,1729
13663,HIV,,,0.0,5564
13664,HIV,,,0.0,5564
13665,HIV,,,0.0,5564
13666,HIV,,,0.0,5564
13667,HIV,,,0.0,5564
13668,HIV,,,0.0,5564
13669,HIV,,,0.0,5564
13670,HIV,,,0.0,5564
13671,HIV,,,0.0,5564
13672,HIV,,,0.0,5564
13673,HIV,,,0.0,1729
13674,HIV,,,0.0,1729
13675,HIV,,,0.0,1729
13676,HIV,,,0.0,1729
13677,HIV,,,0.0,5565
13678,HIV,,,0.0,9830
13679,HIV,,,0.0,14106
13680,HIV,,,0.0,5363
13681,HIV,,,0.0,5363
13682,HIV,,,0.0,5363
13683,HIV,,,0.0,5566
13684,HIV,,,0.0,5566
13685,HIV,,,0.0,5566
13686,HIV,,,0.0,5566
13687,HIV,,,0.0,5566
13688,HIV,,,0.0,5566
13689,HIV,,,0.0,5567
13690,HIV,,,0.0,5567
13691,HIV,,,0.0,5567
13692,HIV,,,0.0,5567
13693,HIV,,,0.0,5567
13694,HIV,,,0.0,5567
13695,HIV,,,0.0,12939
13696,HIV,,,0.0,12939
13697,HIV,,,0.0,12939
13698,HIV,,,0.0,12939
13699,HIV,,,0.0,5568
13700,HIV,,,0.0,6950
13701,HIV,,,0.0,6970
13702,HIV,,,1.0,3309
13703,HIV,,,0.0,5569
13704,HIV,,,0.0,5570
13705,HIV,,,0.0,5571
13706,HIV,,,0.0,5572
13707,HIV,,,0.0,5573
13708,HIV,,,0.0,1729
13709,HIV,,,0.0,5574
13710,HIV,,,0.0,1729
13711,HIV,,,0.0,1729
13712,HIV,,,0.0,1729
13713,HIV,,,0.0,1729
13714,HIV,,,0.0,5574
13715,HIV,,,0.0,1729
13716,HIV,,,0.0,1729
13717,HIV,,,0.0,1729
13718,HIV,,,0.0,1729
13719,HIV,,,0.0,1729
13720,HIV,,,0.0,1729
13721,HIV,,,0.0,1729
13722,HIV,,,0.0,1729
13723,HIV,,,0.0,1729
13724,HIV,,,0.0,1729
13725,HIV,,,0.0,5575
13726,HIV,,,1.0,335
13727,HIV,,,0.0,3021
13728,HIV,,,0.0,6436
13729,HIV,,,0.0,5576
13730,HIV,,,0.0,5576
13731,HIV,,,0.0,6039
13732,HIV,,,0.0,5577
13733,HIV,,,0.0,1344
13734,HIV,,,0.0,5578
13735,HIV,,,0.0,5579
13736,HIV,,,0.0,5580
13737,HIV,,,0.0,5581
13738,HIV,,,0.0,8786
13739,HIV,,,0.0,5582
13740,HIV,,,0.0,5582
13741,HIV,,,0.0,5583
13742,HIV,,,0.0,13419
13743,HIV,,,0.0,5584
13744,HIV,,,0.0,5585
13745,HIV,,,0.0,5586
13746,HIV,,,0.0,5636
13747,HIV,,,0.0,5587
13748,HIV,,,0.0,3309
13749,HIV,,,0.0,3309
13750,HIV,,,0.0,3309
13751,HIV,,,0.0,3309
13752,HIV,,,0.0,5588
13753,HIV,,,0.0,5589
13754,HIV,,,0.0,5590
13755,HIV,,,0.0,7611
13756,HIV,,,0.0,7611
13757,HIV,,,0.0,5591
13758,HIV,,,0.0,5592
13759,HIV,,,0.0,1742
13760,HIV,,,0.0,1742
13761,HIV,,,0.0,1742
13762,HIV,,,0.0,1742
13763,HIV,,,0.0,1742
13764,HIV,,,0.0,1742
13765,HIV,,,0.0,5593
13766,HIV,,,0.0,5363
13767,HIV,,,0.0,5594
13768,HIV,,,0.0,7604
13769,HIV,,,0.0,1729
13770,HIV,,,0.0,1729
13771,HIV,,,0.0,1729
13772,HIV,,,0.0,5595
13773,HIV,,,0.0,1729
13774,HIV,,,0.0,1729
13775,HIV,,,0.0,5597
13776,HIV,,,0.0,5597
13777,HIV,,,0.0,5597
13778,HIV,,,0.0,5596
13779,HIV,,,0.0,5597
13780,HIV,,,0.0,5597
13781,HIV,,,0.0,5597
13782,HIV,,,0.0,5597
13783,HIV,,,0.0,5597
13784,HIV,,,0.0,5597
13785,HIV,,,0.0,5597
13786,HIV,,,0.0,5597
13787,HIV,,,0.0,5598
13788,HIV,,,0.0,5598
13789,HIV,,,0.0,7702
13790,HIV,,,0.0,5599
13791,HIV,,,0.0,343
13792,HIV,,,0.0,5600
13793,HIV,,,0.0,5601
13794,HIV,,,0.0,5601
13795,HIV,,,0.0,5602
13796,HIV,,,0.0,5165
13797,HIV,,,0.0,205
13798,HIV,,,0.0,205
13799,HIV,,,0.0,205
13800,HIV,,,0.0,205
13801,HIV,,,0.0,205
13802,HIV,,,0.0,5603
13803,HIV,,,0.0,5165
13804,HIV,,,0.0,5604
13805,HIV,,,0.0,5605
13806,HIV,,,0.0,5606
13807,HIV,,,0.0,5607
13808,HIV,,,0.0,5608
13809,HIV,,,0.0,5609
13810,HIV,,,0.0,5610
13811,HIV,,,0.0,5611
13812,HIV,,,0.0,5612
13813,HIV,,,0.0,5613
13814,HIV,,,0.0,14106
13815,HIV,,,0.0,14106
13816,HIV,,,0.0,14106
13817,HIV,,,0.0,14106
13818,HIV,,,0.0,14106
13819,HIV,,,0.0,5614
13820,HIV,,,0.0,5363
13821,HIV,,,0.0,2546
13822,HIV,,,0.0,335
13823,HIV,,,0.0,335
13824,HIV,,,0.0,335
13825,HIV,,,0.0,335
13826,HIV,,,0.0,335
13827,HIV,,,0.0,335
13828,HIV,,,0.0,335
13829,HIV,,,0.0,10138
13830,HIV,,,0.0,10138
13831,HIV,,,0.0,10138
13832,HIV,,,0.0,10138
13833,HIV,,,0.0,10138
13834,HIV,,,0.0,10138
13835,HIV,,,0.0,10138
13836,HIV,,,0.0,10138
13837,HIV,,,0.0,10138
13838,HIV,,,0.0,10138
13839,HIV,,,0.0,10138
13840,HIV,,,0.0,10138
13841,HIV,,,0.0,2546
13842,HIV,,,0.0,2546
13843,HIV,,,0.0,5615
13844,HIV,,,0.0,2546
13845,HIV,,,0.0,2546
13846,HIV,,,0.0,5616
13847,HIV,,,0.0,2546
13848,HIV,,,0.0,5165
13849,HIV,,,0.0,2546
13850,HIV,,,0.0,8154
13851,HIV,,,0.0,8154
13852,HIV,,,0.0,8154
13853,HIV,,,0.0,8154
13854,HIV,,,0.0,8154
13855,HIV,,,0.0,8154
13856,HIV,,,0.0,5617
13857,HIV,,,0.0,5618
13858,HIV,,,0.0,5619
13859,HIV,,,0.0,5620
13860,HIV,,,0.0,7604
13861,HIV,,,0.0,7337
13862,HIV,,,0.0,6801
13863,HIV,,,0.0,7337
13864,HIV,,,0.0,7337
13865,HIV,,,0.0,5621
13866,HIV,,,0.0,5622
13867,HIV,,,0.0,5623
13868,HIV,,,0.0,5624
13869,HIV,,,0.0,5625
13870,HIV,,,0.0,1607
13871,HIV,,,0.0,5626
13872,HIV,,,0.0,8272
13873,HIV,,,1.0,5627
13874,HIV,,,0.0,5628
13875,HIV,,,0.0,5363
13876,HIV,,,0.0,5629
13877,HIV,,,0.0,2546
13878,HIV,,,0.0,1464
13879,HIV,,,0.0,45
13880,HIV,,,0.0,5630
13881,HIV,,,0.0,5631
13882,HIV,,,0.0,3309
13883,HIV,,,0.0,5632
13884,HIV,,,0.0,9
13885,HIV,,,0.0,5633
13886,HIV,,,0.0,5634
13887,HIV,,,0.0,13419
13888,HIV,,,0.0,5635
13889,HIV,,,0.0,5636
13890,HIV,,,0.0,5637
13891,HIV,,,0.0,3309
13892,HIV,,,0.0,1344
13893,HIV,,,0.0,5638
13894,HIV,,,0.0,5638
13895,HIV,,,0.0,5639
13896,HIV,,,0.0,5640
13897,HIV,,,0.0,3309
13898,HIV,,,0.0,5641
13899,HIV,,,0.0,1727
13900,HIV,,,0.0,5363
13901,HIV,,,0.0,5642
13902,HIV,,,0.0,5363
13903,HIV,,,0.0,5363
13904,HIV,,,0.0,5363
13905,HIV,,,0.0,3021
13906,HIV,,,0.0,7356
13907,HIV,,,0.0,5643
13908,HIV,,,0.0,604
13909,HIV,,,0.0,5644
13910,HIV,,,0.0,5645
13911,HIV,,,0.0,5646
13912,HIV,,,0.0,5647
13913,HIV,,,0.0,5648
13914,HIV,,,0.0,5649
13915,HIV,,,0.0,5650
13916,HIV,,,0.0,5651
13917,HIV,,,0.0,125
13918,HIV,,,0.0,5652
13919,HIV,,,0.0,7388
13920,HIV,,,0.0,205
13921,HIV,,,0.0,5653
13922,HIV,,,0.0,3021
13923,HIV,,,0.0,2800
13924,HIV,,,0.0,3254
13925,HIV,,,0.0,1280
13926,HIV,,,0.0,5654
13927,HIV,,,0.0,7388
13928,HIV,,,0.0,14106
13929,HIV,,,0.0,5655
13930,HIV,,,0.0,98
13931,HIV,,,0.0,5656
13932,HIV,,,0.0,5657
13933,HIV,,,0.0,2800
13934,HIV,,,0.0,5658
13935,HIV,,,0.0,5659
13936,HIV,,,0.0,3990
13937,HIV,,,0.0,5660
13938,HIV,,,0.0,5661
13939,HIV,,,0.0,5662
13940,HIV,,,0.0,5663
13941,HIV,,,0.0,5664
13942,HIV,,,0.0,3309
13943,HIV,,,0.0,3309
13944,HIV,,,0.0,3309
13945,HIV,,,0.0,3309
13946,HIV,,,0.0,3309
13947,HIV,,,0.0,6969
13948,HIV,,,0.0,7611
13949,HIV,,,0.0,7591
13950,HIV,,,0.0,2546
13951,HIV,,,0.0,5665
13952,HIV,,,0.0,5666
13953,HIV,,,0.0,5667
13954,HIV,,,0.0,5668
13955,HIV,,,0.0,2546
13956,HIV,,,0.0,9384
13957,HIV,,,0.0,5669
13958,HIV,,,0.0,5
13959,HIV,,,0.0,5670
13960,HIV,,,0.0,5671
13961,HIV,,,0.0,5672
13962,HIV,,,0.0,10516
13963,HIV,,,0.0,6498
13964,HIV,,,0.0,5673
13965,HIV,,,0.0,3021
13966,HIV,,,1.0,3021
13967,HIV,,,0.0,5674
13968,HIV,,,0.0,5675
13969,HIV,,,0.0,5676
13970,HIV,,,0.0,2546
13971,HIV,,,0.0,5677
13972,HIV,,,0.0,2546
13973,HIV,,,0.0,1280
13974,HIV,,,0.0,1280
13975,HIV,,,0.0,14043
13976,HIV,,,0.0,5678
13977,HIV,,,0.0,335
13978,HIV,,,0.0,335
13979,HIV,,,0.0,5679
13980,HIV,,,0.0,2739
13981,HIV,,,0.0,335
13982,HIV,,,0.0,5424
13983,HIV,,,0.0,5424
13984,HIV,,,0.0,5680
13985,HIV,,,0.0,7611
13986,HIV,,,0.0,7611
13987,HIV,,,0.0,3309
13988,HIV,,,0.0,3309
13989,HIV,,,0.0,5681
13990,HIV,,,0.0,12557
13991,HIV,,,0.0,5682
13992,HIV,,,0.0,5683
13993,HIV,,,0.0,5683
13994,HIV,,,0.0,12529
13995,HIV,,,0.0,5684
13996,HIV,,,0.0,5685
13997,HIV,,,0.0,5495
13998,HIV,,,0.0,5686
13999,HIV,,,0.0,6433
14000,HIV,,,0.0,1344
14001,HIV,,,0.0,5687
14002,HIV,,,0.0,7611
14003,HIV,,,0.0,5549
14004,HIV,,,1.0,7659
14005,HIV,,,0.0,1016
14006,HIV,,,0.0,6436
14007,HIV,,,0.0,6801
14008,HIV,,,0.0,9530
14009,HIV,,,0.0,6801
14010,HIV,,,0.0,6801
14011,HIV,,,0.0,6801
14012,HIV,,,1.0,6801
14013,HIV,,,0.0,6801
14014,HIV,,,0.0,6801
14015,HIV,,,0.0,6801
14016,HIV,,,1.0,6801
14017,HIV,,,1.0,6801
14018,HIV,,,0.0,6801
14019,HIV,,,0.0,6801
14020,HIV,,,0.0,5688
14021,HIV,,,0.0,11406
14022,HIV,,,0.0,11406
14023,HIV,,,0.0,6801
14024,HIV,,,0.0,6801
14025,HIV,,,0.0,6801
14026,HIV,,,0.0,11406
14027,HIV,,,0.0,11406
14028,HIV,,,0.0,11406
14029,HIV,,,0.0,11406
14030,HIV,,,0.0,11406
14031,HIV,,,0.0,11406
14032,HIV,,,0.0,6801
14033,HIV,,,0.0,11406
14034,HIV,,,0.0,5165
14035,HIV,,,0.0,5165
14036,HIV,,,0.0,5165
14037,HIV,,,0.0,11406
14038,HIV,,,0.0,5165
14039,HIV,,,0.0,11406
14040,HIV,,,0.0,11358
14041,HIV,,,0.0,343
14042,HIV,,,0.0,5689
14043,HIV,,,0.0,1016
14044,HIV,,,0.0,5690
14045,HIV,,,0.0,5601
14046,HIV,,,0.0,5601
14047,HIV,,,0.0,5691
14048,HIV,,,0.0,5692
14049,HIV,,,0.0,3309
14050,HIV,,,0.0,8392
14051,HIV,,,0.0,9799
14052,HIV,,,0.0,5693
14053,HIV,,,0.0,5694
14054,HIV,,,0.0,5694
14055,HIV,,,0.0,5695
14056,HIV,,,0.0,5696
14057,HIV,,,0.0,5697
14058,HIV,,,0.0,5698
14059,HIV,,,0.0,5699
14060,HIV,,,0.0,5699
14061,HIV,,,0.0,5700
14062,HIV,,,0.0,5699
14063,HIV,,,0.0,8342
14064,HIV,,,0.0,5501
14065,HIV,,,0.0,5701
14066,HIV,,,0.0,5702
14067,HIV,,,0.0,5703
14068,HIV,,,0.0,5704
14069,HIV,,,0.0,5705
14070,HIV,,,0.0,5706
14071,HIV,,,0.0,5707
14072,HIV,,,0.0,5708
14073,HIV,,,0.0,7439
14074,HIV,,,0.0,5709
14075,HIV,,,1.0,441
14076,HIV,,,1.0,441
14077,HIV,,,0.0,5
14078,HIV,,,0.0,5710
14079,HIV,,,0.0,5711
14080,HIV,,,0.0,5712
14081,HIV,,,0.0,5713
14082,HIV,,,0.0,5714
14083,HIV,,,0.0,5715
14084,HIV,,,0.0,5716
14085,HIV,,,0.0,1874
14086,HIV,,,0.0,5363
14087,HIV,,,0.0,5363
14088,HIV,,,0.0,5363
14089,HIV,,,0.0,5717
14090,HIV,,,0.0,3937
14091,HIV,,,0.0,5718
14092,HIV,,,0.0,2546
14093,HIV,,,0.0,4534
14094,HIV,,,0.0,5719
14095,HIV,,,0.0,5720
14096,HIV,,,0.0,5721
14097,HIV,,,0.0,6078
14098,HIV,,,0.0,5722
14099,HIV,,,0.0,5723
14100,HIV,,,0.0,5724
14101,HIV,,,0.0,5363
14102,HIV,,,0.0,5725
14103,HIV,,,0.0,6232
14104,HIV,,,0.0,5726
14105,HIV,,,0.0,5727
14106,HIV,,,0.0,1016
14107,HIV,,,0.0,5728
14108,HIV,,,0.0,1711
14109,HIV,,,0.0,1711
14110,HIV,,,0.0,5729
14111,HIV,,,0.0,5729
14112,HIV,,,0.0,5730
14113,HIV,,,0.0,5730
14114,HIV,,,0.0,1016
14115,HIV,,,0.0,2800
14116,HIV,,,0.0,5731
14117,HIV,,,0.0,5732
14118,HIV,,,0.0,5732
14119,HIV,,,0.0,10746
14120,HIV,,,0.0,5733
14121,HIV,,,0.0,5733
14122,HIV,,,0.0,5733
14123,HIV,,,0.0,5733
14124,HIV,,,0.0,5733
14125,HIV,,,0.0,5734
14126,HIV,,,0.0,5735
14127,HIV,,,0.0,5735
14128,HIV,,,0.0,5735
14129,HIV,,,0.0,5735
14130,HIV,,,0.0,5736
14131,HIV,,,0.0,36
14132,HIV,,,0.0,36
14133,HIV,,,0.0,36
14134,HIV,,,0.0,36
14135,HIV,,,0.0,36
14136,HIV,,,0.0,5737
14137,HIV,,,0.0,36
14138,HIV,,,0.0,36
14139,HIV,,,0.0,36
14140,HIV,,,0.0,36
14141,HIV,,,0.0,36
14142,HIV,,,0.0,36
14143,HIV,,,0.0,4662
14144,HIV,,,0.0,5738
14145,HIV,,,0.0,5739
14146,HIV,,,0.0,5740
14147,HIV,,,0.0,4662
14148,HIV,,,0.0,36
14149,HIV,,,0.0,36
14150,HIV,,,0.0,36
14151,HIV,,,0.0,5740
14152,HIV,,,0.0,4662
14153,HIV,,,0.0,36
14154,HIV,,,0.0,5738
14155,HIV,,,0.0,36
14156,HIV,,,0.0,36
14157,HIV,,,0.0,9328
14158,HIV,,,0.0,5740
14159,HIV,,,0.0,36
14160,HIV,,,0.0,5740
14161,HIV,,,0.0,5740
14162,HIV,,,0.0,5741
14163,HIV,,,0.0,36
14164,HIV,,,0.0,5363
14165,HIV,,,0.0,5363
14166,HIV,,,0.0,8620
14167,HIV,,,0.0,5742
14168,HIV,,,0.0,5743
14169,HIV,,,0.0,3307
14170,HIV,,,0.0,5744
14171,HIV,,,0.0,5745
14172,HIV,,,0.0,5746
14173,HIV,,,0.0,6436
14174,HIV,,,0.0,6016
14175,HIV,,,0.0,1280
14176,HIV,,,0.0,1280
14177,HIV,,,0.0,5747
14178,HIV,,,0.0,5747
14179,HIV,,,0.0,5747
14180,HIV,,,0.0,5747
14181,HIV,,,0.0,5748
14182,HIV,,,0.0,5
14183,HIV,,,0.0,5747
14184,HIV,,,0.0,5
14185,HIV,,,0.0,5
14186,HIV,,,0.0,5363
14187,HIV,,,0.0,5363
14188,HIV,,,0.0,5363
14189,HIV,,,0.0,5749
14190,HIV,,,0.0,5749
14191,HIV,,,0.0,5749
14192,HIV,,,0.0,5750
14193,HIV,,,0.0,5751
14194,HIV,,,0.0,5752
14195,HIV,,,0.0,5753
14196,HIV,,,0.0,5923
14197,HIV,,,0.0,7132
14198,HIV,,,0.0,3309
14199,HIV,,,0.0,5754
14200,HIV,,,0.0,5755
14201,HIV,,,0.0,3937
14202,HIV,,,0.0,3937
14203,HIV,,,0.0,10746
14204,HIV,,,0.0,5756
14205,HIV,,,0.0,10757
14206,HIV,,,0.0,6149
14207,HIV,,,0.0,7604
14208,HIV,,,0.0,5757
14209,HIV,,,0.0,7604
14210,HIV,,,0.0,7604
14211,HIV,,,0.0,7604
14212,HIV,,,0.0,5758
14213,HIV,,,0.0,5758
14214,HIV,,,0.0,3309
14215,HIV,,,0.0,3309
14216,HIV,,,0.0,5759
14217,HIV,,,0.0,1729
14218,HIV,,,0.0,5760
14219,HIV,,,0.0,5760
14220,HIV,,,0.0,5760
14221,HIV,,,0.0,5760
14222,HIV,,,0.0,5760
14223,HIV,,,0.0,2546
14224,HIV,,,0.0,5760
14225,HIV,,,0.0,8199
14226,HIV,,,0.0,5760
14227,HIV,,,0.0,5760
14228,HIV,,,0.0,5760
14229,HIV,,,0.0,5760
14230,HIV,,,0.0,6769
14231,HIV,,,0.0,6772
14232,HIV,,,0.0,8199
14233,HIV,,,0.0,3309
14234,HIV,,,0.0,3309
14235,HIV,,,0.0,5760
14236,HIV,,,0.0,5761
14237,HIV,,,0.0,5762
14238,HIV,,,0.0,13419
14239,HIV,,,0.0,5763
14240,HIV,,,0.0,5764
14241,HIV,,,0.0,5765
14242,HIV,,,0.0,5766
14243,HIV,,,0.0,5767
14244,HIV,,,0.0,5768
14245,HIV,,,0.0,5769
14246,HIV,,,0.0,1381
14247,HIV,,,0.0,5770
14248,HIV,,,0.0,5699
14249,HIV,,,0.0,5771
14250,HIV,,,1.0,5772
14251,HIV,,,0.0,5772
14252,HIV,,,0.0,4757
14253,HIV,,,0.0,5773
14254,HIV,,,0.0,5363
14255,HIV,,,0.0,5363
14256,HIV,,,0.0,5774
14257,HIV,,,0.0,5774
14258,HIV,,,0.0,5775
14259,HIV,,,0.0,5775
14260,HIV,,,0.0,5775
14261,HIV,,,0.0,5775
14262,HIV,,,0.0,5776
14263,HIV,,,0.0,5776
14264,HIV,,,0.0,5776
14265,HIV,,,0.0,5777
14266,HIV,,,0.0,5778
14267,HIV,,,0.0,5779
14268,HIV,,,0.0,12557
14269,HIV,,,0.0,5708
14270,HIV,,,0.0,12724
14271,HIV,,,0.0,12724
14272,HIV,,,0.0,12724
14273,HIV,,,0.0,12724
14274,HIV,,,0.0,5780
14275,HIV,,,0.0,5781
14276,HIV,,,0.0,5781
14277,HIV,,,0.0,5781
14278,HIV,,,0.0,2473
14279,HIV,,,0.0,6801
14280,HIV,,,0.0,6801
14281,HIV,,,0.0,6801
14282,HIV,,,0.0,2473
14283,HIV,,,0.0,2473
14284,HIV,,,0.0,2473
14285,HIV,,,0.0,5782
14286,HIV,,,0.0,2567
14287,HIV,,,0.0,5785
14288,HIV,,,0.0,5785
14289,HIV,,,0.0,5785
14290,HIV,,,0.0,5783
14291,HIV,,,0.0,5785
14292,HIV,,,0.0,5785
14293,HIV,,,0.0,5785
14294,HIV,,,0.0,5785
14295,HIV,,,0.0,5785
14296,HIV,,,0.0,5784
14297,HIV,,,0.0,5786
14298,HIV,,,0.0,5785
14299,HIV,,,0.0,5785
14300,HIV,,,0.0,5786
14301,HIV,,,0.0,5785
14302,HIV,,,0.0,2800
14303,HIV,,,0.0,2800
14304,HIV,,,0.0,2800
14305,HIV,,,0.0,5597
14306,HIV,,,0.0,5787
14307,HIV,,,0.0,5788
14308,HIV,,,0.0,5788
14309,HIV,,,1.0,5789
14310,HIV,,,0.0,1016
14311,HIV,,,0.0,12273
14312,HIV,,,0.0,12273
14313,HIV,,,0.0,12273
14314,HIV,,,0.0,12273
14315,HIV,,,0.0,12273
14316,HIV,,,0.0,5790
14317,HIV,,,0.0,5790
14318,HIV,,,0.0,5790
14319,HIV,,,0.0,5791
14320,HIV,,,0.0,5245
14321,HIV,,,0.0,5245
14322,HIV,,,0.0,5245
14323,HIV,,,0.0,5245
14324,HIV,,,0.0,5245
14325,HIV,,,0.0,5245
14326,HIV,,,0.0,5245
14327,HIV,,,0.0,5245
14328,HIV,,,1.0,6801
14329,HIV,,,1.0,6801
14330,HIV,,,0.0,13780
14331,HIV,,,0.0,5792
14332,HIV,,,0.0,5793
14333,HIV,,,0.0,5794
14334,HIV,,,0.0,5795
14335,HIV,,,0.0,5796
14336,HIV,,,0.0,5597
14337,HIV,,,0.0,1016
14338,HIV,,,0.0,4523
14339,HIV,,,0.0,14106
14340,HIV,,,0.0,14106
14341,HIV,,,0.0,5797
14342,HIV,,,0.0,5797
14343,HIV,,,0.0,5798
14344,HIV,,,0.0,5797
14345,HIV,,,0.0,7611
14346,HIV,,,0.0,3309
14347,HIV,,,0.0,5915
14348,HIV,,,0.0,5799
14349,HIV,,,0.0,4730
14350,HIV,,,0.0,5800
14351,HIV,,,0.0,6052
14352,HIV,,,0.0,5801
14353,HIV,,,0.0,7289
14354,HIV,,,0.0,6021
14355,HIV,,,0.0,5801
14356,HIV,,,0.0,5802
14357,HIV,,,0.0,6029
14358,HIV,,,0.0,6029
14359,HIV,,,0.0,5803
14360,HIV,,,0.0,5804
14361,HIV,,,0.0,7289
14362,HIV,,,0.0,4620
14363,HIV,,,0.0,10400
14364,HIV,,,0.0,5805
14365,HIV,,,0.0,5806
14366,HIV,,,0.0,5807
14367,HIV,,,0.0,5808
14368,HIV,,,0.0,6662
14369,HIV,,,0.0,5813
14370,HIV,,,0.0,5809
14371,HIV,,,0.0,6297
14372,HIV,,,0.0,10400
14373,HIV,,,0.0,5810
14374,HIV,,,0.0,5363
14375,HIV,,,0.0,10400
14376,HIV,,,0.0,5811
14377,HIV,,,0.0,4603
14378,HIV,,,0.0,5363
14379,HIV,,,0.0,6801
14380,HIV,,,0.0,5812
14381,HIV,,,0.0,6299
14382,HIV,,,0.0,5813
14383,HIV,,,0.0,5814
14384,HIV,,,0.0,10400
14385,HIV,,,0.0,5815
14386,HIV,,,0.0,5816
14387,HIV,,,0.0,5817
14388,HIV,,,0.0,5818
14389,HIV,,,0.0,6583
14390,HIV,,,0.0,5818
14391,HIV,,,0.0,5819
14392,HIV,,,0.0,5820
14393,HIV,,,0.0,5821
14394,HIV,,,0.0,5822
14395,HIV,,,0.0,5821
14396,HIV,,,0.0,11406
14397,HIV,,,0.0,5151
14398,HIV,,,0.0,11406
14399,HIV,,,0.0,5821
14400,HIV,,,0.0,5823
14401,HIV,,,0.0,6488
14402,HIV,,,0.0,11406
14403,HIV,,,0.0,5821
14404,HIV,,,0.0,5824
14405,HIV,,,0.0,5821
14406,HIV,,,0.0,5821
14407,HIV,,,0.0,6488
14408,HIV,,,0.0,5821
14409,HIV,,,0.0,5821
14410,HIV,,,0.0,5825
14411,HIV,,,0.0,5821
14412,HIV,,,0.0,5821
14413,HIV,,,0.0,5826
14414,HIV,,,0.0,5821
14415,HIV,,,0.0,5821
14416,HIV,,,0.0,5827
14417,HIV,,,0.0,5821
14418,HIV,,,0.0,5822
14419,HIV,,,0.0,5821
14420,HIV,,,0.0,10400
14421,HIV,,,0.0,10400
14422,HIV,,,0.0,5828
14423,HIV,,,1.0,5829
14424,HIV,,,0.0,5830
14425,HIV,,,0.0,5831
14426,HIV,,,0.0,6801
14427,HIV,,,0.0,10400
14428,HIV,,,0.0,5832
14429,HIV,,,0.0,5833
14430,HIV,,,0.0,5997
14431,HIV,,,0.0,5834
14432,HIV,,,0.0,5835
14433,HIV,,,0.0,5597
14434,HIV,,,0.0,5831
14435,HIV,,,0.0,5836
14436,HIV,,,0.0,5837
14437,HIV,,,0.0,10400
14438,HIV,,,0.0,10400
14439,HIV,,,0.0,10400
14440,HIV,,,0.0,8686
14441,HIV,,,0.0,2546
14442,HIV,,,0.0,5838
14443,HIV,,,0.0,5839
14444,HIV,,,0.0,2800
14445,HIV,,,0.0,5840
14446,HIV,,,0.0,5841
14447,HIV,,,0.0,5842
14448,HIV,,,0.0,1344
14449,HIV,,,0.0,1344
14450,HIV,,,0.0,1344
14451,HIV,,,0.0,1344
14452,HIV,,,0.0,1344
14453,HIV,,,0.0,5074
14454,HIV,,,0.0,1344
14455,HIV,,,0.0,1344
14456,HIV,,,0.0,1344
14457,HIV,,,0.0,5074
14458,HIV,,,0.0,5843
14459,HIV,,,0.0,1344
14460,HIV,,,0.0,1344
14461,HIV,,,0.0,7388
14462,HIV,,,0.0,5844
14463,HIV,,,0.0,14106
14464,HIV,,,0.0,5845
14465,HIV,,,0.0,12633
14466,HIV,,,0.0,5846
14467,HIV,,,0.0,5847
14468,HIV,,,0.0,7604
14469,HIV,,,0.0,7388
14470,HIV,,,0.0,7388
14471,HIV,,,0.0,7388
14472,HIV,,,0.0,5848
14473,HIV,,,0.0,1729
14474,HIV,,,0.0,5730
14475,HIV,,,0.0,36
14476,HIV,,,0.0,36
14477,HIV,,,0.0,36
14478,HIV,,,0.0,36
14479,HIV,,,0.0,36
14480,HIV,,,0.0,36
14481,HIV,,,0.0,36
14482,HIV,,,0.0,36
14483,HIV,,,0.0,36
14484,HIV,,,0.0,8683
14485,HIV,,,0.0,36
14486,HIV,,,0.0,5862
14487,HIV,,,0.0,5862
14488,HIV,,,0.0,5849
14489,HIV,,,0.0,5850
14490,HIV,,,0.0,5851
14491,HIV,,,0.0,5862
14492,HIV,,,0.0,5862
14493,HIV,,,0.0,5862
14494,HIV,,,0.0,5862
14495,HIV,,,0.0,5862
14496,HIV,,,0.0,5862
14497,HIV,,,0.0,5862
14498,HIV,,,0.0,5862
14499,HIV,,,0.0,5852
14500,HIV,,,0.0,5853
14501,HIV,,,0.0,5853
14502,HIV,,,0.0,5854
14503,HIV,,,0.0,5855
14504,HIV,,,0.0,5856
14505,HIV,,,0.0,5857
14506,HIV,,,0.0,5857
14507,HIV,,,0.0,5858
14508,HIV,,,0.0,5857
14509,HIV,,,0.0,5859
14510,HIV,,,0.0,5861
14511,HIV,,,0.0,5860
14512,HIV,,,0.0,5861
14513,HIV,,,0.0,5862
14514,HIV,,,0.0,5862
14515,HIV,,,0.0,5862
14516,HIV,,,0.0,5862
14517,HIV,,,0.0,5862
14518,HIV,,,0.0,5862
14519,HIV,,,0.0,5862
14520,HIV,,,0.0,5857
14521,HIV,,,0.0,5857
14522,HIV,,,0.0,5863
14523,HIV,,,0.0,5862
14524,HIV,,,0.0,5862
14525,HIV,,,0.0,5862
14526,HIV,,,0.0,5862
14527,HIV,,,0.0,5857
14528,HIV,,,0.0,5250
14529,HIV,,,0.0,5250
14530,HIV,,,0.0,5250
14531,HIV,,,0.0,5250
14532,HIV,,,0.0,5864
14533,HIV,,,1.0,5865
14534,HIV,,,0.0,2800
14535,HIV,,,0.0,7356
14536,HIV,,,0.0,5866
14537,HIV,,,0.0,5867
14538,HIV,,,0.0,5868
14539,HIV,,,0.0,5868
14540,HIV,,,0.0,5868
14541,HIV,,,0.0,6801
14542,HIV,,,0.0,6801
14543,HIV,,,0.0,2473
14544,HIV,,,0.0,6801
14545,HIV,,,0.0,2473
14546,HIV,,,0.0,2473
14547,HIV,,,0.0,5869
14548,HIV,,,0.0,9384
14549,HIV,,,0.0,14106
14550,HIV,,,0.0,5870
14551,HIV,,,0.0,5871
14552,HIV,,,0.0,5871
14553,HIV,,,0.0,4548
14554,HIV,,,0.0,4548
14555,HIV,,,0.0,4548
14556,HIV,,,0.0,4548
14557,HIV,,,0.0,4548
14558,HIV,,,0.0,4548
14559,HIV,,,0.0,4548
14560,HIV,,,0.0,4548
14561,HIV,,,0.0,4548
14562,HIV,,,0.0,4548
14563,HIV,,,0.0,4548
14564,HIV,,,0.0,4548
14565,HIV,,,0.0,4548
14566,HIV,,,0.0,4548
14567,HIV,,,0.0,4548
14568,HIV,,,0.0,4548
14569,HIV,,,0.0,5872
14570,HIV,,,0.0,5872
14571,HIV,,,0.0,5872
14572,HIV,,,0.0,5872
14573,HIV,,,0.0,5872
14574,HIV,,,0.0,5872
14575,HIV,,,0.0,4548
14576,HIV,,,0.0,4548
14577,HIV,,,0.0,4548
14578,HIV,,,1.0,4548
14579,HIV,,,0.0,4548
14580,HIV,,,0.0,4548
14581,HIV,,,0.0,7801
14582,HIV,,,0.0,7801
14583,HIV,,,0.0,7801
14584,HIV,,,0.0,5873
14585,HIV,,,0.0,5874
14586,HIV,,,0.0,1828
14587,HIV,,,0.0,1729
14588,HIV,,,0.0,5718
14589,HIV,,,0.0,5718
14590,HIV,,,0.0,5718
14591,HIV,,,0.0,5718
14592,HIV,,,0.0,5718
14593,HIV,,,0.0,9763
14594,HIV,,,0.0,10138
14595,HIV,,,0.0,10138
14596,HIV,,,0.0,10138
14597,HIV,,,0.0,10138
14598,HIV,,,0.0,10138
14599,HIV,,,0.0,10138
14600,HIV,,,0.0,6724
14601,HIV,,,0.0,5875
14602,HIV,,,0.0,5876
14603,HIV,,,0.0,5877
14604,HIV,,,0.0,1280
14605,HIV,,,0.0,5878
14606,HIV,,,0.0,8686
14607,HIV,,,0.0,5718
14608,HIV,,,0.0,8686
14609,HIV,,,0.0,5718
14610,HIV,,,0.0,6801
14611,HIV,,,0.0,5718
14612,HIV,,,0.0,5718
14613,HIV,,,0.0,5718
14614,HIV,,,0.0,8686
14615,HIV,,,0.0,5718
14616,HIV,,,0.0,5718
14617,HIV,,,0.0,6662
14618,HIV,,,0.0,5879
14619,HIV,,,0.0,8987
14620,HIV,,,0.0,6662
14621,HIV,,,0.0,6662
14622,HIV,,,0.0,14055
14623,HIV,,,0.0,5880
14624,HIV,,,0.0,1016
14625,HIV,,,0.0,6139
14626,HIV,,,0.0,6662
14627,HIV,,,0.0,5880
14628,HIV,,,0.0,6662
14629,HIV,,,0.0,4754
14630,HIV,,,0.0,5881
14631,HIV,,,0.0,6662
14632,HIV,,,0.0,5880
14633,HIV,,,0.0,4749
14634,HIV,,,0.0,5882
14635,HIV,,,0.0,4749
14636,HIV,,,0.0,5883
14637,HIV,,,0.0,4749
14638,HIV,,,0.0,4749
14639,HIV,,,0.0,6662
14640,HIV,,,0.0,4754
14641,HIV,,,0.0,5718
14642,HIV,,,0.0,5718
14643,HIV,,,0.0,5718
14644,HIV,,,0.0,5718
14645,HIV,,,0.0,5718
14646,HIV,,,0.0,5718
14647,HIV,,,0.0,5590
14648,HIV,,,0.0,5884
14649,HIV,,,0.0,3978
14650,HIV,,,0.0,5885
14651,HIV,,,0.0,5886
14652,HIV,,,0.0,5886
14653,HIV,,,0.0,9756
14654,HIV,,,0.0,5887
14655,HIV,,,0.0,9756
14656,HIV,,,0.0,9756
14657,HIV,,,0.0,9756
14658,HIV,,,0.0,9756
14659,HIV,,,0.0,9757
14660,HIV,,,0.0,5888
14661,HIV,,,0.0,5889
14662,HIV,,,0.0,5889
14663,HIV,,,0.0,5889
14664,HIV,,,0.0,5889
14665,HIV,,,0.0,5889
14666,HIV,,,0.0,5889
14667,HIV,,,0.0,5889
14668,HIV,,,0.0,5889
14669,HIV,,,0.0,5889
14670,HIV,,,0.0,4523
14671,HIV,,,0.0,7388
14672,HIV,,,0.0,7388
14673,HIV,,,0.0,7388
14674,HIV,,,0.0,7388
14675,HIV,,,0.0,7388
14676,HIV,,,0.0,7388
14677,HIV,,,0.0,7388
14678,HIV,,,0.0,7388
14679,HIV,,,0.0,7388
14680,HIV,,,0.0,7388
14681,HIV,,,0.0,7388
14682,HIV,,,0.0,7388
14683,HIV,,,0.0,7388
14684,HIV,,,0.0,7388
14685,HIV,,,0.0,7388
14686,HIV,,,0.0,5890
14687,HIV,,,0.0,6093
14688,HIV,,,0.0,6093
14689,HIV,,,0.0,6093
14690,HIV,,,0.0,5891
14691,HIV,,,0.0,5891
14692,HIV,,,0.0,5891
14693,HIV,,,0.0,6093
14694,HIV,,,0.0,6093
14695,HIV,,,0.0,6093
14696,HIV,,,0.0,6093
14697,HIV,,,0.0,6093
14698,HIV,,,0.0,6093
14699,HIV,,,0.0,5892
14700,HIV,,,0.0,2546
14701,HIV,,,0.0,12759
14702,HIV,,,0.0,5893
14703,HIV,,,0.0,5893
14704,HIV,,,0.0,5893
14705,HIV,,,0.0,5893
14706,HIV,,,0.0,5893
14707,HIV,,,0.0,5893
14708,HIV,,,0.0,5893
14709,HIV,,,0.0,5893
14710,HIV,,,0.0,5893
14711,HIV,,,0.0,5893
14712,HIV,,,0.0,5893
14713,HIV,,,0.0,5893
14714,HIV,,,0.0,5893
14715,HIV,,,0.0,5893
14716,HIV,,,0.0,5893
14717,HIV,,,0.0,5893
14718,HIV,,,0.0,5893
14719,HIV,,,0.0,5893
14720,HIV,,,0.0,5893
14721,HIV,,,0.0,5893
14722,HIV,,,0.0,5893
14723,HIV,,,0.0,5893
14724,HIV,,,0.0,5893
14725,HIV,,,0.0,5893
14726,HIV,,,0.0,5894
14727,HIV,,,0.0,5895
14728,HIV,,,0.0,5893
14729,HIV,,,0.0,5893
14730,HIV,,,0.0,5893
14731,HIV,,,0.0,5896
14732,HIV,,,0.0,5893
14733,HIV,,,0.0,5893
14734,HIV,,,0.0,5893
14735,HIV,,,0.0,5893
14736,HIV,,,0.0,205
14737,HIV,,,0.0,205
14738,HIV,,,0.0,205
14739,HIV,,,0.0,205
14740,HIV,,,0.0,205
14741,HIV,,,0.0,205
14742,HIV,,,0.0,205
14743,HIV,,,0.0,205
14744,HIV,,,0.0,205
14745,HIV,,,0.0,205
14746,HIV,,,0.0,205
14747,HIV,,,0.0,205
14748,HIV,,,0.0,205
14749,HIV,,,0.0,205
14750,HIV,,,0.0,205
14751,HIV,,,0.0,205
14752,HIV,,,0.0,205
14753,HIV,,,0.0,205
14754,HIV,,,0.0,205
14755,HIV,,,0.0,205
14756,HIV,,,0.0,205
14757,HIV,,,0.0,205
14758,HIV,,,0.0,205
14759,HIV,,,0.0,205
14760,HIV,,,0.0,6436
14761,HIV,,,0.0,6436
14762,HIV,,,0.0,6436
14763,HIV,,,0.0,5897
14764,HIV,,,0.0,5898
14765,HIV,,,0.0,5899
14766,HIV,,,0.0,5900
14767,HIV,,,0.0,5901
14768,HIV,,,0.0,5902
14769,HIV,,,0.0,5903
14770,HIV,,,0.0,5904
14771,HIV,,,0.0,9156
14772,HIV,,,0.0,5905
14773,HIV,,,0.0,5906
14774,HIV,,,0.0,5907
14775,HIV,,,0.0,5908
14776,HIV,,,0.0,5909
14777,HIV,,,0.0,5910
14778,HIV,,,0.0,1075
14779,HIV,,,0.0,5911
14780,HIV,,,0.0,5193
14781,HIV,,,0.0,5912
14782,HIV,,,0.0,5912
14783,HIV,,,0.0,5913
14784,HIV,,,0.0,1727
14785,HIV,,,0.0,5914
14786,HIV,,,0.0,5915
14787,HIV,,,0.0,6801
14788,HIV,,,0.0,5916
14789,HIV,,,0.0,5917
14790,HIV,,,0.0,7611
14791,HIV,,,0.0,5216
14792,HIV,,,0.0,5597
14793,HIV,,,0.0,5918
14794,HIV,,,0.0,5919
14795,HIV,,,0.0,5920
14796,HIV,,,0.0,5921
14797,HIV,,,0.0,5921
14798,HIV,,,0.0,5922
14799,HIV,,,0.0,870
14800,HIV,,,0.0,12533
14801,HIV,,,0.0,5923
14802,HIV,,,0.0,434
14803,HIV,,,0.0,434
14804,HIV,,,0.0,434
14805,HIV,,,0.0,5924
14806,HIV,,,0.0,5925
14807,HIV,,,0.0,12533
14808,HIV,,,0.0,5926
14809,HIV,,,0.0,5926
14810,HIV,,,0.0,5926
14811,HIV,,,0.0,12955
14812,HIV,,,0.0,12955
14813,HIV,,,0.0,12955
14814,HIV,,,0.0,5927
14815,HIV,,,0.0,10119
14816,HIV,,,0.0,5928
14817,HIV,,,0.0,9150
14818,HIV,,,0.0,2546
14819,HIV,,,0.0,5929
14820,HIV,,,0.0,5930
14821,HIV,,,0.0,5931
14822,HIV,,,0.0,5932
14823,HIV,,,0.0,5501
14824,HIV,,,0.0,5933
14825,HIV,,,0.0,5934
14826,HIV,,,0.0,5934
14827,HIV,,,0.0,5935
14828,HIV,,,0.0,5936
14829,HIV,,,0.0,5937
14830,HIV,,,0.0,5938
14831,HIV,,,0.0,5939
14832,HIV,,,0.0,5940
14833,HIV,,,0.0,5940
14834,HIV,,,0.0,5941
14835,HIV,,,0.0,7388
14836,HIV,,,0.0,5951
14837,HIV,,,0.0,5942
14838,HIV,,,0.0,5943
14839,HIV,,,0.0,5946
14840,HIV,,,0.0,5944
14841,HIV,,,0.0,5945
14842,HIV,,,0.0,5946
14843,HIV,,,0.0,5857
14844,HIV,,,0.0,5947
14845,HIV,,,0.0,5948
14846,HIV,,,0.0,5949
14847,HIV,,,0.0,5950
14848,HIV,,,0.0,5951
14849,HIV,,,0.0,5952
14850,HIV,,,0.0,5597
14851,HIV,,,0.0,5953
14852,HIV,,,0.0,4047
14853,HIV,,,0.0,5597
14854,HIV,,,0.0,5597
14855,HIV,,,0.0,5165
14856,HIV,,,0.0,3279
14857,HIV,,,0.0,5954
14858,HIV,,,0.0,5955
14859,HIV,,,0.0,6801
14860,HIV,,,0.0,6801
14861,HIV,,,0.0,10400
14862,HIV,,,0.0,5956
14863,HIV,,,0.0,5597
14864,HIV,,,0.0,7611
14865,HIV,,,0.0,5597
14866,HIV,,,0.0,5957
14867,HIV,,,0.0,5165
14868,HIV,,,0.0,5958
14869,HIV,,,0.0,5597
14870,HIV,,,0.0,8411
14871,HIV,,,0.0,5959
14872,HIV,,,0.0,5597
14873,HIV,,,0.0,5165
14874,HIV,,,0.0,6558
14875,HIV,,,0.0,4735
14876,HIV,,,0.0,11406
14877,HIV,,,0.0,6558
14878,HIV,,,0.0,6558
14879,HIV,,,0.0,3309
14880,HIV,,,0.0,5960
14881,HIV,,,0.0,6558
14882,HIV,,,0.0,11406
14883,HIV,,,0.0,5961
14884,HIV,,,0.0,9676
14885,HIV,,,0.0,3309
14886,HIV,,,0.0,3309
14887,HIV,,,0.0,3309
14888,HIV,,,0.0,2688
14889,HIV,,,0.0,5962
14890,HIV,,,0.0,1344
14891,HIV,,,0.0,2688
14892,HIV,,,0.0,2688
14893,HIV,,,0.0,1344
14894,HIV,,,0.0,1344
14895,HIV,,,0.0,5963
14896,HIV,,,0.0,1344
14897,HIV,,,0.0,5964
14898,HIV,,,0.0,5363
14899,HIV,,,0.0,4730
14900,HIV,,,0.0,1344
14901,HIV,,,0.0,1344
14902,HIV,,,0.0,2688
14903,HIV,,,0.0,13419
14904,HIV,,,0.0,5965
14905,HIV,,,0.0,5968
14906,HIV,,,0.0,6301
14907,HIV,,,0.0,5966
14908,HIV,,,0.0,4749
14909,HIV,,,0.0,6482
14910,HIV,,,0.0,5967
14911,HIV,,,0.0,4672
14912,HIV,,,0.0,5968
14913,HIV,,,0.0,5969
14914,HIV,,,0.0,6299
14915,HIV,,,0.0,6087
14916,HIV,,,0.0,6482
14917,HIV,,,0.0,5970
14918,HIV,,,0.0,5971
14919,HIV,,,0.0,6423
14920,HIV,,,0.0,5971
14921,HIV,,,0.0,6411
14922,HIV,,,0.0,5972
14923,HIV,,,0.0,4749
14924,HIV,,,0.0,6087
14925,HIV,,,1.0,434
14926,HIV,,,0.0,10753
14927,HIV,,,0.0,7591
14928,HIV,,,0.0,1729
14929,HIV,,,0.0,5973
14930,HIV,,,0.0,5974
14931,HIV,,,0.0,13419
14932,HIV,,,0.0,13419
14933,HIV,,,0.0,13419
14934,HIV,,,0.0,13419
14935,HIV,,,0.0,13419
14936,HIV,,,0.0,5975
14937,HIV,,,0.0,5976
14938,HIV,,,0.0,5977
14939,HIV,,,0.0,6801
14940,HIV,,,0.0,5978
14941,HIV,,,0.0,5979
14942,HIV,,,0.0,5980
14943,HIV,,,0.0,5981
14944,HIV,,,0.0,5982
14945,HIV,,,0.0,5597
14946,HIV,,,0.0,5983
14947,HIV,,,0.0,5984
14948,HIV,,,0.0,5985
14949,HIV,,,0.0,5986
14950,HIV,,,0.0,5987
14951,HIV,,,0.0,5988
14952,HIV,,,0.0,5989
14953,HIV,,,0.0,3309
14954,HIV,,,0.0,5990
14955,HIV,,,0.0,2920
14956,HIV,,,0.0,5991
14957,HIV,,,0.0,2473
14958,HIV,,,0.0,5747
14959,HIV,,,0.0,5992
14960,HIV,,,0.0,6801
14961,HIV,,,0.0,5165
14962,HIV,,,0.0,6801
14963,HIV,,,0.0,5747
14964,HIV,,,0.0,5597
14965,HIV,,,0.0,5597
14966,HIV,,,0.0,5747
14967,HIV,,,0.0,5363
14968,HIV,,,0.0,5363
14969,HIV,,,0.0,12740
14970,HIV,,,0.0,3279
14971,HIV,,,0.0,13419
14972,HIV,,,0.0,5992
14973,HIV,,,0.0,7356
14974,HIV,,,0.0,5165
14975,HIV,,,0.0,5993
14976,HIV,,,0.0,5165
14977,HIV,,,0.0,5165
14978,HIV,,,0.0,5597
14979,HIV,,,0.0,5597
14980,HIV,,,0.0,3309
14981,HIV,,,0.0,5165
14982,HIV,,,0.0,5165
14983,HIV,,,0.0,5994
14984,HIV,,,0.0,1875
14985,HIV,,,0.0,5363
14986,HIV,,,0.0,599
14987,HIV,,,0.0,9132
14988,HIV,,,0.0,5597
14989,HIV,,,0.0,5995
14990,HIV,,,0.0,6801
14991,HIV,,,0.0,5747
14992,HIV,,,0.0,3279
14993,HIV,,,0.0,5165
14994,HIV,,,0.0,5165
14995,HIV,,,0.0,5
14996,HIV,,,0.0,5
14997,HIV,,,0.0,5165
14998,HIV,,,0.0,5165
14999,HIV,,,0.0,5996
15000,HIV,,,0.0,13419
15001,HIV,,,0.0,5363
15002,HIV,,,0.0,5997
15003,HIV,,,0.0,10400
15004,HIV,,,0.0,5998
15005,HIV,,,0.0,10400
15006,HIV,,,0.0,10400
15007,HIV,,,0.0,5999
15008,HIV,,,0.0,6000
15009,HIV,,,0.0,4616
15010,HIV,,,0.0,6001
15011,HIV,,,0.0,6002
15012,HIV,,,0.0,6801
15013,HIV,,,0.0,6801
15014,HIV,,,0.0,6002
15015,HIV,,,0.0,10400
15016,HIV,,,0.0,5597
15017,HIV,,,0.0,10400
15018,HIV,,,0.0,5997
15019,HIV,,,0.0,10400
15020,HIV,,,0.0,4613
15021,HIV,,,0.0,6003
15022,HIV,,,0.0,6801
15023,HIV,,,0.0,10400
15024,HIV,,,0.0,5813
15025,HIV,,,0.0,5597
15026,HIV,,,0.0,6004
15027,HIV,,,0.0,6801
15028,HIV,,,1.0,45
15029,HIV,,,0.0,6801
15030,HIV,,,0.0,6005
15031,HIV,,,0.0,6006
15032,HIV,,,0.0,6007
15033,HIV,,,0.0,6143
15034,HIV,,,0.0,3309
15035,HIV,,,1.0,441
15036,HIV,,,1.0,441
15037,HIV,,,0.0,441
15038,HIV,,,0.0,441
15039,HIV,,,0.0,441
15040,HIV,,,0.0,5462
15041,HIV,,,0.0,6008
15042,HIV,,,0.0,441
15043,HIV,,,0.0,441
15044,HIV,,,0.0,6009
15045,HIV,,,0.0,441
15046,HIV,,,0.0,10746
15047,HIV,,,0.0,10746
15048,HIV,,,0.0,10746
15049,HIV,,,0.0,6012
15050,HIV,,,0.0,6012
15051,HIV,,,0.0,6010
15052,HIV,,,0.0,6011
15053,HIV,,,0.0,7388
15054,HIV,,,0.0,6012
15055,HIV,,,0.0,6013
15056,HIV,,,0.0,5747
15057,HIV,,,0.0,5363
15058,HIV,,,0.0,6014
15059,HIV,,,0.0,14043
15060,HIV,,,0.0,6015
15061,HIV,,,0.0,6016
15062,HIV,,,0.0,6017
15063,HIV,,,0.0,6018
15064,HIV,,,0.0,6018
15065,HIV,,,0.0,2726
15066,HIV,,,0.0,5992
15067,HIV,,,0.0,11120
15068,HIV,,,0.0,11406
15069,HIV,,,0.0,7289
15070,HIV,,,0.0,6559
15071,HIV,,,0.0,6019
15072,HIV,,,0.0,497
15073,HIV,,,0.0,5801
15074,HIV,,,0.0,4609
15075,HIV,,,0.0,6583
15076,HIV,,,0.0,11406
15077,HIV,,,0.0,4730
15078,HIV,,,0.0,6033
15079,HIV,,,0.0,4620
15080,HIV,,,0.0,6020
15081,HIV,,,0.0,6021
15082,HIV,,,0.0,6583
15083,HIV,,,0.0,6033
15084,HIV,,,0.0,6022
15085,HIV,,,0.0,6583
15086,HIV,,,0.0,11406
15087,HIV,,,0.0,4609
15088,HIV,,,0.0,6801
15089,HIV,,,0.0,6023
15090,HIV,,,0.0,6024
15091,HIV,,,0.0,6025
15092,HIV,,,0.0,7289
15093,HIV,,,0.0,6583
15094,HIV,,,0.0,6026
15095,HIV,,,0.0,6027
15096,HIV,,,0.0,11406
15097,HIV,,,0.0,4609
15098,HIV,,,0.0,4622
15099,HIV,,,0.0,6028
15100,HIV,,,0.0,6583
15101,HIV,,,0.0,7928
15102,HIV,,,0.0,6029
15103,HIV,,,0.0,6030
15104,HIV,,,0.0,4609
15105,HIV,,,0.0,4609
15106,HIV,,,0.0,6031
15107,HIV,,,0.0,6583
15108,HIV,,,0.0,7289
15109,HIV,,,0.0,6032
15110,HIV,,,0.0,5363
15111,HIV,,,0.0,5363
15112,HIV,,,0.0,6033
15113,HIV,,,0.0,6034
15114,HIV,,,0.0,6035
15115,HIV,,,0.0,5992
15116,HIV,,,0.0,6036
15117,HIV,,,0.0,3309
15118,HIV,,,0.0,5747
15119,HIV,,,0.0,6037
15120,HIV,,,0.0,5363
15121,HIV,,,0.0,5363
15122,HIV,,,0.0,5363
15123,HIV,,,0.0,5363
15124,HIV,,,0.0,5363
15125,HIV,,,0.0,5363
15126,HIV,,,0.0,5363
15127,HIV,,,0.0,5363
15128,HIV,,,0.0,5363
15129,HIV,,,0.0,5363
15130,HIV,,,0.0,7604
15131,HIV,,,0.0,2546
15132,HIV,,,0.0,5277
15133,HIV,,,0.0,6038
15134,HIV,,,0.0,6039
15135,HIV,,,0.0,6039
15136,HIV,,,0.0,6039
15137,HIV,,,0.0,6039
15138,HIV,,,0.0,1016
15139,HIV,,,0.0,1016
15140,HIV,,,0.0,6040
15141,HIV,,,0.0,4631
15142,HIV,,,0.0,6044
15143,HIV,,,0.0,6041
15144,HIV,,,0.0,285
15145,HIV,,,0.0,6042
15146,HIV,,,0.0,6043
15147,HIV,,,0.0,1016
15148,HIV,,,0.0,1016
15149,HIV,,,0.0,1016
15150,HIV,,,0.0,1016
15151,HIV,,,0.0,1016
15152,HIV,,,0.0,1016
15153,HIV,,,0.0,6044
15154,HIV,,,0.0,6045
15155,HIV,,,0.0,7591
15156,HIV,,,0.0,6046
15157,HIV,,,0.0,13419
15158,HIV,,,0.0,5
15159,HIV,,,0.0,6047
15160,HIV,,,0.0,1016
15161,HIV,,,0.0,6048
15162,HIV,,,0.0,5
15163,HIV,,,0.0,6049
15164,HIV,,,0.0,11406
15165,HIV,,,0.0,6050
15166,HIV,,,0.0,4609
15167,HIV,,,0.0,6583
15168,HIV,,,0.0,6051
15169,HIV,,,0.0,6052
15170,HIV,,,0.0,4609
15171,HIV,,,0.0,6583
15172,HIV,,,0.0,5177
15173,HIV,,,0.0,11406
15174,HIV,,,0.0,6053
15175,HIV,,,0.0,10400
15176,HIV,,,0.0,6583
15177,HIV,,,0.0,5818
15178,HIV,,,0.0,6059
15179,HIV,,,0.0,6583
15180,HIV,,,1.0,6054
15181,HIV,,,0.0,6055
15182,HIV,,,0.0,6056
15183,HIV,,,0.0,6057
15184,HIV,,,0.0,6814
15185,HIV,,,0.0,11406
15186,HIV,,,0.0,6583
15187,HIV,,,0.0,10400
15188,HIV,,,0.0,6814
15189,HIV,,,0.0,10400
15190,HIV,,,0.0,10400
15191,HIV,,,0.0,6058
15192,HIV,,,0.0,6059
15193,HIV,,,0.0,6059
15194,HIV,,,0.0,5818
15195,HIV,,,0.0,5820
15196,HIV,,,0.0,6060
15197,HIV,,,0.0,6061
15198,HIV,,,0.0,6062
15199,HIV,,,0.0,6059
15200,HIV,,,0.0,11406
15201,HIV,,,0.0,4730
15202,HIV,,,0.0,6583
15203,HIV,,,0.0,6059
15204,HIV,,,0.0,6063
15205,HIV,,,0.0,4664
15206,HIV,,,0.0,6064
15207,HIV,,,0.0,6066
15208,HIV,,,0.0,6064
15209,HIV,,,0.0,6065
15210,HIV,,,0.0,6066
15211,HIV,,,0.0,6067
15212,HIV,,,0.0,6068
15213,HIV,,,0.0,6067
15214,HIV,,,0.0,1729
15215,HIV,,,0.0,1729
15216,HIV,,,0.0,6069
15217,HIV,,,0.0,6070
15218,HIV,,,0.0,1016
15219,HIV,,,0.0,6071
15220,HIV,,,0.0,1016
15221,HIV,,,0.0,6067
15222,HIV,,,0.0,1555
15223,HIV,,,0.0,1016
15224,HIV,,,0.0,1016
15225,HIV,,,0.0,6072
15226,HIV,,,0.0,6073
15227,HIV,,,0.0,6074
15228,HIV,,,0.0,6075
15229,HIV,,,0.0,5718
15230,HIV,,,0.0,5718
15231,HIV,,,0.0,6076
15232,HIV,,,0.0,6077
15233,HIV,,,0.0,8959
15234,HIV,,,0.0,5718
15235,HIV,,,0.0,5165
15236,HIV,,,0.0,8959
15237,HIV,,,0.0,6078
15238,HIV,,,0.0,3309
15239,HIV,,,0.0,6079
15240,HIV,,,0.0,6079
15241,HIV,,,0.0,6080
15242,HIV,,,0.0,2800
15243,HIV,,,0.0,45
15244,HIV,,,0.0,6081
15245,HIV,,,0.0,13609
15246,HIV,,,0.0,4548
15247,HIV,,,0.0,6082
15248,HIV,,,0.0,7337
15249,HIV,,,0.0,5992
15250,HIV,,,0.0,6801
15251,HIV,,,0.0,6083
15252,HIV,,,0.0,13081
15253,HIV,,,0.0,13419
15254,HIV,,,0.0,7591
15255,HIV,,,0.0,6084
15256,HIV,,,0.0,12740
15257,HIV,,,0.0,10400
15258,HIV,,,0.0,6085
15259,HIV,,,0.0,6296
15260,HIV,,,0.0,6086
15261,HIV,,,0.0,10633
15262,HIV,,,0.0,6087
15263,HIV,,,0.0,6087
15264,HIV,,,0.0,5970
15265,HIV,,,0.0,6087
15266,HIV,,,0.0,10633
15267,HIV,,,0.0,6087
15268,HIV,,,0.0,6088
15269,HIV,,,1.0,441
15270,HIV,,,1.0,6009
15271,HIV,,,0.0,441
15272,HIV,,,0.0,441
15273,HIV,,,0.0,441
15274,HIV,,,0.0,6089
15275,HIV,,,0.0,5165
15276,HIV,,,0.0,6090
15277,HIV,,,0.0,7388
15278,HIV,,,1.0,13831
15279,HIV,,,0.0,6091
15280,HIV,,,0.0,6092
15281,HIV,,,0.0,7388
15282,HIV,,,1.0,13301
15283,HIV,,,0.0,6093
15284,HIV,,,0.0,6093
15285,HIV,,,0.0,6093
15286,HIV,,,0.0,6093
15287,HIV,,,0.0,6093
15288,HIV,,,0.0,5891
15289,HIV,,,0.0,5891
15290,HIV,,,0.0,4548
15291,HIV,,,0.0,14106
15292,HIV,,,1.0,441
15293,HIV,,,0.0,441
15294,HIV,,,0.0,441
15295,HIV,,,0.0,441
15296,HIV,,,0.0,6094
15297,HIV,,,0.0,5165
15298,HIV,,,0.0,6095
15299,HIV,,,0.0,6096
15300,HIV,,,0.0,6096
15301,HIV,,,0.0,6097
15302,HIV,,,1.0,434
15303,HIV,,,1.0,434
15304,HIV,,,1.0,434
15305,HIV,,,1.0,434
15306,HIV,,,0.0,434
15307,HIV,,,1.0,434
15308,HIV,,,1.0,434
15309,HIV,,,0.0,6098
15310,HIV,,,1.0,434
15311,HIV,,,0.0,6099
15312,HIV,,,0.0,3579
15313,HIV,,,0.0,2781
15314,HIV,,,0.0,6100
15315,HIV,,,0.0,6101
15316,HIV,,,0.0,6102
15317,HIV,,,0.0,6103
15318,HIV,,,0.0,6104
15319,HIV,,,0.0,6105
15320,HIV,,,0.0,6106
15321,HIV,,,0.0,6107
15322,HIV,,,0.0,6108
15323,HIV,,,0.0,6109
15324,HIV,,,0.0,98
15325,HIV,,,0.0,98
15326,HIV,,,0.0,98
15327,HIV,,,0.0,98
15328,HIV,,,0.0,6110
15329,HIV,,,0.0,6889
15330,HIV,,,0.0,6111
15331,HIV,,,0.0,6112
15332,HIV,,,0.0,6113
15333,HIV,,,0.0,6707
15334,HIV,,,0.0,6114
15335,HIV,,,0.0,6114
15336,HIV,,,0.0,6113
15337,HIV,,,0.0,6115
15338,HIV,,,0.0,6113
15339,HIV,,,0.0,6116
15340,HIV,,,0.0,36
15341,HIV,,,0.0,36
15342,HIV,,,0.0,5718
15343,HIV,,,0.0,6117
15344,HIV,,,0.0,6118
15345,HIV,,,0.0,6119
15346,HIV,,,0.0,6120
15347,HIV,,,0.0,6121
15348,HIV,,,0.0,36
15349,HIV,,,0.0,36
15350,HIV,,,0.0,8959
15351,HIV,,,0.0,36
15352,HIV,,,0.0,10746
15353,HIV,,,0.0,10746
15354,HIV,,,0.0,10746
15355,HIV,,,0.0,10746
15356,HIV,,,0.0,10746
15357,HIV,,,0.0,10746
15358,HIV,,,0.0,10746
15359,HIV,,,0.0,10746
15360,HIV,,,0.0,10746
15361,HIV,,,0.0,10746
15362,HIV,,,0.0,1280
15363,HIV,,,1.0,1280
15364,HIV,,,0.0,7420
15365,HIV,,,0.0,6122
15366,HIV,,,0.0,5165
15367,HIV,,,0.0,6123
15368,HIV,,,0.0,6124
15369,HIV,,,0.0,6382
15370,HIV,,,0.0,4348
15371,HIV,,,0.0,6129
15372,HIV,,,0.0,6129
15373,HIV,,,0.0,6125
15374,HIV,,,0.0,6126
15375,HIV,,,0.0,5363
15376,HIV,,,0.0,6127
15377,HIV,,,0.0,6129
15378,HIV,,,0.0,6128
15379,HIV,,,0.0,9512
15380,HIV,,,0.0,5363
15381,HIV,,,0.0,5363
15382,HIV,,,0.0,6129
15383,HIV,,,0.0,5288
15384,HIV,,,0.0,5288
15385,HIV,,,0.0,6130
15386,HIV,,,0.0,6130
15387,HIV,,,0.0,6130
15388,HIV,,,0.0,6130
15389,HIV,,,0.0,4670
15390,HIV,,,0.0,10633
15391,HIV,,,0.0,10633
15392,HIV,,,0.0,6087
15393,HIV,,,0.0,10633
15394,HIV,,,0.0,6131
15395,HIV,,,0.0,5165
15396,HIV,,,0.0,6132
15397,HIV,,,0.0,6133
15398,HIV,,,0.0,6801
15399,HIV,,,0.0,5165
15400,HIV,,,0.0,6801
15401,HIV,,,0.0,6583
15402,HIV,,,0.0,7043
15403,HIV,,,1.0,6134
15404,HIV,,,1.0,6134
15405,HIV,,,0.0,1016
15406,HIV,,,0.0,1016
15407,HIV,,,0.0,6135
15408,HIV,,,1.0,6136
15409,HIV,,,1.0,3279
15410,HIV,,,0.0,1016
15411,HIV,,,0.0,6137
15412,HIV,,,0.0,6137
15413,HIV,,,0.0,6137
15414,HIV,,,0.0,6138
15415,HIV,,,0.0,5165
15416,HIV,,,0.0,6801
15417,HIV,,,0.0,5718
15418,HIV,,,0.0,2800
15419,HIV,,,0.0,6139
15420,HIV,,,0.0,6140
15421,HIV,,,0.0,6616
15422,HIV,,,0.0,6141
15423,HIV,,,0.0,6087
15424,HIV,,,0.0,6411
15425,HIV,,,0.0,6142
15426,HIV,,,0.0,6143
15427,HIV,,,0.0,6144
15428,HIV,,,0.0,6145
15429,HIV,,,0.0,6145
15430,HIV,,,0.0,7388
15431,HIV,,,1.0,7388
15432,HIV,,,0.0,6146
15433,HIV,,,0.0,5597
15434,HIV,,,0.0,5597
15435,HIV,,,0.0,6801
15436,HIV,,,0.0,5597
15437,HIV,,,0.0,6147
15438,HIV,,,1.0,6801
15439,HIV,,,1.0,5992
15440,HIV,,,1.0,5992
15441,HIV,,,0.0,5992
15442,HIV,,,1.0,6801
15443,HIV,,,0.0,5597
15444,HIV,,,0.0,6801
15445,HIV,,,0.0,6801
15446,HIV,,,0.0,6801
15447,HIV,,,0.0,1607
15448,HIV,,,1.0,5992
15449,HIV,,,0.0,5992
15450,HIV,,,0.0,5992
15451,HIV,,,0.0,4548
15452,HIV,,,0.0,4548
15453,HIV,,,0.0,4548
15454,HIV,,,0.0,4548
15455,HIV,,,0.0,4548
15456,HIV,,,0.0,4548
15457,HIV,,,0.0,4548
15458,HIV,,,0.0,4548
15459,HIV,,,0.0,4548
15460,HIV,,,0.0,4548
15461,HIV,,,0.0,4548
15462,HIV,,,0.0,4548
15463,HIV,,,1.0,4548
15464,HIV,,,0.0,4548
15465,HIV,,,0.0,4548
15466,HIV,,,1.0,4548
15467,HIV,,,0.0,4548
15468,HIV,,,0.0,4548
15469,HIV,,,0.0,4548
15470,HIV,,,0.0,4548
15471,HIV,,,1.0,4548
15472,HIV,,,0.0,4548
15473,HIV,,,0.0,4548
15474,HIV,,,0.0,4548
15475,HIV,,,0.0,4548
15476,HIV,,,0.0,4548
15477,HIV,,,0.0,4548
15478,HIV,,,0.0,4548
15479,HIV,,,0.0,4548
15480,HIV,,,0.0,4548
15481,HIV,,,0.0,4548
15482,HIV,,,0.0,4548
15483,HIV,,,0.0,4548
15484,HIV,,,0.0,6148
15485,HIV,,,0.0,7388
15486,HIV,,,0.0,7388
15487,HIV,,,0.0,7388
15488,HIV,,,0.0,7388
15489,HIV,,,0.0,6918
15490,HIV,,,0.0,6918
15491,HIV,,,0.0,6918
15492,HIV,,,0.0,6918
15493,HIV,,,0.0,6918
15494,HIV,,,0.0,6918
15495,HIV,,,0.0,6918
15496,HIV,,,0.0,6918
15497,HIV,,,0.0,6918
15498,HIV,,,0.0,6918
15499,HIV,,,0.0,6918
15500,HIV,,,0.0,6918
15501,HIV,,,0.0,6149
15502,HIV,,,0.0,205
15503,HIV,,,0.0,205
15504,HIV,,,0.0,205
15505,HIV,,,0.0,205
15506,HIV,,,0.0,205
15507,HIV,,,0.0,205
15508,HIV,,,0.0,205
15509,HIV,,,0.0,205
15510,HIV,,,0.0,205
15511,HIV,,,0.0,205
15512,HIV,,,0.0,205
15513,HIV,,,0.0,205
15514,HIV,,,0.0,205
15515,HIV,,,0.0,205
15516,HIV,,,0.0,205
15517,HIV,,,0.0,8522
15518,HIV,,,0.0,8522
15519,HIV,,,0.0,8522
15520,HIV,,,0.0,434
15521,HIV,,,0.0,2932
15522,HIV,,,0.0,5597
15523,HIV,,,0.0,6477
15524,HIV,,,0.0,6477
15525,HIV,,,0.0,6477
15526,HIV,,,0.0,6477
15527,HIV,,,0.0,6477
15528,HIV,,,0.0,6477
15529,HIV,,,1.0,6477
15530,HIV,,,0.0,6477
15531,HIV,,,0.0,6477
15532,HIV,,,0.0,6477
15533,HIV,,,0.0,6477
15534,HIV,,,0.0,6477
15535,HIV,,,0.0,5363
15536,HIV,,,0.0,5363
15537,HIV,,,0.0,5363
15538,HIV,,,0.0,6150
15539,HIV,,,0.0,6151
15540,HIV,,,0.0,6151
15541,HIV,,,0.0,10275
15542,HIV,,,0.0,6152
15543,HIV,,,0.0,6153
15544,HIV,,,0.0,5747
15545,HIV,,,0.0,6154
15546,HIV,,,0.0,6155
15547,HIV,,,0.0,6156
15548,HIV,,,0.0,1016
15549,HIV,,,0.0,9019
15550,HIV,,,0.0,6230
15551,HIV,,,0.0,6230
15552,HIV,,,0.0,6230
15553,HIV,,,0.0,6230
15554,HIV,,,0.0,3693
15555,HIV,,,0.0,6157
15556,HIV,,,0.0,7084
15557,HIV,,,0.0,7084
15558,HIV,,,0.0,5165
15559,HIV,,,0.0,5165
15560,HIV,,,0.0,5165
15561,HIV,,,0.0,5363
15562,HIV,,,0.0,5363
15563,HIV,,,0.0,5363
15564,HIV,,,0.0,5363
15565,HIV,,,0.0,5363
15566,HIV,,,0.0,5363
15567,HIV,,,0.0,5363
15568,HIV,,,0.0,5363
15569,HIV,,,0.0,5363
15570,HIV,,,0.0,6158
15571,HIV,,,0.0,5363
15572,HIV,,,0.0,6159
15573,HIV,,,0.0,6160
15574,HIV,,,0.0,6161
15575,HIV,,,0.0,6618
15576,HIV,,,0.0,6162
15577,HIV,,,0.0,6163
15578,HIV,,,0.0,6164
15579,HIV,,,0.0,6165
15580,HIV,,,0.0,6165
15581,HIV,,,0.0,6166
15582,HIV,,,0.0,6166
15583,HIV,,,0.0,6167
15584,HIV,,,0.0,3021
15585,HIV,,,0.0,3021
15586,HIV,,,0.0,6170
15587,HIV,,,0.0,6170
15588,HIV,,,0.0,6168
15589,HIV,,,0.0,6169
15590,HIV,,,0.0,6170
15591,HIV,,,0.0,6171
15592,HIV,,,0.0,6172
15593,HIV,,,1.0,441
15594,HIV,,,0.0,434
15595,HIV,,,1.0,5003
15596,HIV,,,0.0,6173
15597,HIV,,,0.0,3309
15598,HIV,,,0.0,3309
15599,HIV,,,0.0,6174
15600,HIV,,,0.0,6175
15601,HIV,,,0.0,6176
15602,HIV,,,0.0,6177
15603,HIV,,,0.0,1176
15604,HIV,,,0.0,6178
15605,HIV,,,0.0,10633
15606,HIV,,,0.0,10633
15607,HIV,,,0.0,6178
15608,HIV,,,0.0,6178
15609,HIV,,,0.0,6181
15610,HIV,,,0.0,8959
15611,HIV,,,0.0,5165
15612,HIV,,,0.0,6179
15613,HIV,,,0.0,6180
15614,HIV,,,0.0,6181
15615,HIV,,,0.0,7576
15616,HIV,,,0.0,6801
15617,HIV,,,0.0,6801
15618,HIV,,,0.0,6182
15619,HIV,,,0.0,6801
15620,HIV,,,0.0,6801
15621,HIV,,,0.0,6801
15622,HIV,,,0.0,6182
15623,HIV,,,0.0,6801
15624,HIV,,,0.0,6183
15625,HIV,,,0.0,6183
15626,HIV,,,0.0,6183
15627,HIV,,,0.0,6183
15628,HIV,,,0.0,6183
15629,HIV,,,0.0,6183
15630,HIV,,,0.0,6183
15631,HIV,,,0.0,6183
15632,HIV,,,0.0,6183
15633,HIV,,,0.0,6183
15634,HIV,,,0.0,6184
15635,HIV,,,0.0,6185
15636,HIV,,,0.0,6186
15637,HIV,,,0.0,6312
15638,HIV,,,0.0,5597
15639,HIV,,,0.0,6187
15640,HIV,,,0.0,6187
15641,HIV,,,0.0,6513
15642,HIV,,,0.0,6513
15643,HIV,,,0.0,6513
15644,HIV,,,0.0,6188
15645,HIV,,,0.0,6513
15646,HIV,,,0.0,6189
15647,HIV,,,0.0,6189
15648,HIV,,,0.0,6189
15649,HIV,,,0.0,6189
15650,HIV,,,0.0,6190
15651,HIV,,,0.0,6190
15652,HIV,,,0.0,6189
15653,HIV,,,0.0,6190
15654,HIV,,,0.0,6189
15655,HIV,,,0.0,6189
15656,HIV,,,0.0,6189
15657,HIV,,,0.0,6190
15658,HIV,,,0.0,5363
15659,HIV,,,0.0,5363
15660,HIV,,,0.0,5363
15661,HIV,,,0.0,5363
15662,HIV,,,0.0,5363
15663,HIV,,,0.0,5363
15664,HIV,,,0.0,10676
15665,HIV,,,0.0,10676
15666,HIV,,,0.0,10676
15667,HIV,,,0.0,6191
15668,HIV,,,0.0,7126
15669,HIV,,,0.0,11543
15670,HIV,,,0.0,6192
15671,HIV,,,0.0,6193
15672,HIV,,,0.0,6194
15673,HIV,,,0.0,5
15674,HIV,,,0.0,6195
15675,HIV,,,0.0,7337
15676,HIV,,,0.0,5501
15677,HIV,,,0.0,5501
15678,HIV,,,0.0,6196
15679,HIV,,,0.0,5501
15680,HIV,,,0.0,5501
15681,HIV,,,0.0,5501
15682,HIV,,,0.0,5501
15683,HIV,,,0.0,5501
15684,HIV,,,0.0,5501
15685,HIV,,,0.0,5501
15686,HIV,,,0.0,5501
15687,HIV,,,0.0,5501
15688,HIV,,,0.0,5501
15689,HIV,,,0.0,5501
15690,HIV,,,0.0,5501
15691,HIV,,,0.0,5501
15692,HIV,,,0.0,5501
15693,HIV,,,0.0,5501
15694,HIV,,,0.0,5501
15695,HIV,,,0.0,5501
15696,HIV,,,0.0,5501
15697,HIV,,,0.0,1016
15698,HIV,,,0.0,1016
15699,HIV,,,0.0,434
15700,HIV,,,1.0,434
15701,HIV,,,1.0,434
15702,HIV,,,1.0,434
15703,HIV,,,0.0,6197
15704,HIV,,,0.0,7611
15705,HIV,,,0.0,7611
15706,HIV,,,0.0,6198
15707,HIV,,,0.0,6198
15708,HIV,,,0.0,6198
15709,HIV,,,0.0,5912
15710,HIV,,,0.0,6199
15711,HIV,,,0.0,6200
15712,HIV,,,0.0,5912
15713,HIV,,,0.0,5912
15714,HIV,,,0.0,6201
15715,HIV,,,0.0,1685
15716,HIV,,,0.0,7352
15717,HIV,,,0.0,6202
15718,HIV,,,0.0,5363
15719,HIV,,,0.0,7591
15720,HIV,,,0.0,10633
15721,HIV,,,0.0,1729
15722,HIV,,,0.0,1729
15723,HIV,,,0.0,6203
15724,HIV,,,0.0,1729
15725,HIV,,,0.0,6208
15726,HIV,,,0.0,6204
15727,HIV,,,0.0,6205
15728,HIV,,,0.0,1729
15729,HIV,,,0.0,1729
15730,HIV,,,0.0,6207
15731,HIV,,,0.0,1729
15732,HIV,,,0.0,6206
15733,HIV,,,0.0,6207
15734,HIV,,,0.0,6208
15735,HIV,,,0.0,6208
15736,HIV,,,0.0,6207
15737,HIV,,,0.0,6209
15738,HIV,,,0.0,1016
15739,HIV,,,0.0,1016
15740,HIV,,,0.0,6210
15741,HIV,,,0.0,6211
15742,HIV,,,0.0,6211
15743,HIV,,,0.0,6211
15744,HIV,,,0.0,6211
15745,HIV,,,0.0,6212
15746,HIV,,,0.0,9679
15747,HIV,,,0.0,6213
15748,HIV,,,0.0,6214
15749,HIV,,,0.0,6214
15750,HIV,,,0.0,6214
15751,HIV,,,0.0,6214
15752,HIV,,,0.0,9118
15753,HIV,,,0.0,6214
15754,HIV,,,0.0,6214
15755,HIV,,,0.0,6214
15756,HIV,,,0.0,6214
15757,HIV,,,0.0,5501
15758,HIV,,,0.0,5501
15759,HIV,,,0.0,5501
15760,HIV,,,0.0,5501
15761,HIV,,,0.0,5501
15762,HIV,,,0.0,5501
15763,HIV,,,0.0,5501
15764,HIV,,,0.0,5501
15765,HIV,,,0.0,11681
15766,HIV,,,0.0,11681
15767,HIV,,,0.0,11681
15768,HIV,,,0.0,5501
15769,HIV,,,0.0,5501
15770,HIV,,,0.0,5501
15771,HIV,,,0.0,5501
15772,HIV,,,0.0,5501
15773,HIV,,,0.0,6215
15774,HIV,,,0.0,6216
15775,HIV,,,0.0,6217
15776,HIV,,,0.0,6218
15777,HIV,,,0.0,6219
15778,HIV,,,0.0,2546
15779,HIV,,,0.0,843
15780,HIV,,,0.0,2546
15781,HIV,,,0.0,6220
15782,HIV,,,0.0,6221
15783,HIV,,,0.0,6221
15784,HIV,,,0.0,6222
15785,HIV,,,0.0,6223
15786,HIV,,,0.0,6224
15787,HIV,,,0.0,6224
15788,HIV,,,0.0,6224
15789,HIV,,,0.0,6224
15790,HIV,,,0.0,6225
15791,HIV,,,0.0,6226
15792,HIV,,,0.0,6227
15793,HIV,,,0.0,6228
15794,HIV,,,0.0,6229
15795,HIV,,,0.0,6229
15796,HIV,,,0.0,6229
15797,HIV,,,0.0,6229
15798,HIV,,,0.0,6229
15799,HIV,,,0.0,6229
15800,HIV,,,0.0,6229
15801,HIV,,,0.0,6229
15802,HIV,,,0.0,6229
15803,HIV,,,0.0,6229
15804,HIV,,,0.0,6229
15805,HIV,,,0.0,6230
15806,HIV,,,0.0,6230
15807,HIV,,,0.0,6230
15808,HIV,,,0.0,6231
15809,HIV,,,0.0,6232
15810,HIV,,,0.0,6233
15811,HIV,,,0.0,6234
15812,HIV,,,0.0,6235
15813,HIV,,,0.0,6236
15814,HIV,,,0.0,1729
15815,HIV,,,0.0,1016
15816,HIV,,,0.0,6237
15817,HIV,,,0.0,6237
15818,HIV,,,0.0,441
15819,HIV,,,0.0,441
15820,HIV,,,1.0,441
15821,HIV,,,1.0,441
15822,HIV,,,1.0,441
15823,HIV,,,1.0,13301
15824,HIV,,,0.0,335
15825,HIV,,,0.0,4851
15826,HIV,,,0.0,6238
15827,HIV,,,0.0,14106
15828,HIV,,,0.0,6239
15829,HIV,,,0.0,6239
15830,HIV,,,0.0,6240
15831,HIV,,,0.0,6241
15832,HIV,,,0.0,6241
15833,HIV,,,0.0,6242
15834,HIV,,,0.0,6242
15835,HIV,,,0.0,6243
15836,HIV,,,0.0,6244
15837,HIV,,,1.0,6892
15838,HIV,,,0.0,7356
15839,HIV,,,0.0,12533
15840,HIV,,,0.0,6245
15841,HIV,,,0.0,8877
15842,HIV,,,0.0,3968
15843,HIV,,,0.0,4065
15844,HIV,,,0.0,6246
15845,HIV,,,0.0,6246
15846,HIV,,,0.0,6246
15847,HIV,,,0.0,6247
15848,HIV,,,0.0,6248
15849,HIV,,,0.0,6248
15850,HIV,,,0.0,6249
15851,HIV,,,0.0,6250
15852,HIV,,,0.0,6251
15853,HIV,,,0.0,6252
15854,HIV,,,0.0,6253
15855,HIV,,,0.0,5533
15856,HIV,,,0.0,6254
15857,HIV,,,0.0,6255
15858,HIV,,,0.0,10746
15859,HIV,,,0.0,10746
15860,HIV,,,0.0,10746
15861,HIV,,,0.0,6256
15862,HIV,,,0.0,6257
15863,HIV,,,0.0,6258
15864,HIV,,,0.0,6259
15865,HIV,,,0.0,6260
15866,HIV,,,0.0,5230
15867,HIV,,,0.0,6260
15868,HIV,,,0.0,6261
15869,HIV,,,0.0,6260
15870,HIV,,,0.0,5230
15871,HIV,,,0.0,6262
15872,HIV,,,0.0,6263
15873,HIV,,,0.0,7356
15874,HIV,,,0.0,6264
15875,HIV,,,0.0,6265
15876,HIV,,,0.0,6266
15877,HIV,,,0.0,6267
15878,HIV,,,0.0,6268
15879,HIV,,,0.0,6268
15880,HIV,,,0.0,13328
15881,HIV,,,0.0,13859
15882,HIV,,,0.0,6269
15883,HIV,,,0.0,6270
15884,HIV,,,0.0,6271
15885,HIV,,,0.0,6272
15886,HIV,,,0.0,13859
15887,HIV,,,0.0,6273
15888,HIV,,,0.0,6274
15889,HIV,,,0.0,6275
15890,HIV,,,0.0,6388
15891,HIV,,,1.0,6276
15892,HIV,,,0.0,9548
15893,HIV,,,0.0,6277
15894,HIV,,,0.0,6278
15895,HIV,,,0.0,6279
15896,HIV,,,0.0,6279
15897,HIV,,,0.0,6280
15898,HIV,,,0.0,6280
15899,HIV,,,0.0,6279
15900,HIV,,,0.0,6281
15901,HIV,,,0.0,4749
15902,HIV,,,0.0,4749
15903,HIV,,,0.0,4749
15904,HIV,,,0.0,4749
15905,HIV,,,0.0,4749
15906,HIV,,,0.0,4749
15907,HIV,,,0.0,4749
15908,HIV,,,0.0,5966
15909,HIV,,,0.0,6282
15910,HIV,,,0.0,6283
15911,HIV,,,0.0,6284
15912,HIV,,,0.0,6285
15913,HIV,,,0.0,4749
15914,HIV,,,0.0,6301
15915,HIV,,,0.0,6286
15916,HIV,,,0.0,4749
15917,HIV,,,0.0,6801
15918,HIV,,,0.0,6287
15919,HIV,,,0.0,6806
15920,HIV,,,0.0,6288
15921,HIV,,,0.0,6299
15922,HIV,,,0.0,6289
15923,HIV,,,0.0,4749
15924,HIV,,,0.0,6290
15925,HIV,,,0.0,6291
15926,HIV,,,0.0,6295
15927,HIV,,,0.0,6292
15928,HIV,,,0.0,57
15929,HIV,,,0.0,4749
15930,HIV,,,0.0,6299
15931,HIV,,,0.0,6293
15932,HIV,,,0.0,6299
15933,HIV,,,0.0,5968
15934,HIV,,,0.0,5967
15935,HIV,,,0.0,4749
15936,HIV,,,0.0,6806
15937,HIV,,,0.0,4749
15938,HIV,,,0.0,6294
15939,HIV,,,0.0,6087
15940,HIV,,,0.0,6295
15941,HIV,,,0.0,5363
15942,HIV,,,0.0,5363
15943,HIV,,,0.0,6297
15944,HIV,,,0.0,5966
15945,HIV,,,0.0,6298
15946,HIV,,,0.0,5363
15947,HIV,,,0.0,5363
15948,HIV,,,0.0,6301
15949,HIV,,,0.0,6299
15950,HIV,,,0.0,6291
15951,HIV,,,0.0,5718
15952,HIV,,,0.0,6299
15953,HIV,,,0.0,6806
15954,HIV,,,0.0,6300
15955,HIV,,,0.0,6301
15956,HIV,,,0.0,13301
15957,HIV,,,1.0,13301
15958,HIV,,,0.0,6302
15959,HIV,,,0.0,6917
15960,HIV,,,0.0,6229
15961,HIV,,,0.0,6229
15962,HIV,,,0.0,6229
15963,HIV,,,0.0,6229
15964,HIV,,,0.0,6229
15965,HIV,,,0.0,10746
15966,HIV,,,0.0,10746
15967,HIV,,,0.0,10746
15968,HIV,,,0.0,6303
15969,HIV,,,0.0,6304
15970,HIV,,,0.0,6305
15971,HIV,,,0.0,6306
15972,HIV,,,0.0,6307
15973,HIV,,,0.0,6513
15974,HIV,,,0.0,6513
15975,HIV,,,0.0,6513
15976,HIV,,,0.0,6308
15977,HIV,,,0.0,6309
15978,HIV,,,0.0,6309
15979,HIV,,,0.0,6309
15980,HIV,,,0.0,6310
15981,HIV,,,0.0,3253
15982,HIV,,,0.0,2546
15983,HIV,,,0.0,6311
15984,HIV,,,0.0,2800
15985,HIV,,,0.0,2800
15986,HIV,,,0.0,2800
15987,HIV,,,0.0,6307
15988,HIV,,,0.0,6312
15989,HIV,,,0.0,6312
15990,HIV,,,0.0,6313
15991,HIV,,,0.0,6314
15992,HIV,,,0.0,6315
15993,HIV,,,0.0,6316
15994,HIV,,,0.0,6314
15995,HIV,,,0.0,6317
15996,HIV,,,0.0,6318
15997,HIV,,,0.0,6319
15998,HIV,,,0.0,6320
15999,HIV,,,0.0,7877
16000,HIV,,,0.0,6321
16001,HIV,,,0.0,5363
16002,HIV,,,0.0,6322
16003,HIV,,,0.0,6323
16004,HIV,,,0.0,6324
16005,HIV,,,0.0,6325
16006,HIV,,,0.0,8852
16007,HIV,,,0.0,6326
16008,HIV,,,0.0,6327
16009,HIV,,,0.0,6328
16010,HIV,,,0.0,6329
16011,HIV,,,0.0,5363
16012,HIV,,,0.0,6331
16013,HIV,,,0.0,6330
16014,HIV,,,0.0,6331
16015,HIV,,,0.0,6331
16016,HIV,,,0.0,6334
16017,HIV,,,0.0,5165
16018,HIV,,,0.0,6335
16019,HIV,,,0.0,6332
16020,HIV,,,0.0,6333
16021,HIV,,,0.0,6334
16022,HIV,,,0.0,6335
16023,HIV,,,0.0,6336
16024,HIV,,,0.0,6337
16025,HIV,,,0.0,6338
16026,HIV,,,0.0,6339
16027,HIV,,,0.0,6340
16028,HIV,,,0.0,6341
16029,HIV,,,0.0,6341
16030,HIV,,,0.0,6341
16031,HIV,,,0.0,6341
16032,HIV,,,0.0,6342
16033,HIV,,,0.0,6343
16034,HIV,,,0.0,6344
16035,HIV,,,0.0,6344
16036,HIV,,,0.0,6341
16037,HIV,,,0.0,6345
16038,HIV,,,0.0,6345
16039,HIV,,,0.0,6341
16040,HIV,,,0.0,6341
16041,HIV,,,0.0,6341
16042,HIV,,,0.0,6341
16043,HIV,,,0.0,6341
16044,HIV,,,0.0,6346
16045,HIV,,,0.0,6348
16046,HIV,,,0.0,6341
16047,HIV,,,0.0,6347
16048,HIV,,,0.0,6348
16049,HIV,,,0.0,6349
16050,HIV,,,0.0,6350
16051,HIV,,,0.0,6351
16052,HIV,,,0.0,6352
16053,HIV,,,0.0,6353
16054,HIV,,,0.0,6352
16055,HIV,,,0.0,1422
16056,HIV,,,0.0,6354
16057,HIV,,,0.0,6355
16058,HIV,,,0.0,6355
16059,HIV,,,0.0,6356
16060,HIV,,,0.0,6357
16061,HIV,,,0.0,3253
16062,HIV,,,0.0,2527
16063,HIV,,,0.0,6358
16064,HIV,,,0.0,6359
16065,HIV,,,0.0,2942
16066,HIV,,,0.0,6360
16067,HIV,,,0.0,6174
16068,HIV,,,0.0,7356
16069,HIV,,,0.0,5363
16070,HIV,,,0.0,6361
16071,HIV,,,0.0,9512
16072,HIV,,,0.0,5363
16073,HIV,,,0.0,7576
16074,HIV,,,0.0,6362
16075,HIV,,,0.0,12684
16076,HIV,,,0.0,6363
16077,HIV,,,0.0,6364
16078,HIV,,,0.0,6365
16079,HIV,,,0.0,6365
16080,HIV,,,0.0,12533
16081,HIV,,,0.0,6366
16082,HIV,,,0.0,6367
16083,HIV,,,0.0,6368
16084,HIV,,,0.0,6369
16085,HIV,,,0.0,6370
16086,HIV,,,0.0,6371
16087,HIV,,,0.0,6372
16088,HIV,,,0.0,7356
16089,HIV,,,0.0,13609
16090,HIV,,,0.0,13609
16091,HIV,,,0.0,13609
16092,HIV,,,0.0,13609
16093,HIV,,,0.0,13609
16094,HIV,,,0.0,6373
16095,HIV,,,0.0,6991
16096,HIV,,,0.0,6374
16097,HIV,,,0.0,6375
16098,HIV,,,0.0,6376
16099,HIV,,,0.0,6377
16100,HIV,,,0.0,6378
16101,HIV,,,0.0,6279
16102,HIV,,,0.0,6270
16103,HIV,,,0.0,13859
16104,HIV,,,0.0,13859
16105,HIV,,,0.0,7356
16106,HIV,,,0.0,7356
16107,HIV,,,0.0,7356
16108,HIV,,,0.0,6379
16109,HIV,,,0.0,6380
16110,HIV,,,0.0,6380
16111,HIV,,,0.0,6380
16112,HIV,,,0.0,6380
16113,HIV,,,0.0,6381
16114,HIV,,,0.0,6382
16115,HIV,,,0.0,7576
16116,HIV,,,0.0,8959
16117,HIV,,,0.0,13609
16118,HIV,,,0.0,6178
16119,HIV,,,0.0,871
16120,HIV,,,0.0,8959
16121,HIV,,,0.0,8959
16122,HIV,,,0.0,8959
16123,HIV,,,0.0,6383
16124,HIV,,,0.0,6384
16125,HIV,,,0.0,6385
16126,HIV,,,0.0,6386
16127,HIV,,,0.0,6387
16128,HIV,,,0.0,6388
16129,HIV,,,0.0,6388
16130,HIV,,,0.0,6388
16131,HIV,,,0.0,6389
16132,HIV,,,0.0,8242
16133,HIV,,,0.0,6390
16134,HIV,,,0.0,6391
16135,HIV,,,0.0,6392
16136,HIV,,,0.0,6393
16137,HIV,,,0.0,5992
16138,HIV,,,0.0,12633
16139,HIV,,,0.0,6394
16140,HIV,,,0.0,5992
16141,HIV,,,0.0,6395
16142,HIV,,,0.0,6396
16143,HIV,,,0.0,6397
16144,HIV,,,0.0,6398
16145,HIV,,,0.0,6399
16146,HIV,,,0.0,6400
16147,HIV,,,0.0,6348
16148,HIV,,,0.0,6401
16149,HIV,,,0.0,6401
16150,HIV,,,0.0,6402
16151,HIV,,,0.0,6341
16152,HIV,,,0.0,6403
16153,HIV,,,0.0,6404
16154,HIV,,,0.0,6405
16155,HIV,,,0.0,6406
16156,HIV,,,0.0,6406
16157,HIV,,,0.0,6408
16158,HIV,,,0.0,6407
16159,HIV,,,0.0,6408
16160,HIV,,,0.0,11358
16161,HIV,,,0.0,6409
16162,HIV,,,0.0,10633
16163,HIV,,,0.0,6087
16164,HIV,,,0.0,4670
16165,HIV,,,0.0,6410
16166,HIV,,,0.0,6411
16167,HIV,,,0.0,6616
16168,HIV,,,0.0,6412
16169,HIV,,,0.0,6616
16170,HIV,,,0.0,6413
16171,HIV,,,0.0,6410
16172,HIV,,,0.0,6410
16173,HIV,,,0.0,6410
16174,HIV,,,0.0,6410
16175,HIV,,,0.0,6616
16176,HIV,,,0.0,6410
16177,HIV,,,0.0,6413
16178,HIV,,,0.0,6413
16179,HIV,,,0.0,10633
16180,HIV,,,0.0,6412
16181,HIV,,,0.0,6410
16182,HIV,,,0.0,4670
16183,HIV,,,0.0,6411
16184,HIV,,,0.0,6410
16185,HIV,,,0.0,6410
16186,HIV,,,0.0,6410
16187,HIV,,,0.0,6087
16188,HIV,,,0.0,10633
16189,HIV,,,0.0,6410
16190,HIV,,,0.0,6616
16191,HIV,,,0.0,6414
16192,HIV,,,0.0,1016
16193,HIV,,,1.0,7591
16194,HIV,,,0.0,7591
16195,HIV,,,0.0,7591
16196,HIV,,,1.0,6415
16197,HIV,,,0.0,11202
16198,HIV,,,0.0,11202
16199,HIV,,,0.0,7356
16200,HIV,,,0.0,7356
16201,HIV,,,0.0,6416
16202,HIV,,,0.0,6417
16203,HIV,,,0.0,6418
16204,HIV,,,0.0,6419
16205,HIV,,,0.0,6420
16206,HIV,,,0.0,5363
16207,HIV,,,0.0,4672
16208,HIV,,,0.0,5363
16209,HIV,,,0.0,6087
16210,HIV,,,0.0,5363
16211,HIV,,,0.0,6087
16212,HIV,,,0.0,6421
16213,HIV,,,0.0,4672
16214,HIV,,,0.0,6422
16215,HIV,,,0.0,11406
16216,HIV,,,0.0,6423
16217,HIV,,,0.0,4749
16218,HIV,,,0.0,4749
16219,HIV,,,0.0,4749
16220,HIV,,,0.0,285
16221,HIV,,,0.0,2473
16222,HIV,,,0.0,6423
16223,HIV,,,0.0,4749
16224,HIV,,,0.0,4749
16225,HIV,,,0.0,6424
16226,HIV,,,0.0,6425
16227,HIV,,,0.0,6426
16228,HIV,,,0.0,6427
16229,HIV,,,0.0,6428
16230,HIV,,,0.0,6423
16231,HIV,,,0.0,5165
16232,HIV,,,0.0,1016
16233,HIV,,,0.0,4736
16234,HIV,,,0.0,4736
16235,HIV,,,0.0,6429
16236,HIV,,,0.0,11406
16237,HIV,,,0.0,11406
16238,HIV,,,0.0,11406
16239,HIV,,,0.0,6558
16240,HIV,,,0.0,11406
16241,HIV,,,0.0,6430
16242,HIV,,,0.0,6431
16243,HIV,,,0.0,5165
16244,HIV,,,0.0,6432
16245,HIV,,,0.0,12533
16246,HIV,,,0.0,12529
16247,HIV,,,0.0,7604
16248,HIV,,,0.0,7604
16249,HIV,,,0.0,6433
16250,HIV,,,0.0,6433
16251,HIV,,,0.0,6434
16252,HIV,,,0.0,5363
16253,HIV,,,0.0,5597
16254,HIV,,,0.0,6435
16255,HIV,,,0.0,5
16256,HIV,,,0.0,5
16257,HIV,,,0.0,6437
16258,HIV,,,0.0,6438
16259,HIV,,,0.0,7611
16260,HIV,,,0.0,6439
16261,HIV,,,0.0,6440
16262,HIV,,,0.0,5747
16263,HIV,,,0.0,6441
16264,HIV,,,0.0,6442
16265,HIV,,,0.0,6443
16266,HIV,,,0.0,6444
16267,HIV,,,0.0,6445
16268,HIV,,,0.0,6446
16269,HIV,,,0.0,6447
16270,HIV,,,0.0,6448
16271,HIV,,,0.0,6449
16272,HIV,,,0.0,6450
16273,HIV,,,0.0,6451
16274,HIV,,,0.0,6452
16275,HIV,,,0.0,6453
16276,HIV,,,0.0,6454
16277,HIV,,,0.0,8959
16278,HIV,,,0.0,6455
16279,HIV,,,0.0,6456
16280,HIV,,,0.0,6457
16281,HIV,,,0.0,6458
16282,HIV,,,0.0,6459
16283,HIV,,,0.0,6460
16284,HIV,,,0.0,5992
16285,HIV,,,1.0,6461
16286,HIV,,,0.0,6462
16287,HIV,,,0.0,5363
16288,HIV,,,0.0,5363
16289,HIV,,,0.0,6433
16290,HIV,,,0.0,10129
16291,HIV,,,0.0,11662
16292,HIV,,,0.0,11662
16293,HIV,,,0.0,6463
16294,HIV,,,0.0,6464
16295,HIV,,,0.0,6465
16296,HIV,,,0.0,6466
16297,HIV,,,0.0,6467
16298,HIV,,,0.0,7611
16299,HIV,,,0.0,6468
16300,HIV,,,0.0,5718
16301,HIV,,,0.0,13419
16302,HIV,,,0.0,6469
16303,HIV,,,0.0,6470
16304,HIV,,,0.0,6471
16305,HIV,,,0.0,6471
16306,HIV,,,0.0,6470
16307,HIV,,,0.0,6471
16308,HIV,,,0.0,6472
16309,HIV,,,0.0,6471
16310,HIV,,,0.0,12002
16311,HIV,,,0.0,6473
16312,HIV,,,0.0,5350
16313,HIV,,,0.0,5350
16314,HIV,,,0.0,6474
16315,HIV,,,0.0,6475
16316,HIV,,,0.0,6475
16317,HIV,,,0.0,6475
16318,HIV,,,0.0,6475
16319,HIV,,,0.0,7604
16320,HIV,,,0.0,1016
16321,HIV,,,0.0,6476
16322,HIV,,,0.0,6476
16323,HIV,,,0.0,6476
16324,HIV,,,0.0,6476
16325,HIV,,,0.0,6477
16326,HIV,,,0.0,6477
16327,HIV,,,0.0,6477
16328,HIV,,,0.0,6477
16329,HIV,,,0.0,8680
16330,HIV,,,0.0,5501
16331,HIV,,,0.0,6478
16332,HIV,,,0.0,6479
16333,HIV,,,0.0,1729
16334,HIV,,,0.0,6480
16335,HIV,,,0.0,6430
16336,HIV,,,0.0,6583
16337,HIV,,,0.0,6430
16338,HIV,,,0.0,6481
16339,HIV,,,0.0,11406
16340,HIV,,,0.0,5143
16341,HIV,,,0.0,5165
16342,HIV,,,0.0,4749
16343,HIV,,,0.0,5165
16344,HIV,,,0.0,5165
16345,HIV,,,0.0,6301
16346,HIV,,,0.0,7576
16347,HIV,,,0.0,5165
16348,HIV,,,0.0,4749
16349,HIV,,,0.0,6482
16350,HIV,,,0.0,6482
16351,HIV,,,0.0,6558
16352,HIV,,,0.0,6483
16353,HIV,,,0.0,7337
16354,HIV,,,0.0,6801
16355,HIV,,,0.0,5821
16356,HIV,,,0.0,11406
16357,HIV,,,0.0,11406
16358,HIV,,,0.0,6484
16359,HIV,,,0.0,6485
16360,HIV,,,0.0,5821
16361,HIV,,,0.0,6296
16362,HIV,,,0.0,11406
16363,HIV,,,0.0,5363
16364,HIV,,,0.0,6489
16365,HIV,,,0.0,6486
16366,HIV,,,0.0,5821
16367,HIV,,,0.0,5363
16368,HIV,,,0.0,5363
16369,HIV,,,0.0,6487
16370,HIV,,,0.0,6488
16371,HIV,,,0.0,6489
16372,HIV,,,0.0,5821
16373,HIV,,,0.0,6489
16374,HIV,,,0.0,11406
16375,HIV,,,0.0,6296
16376,HIV,,,0.0,6490
16377,HIV,,,0.0,335
16378,HIV,,,0.0,5501
16379,HIV,,,1.0,13301
16380,HIV,,,1.0,13301
16381,HIV,,,0.0,10412
16382,HIV,,,0.0,10881
16383,HIV,,,0.0,10412
16384,HIV,,,0.0,6491
16385,HIV,,,0.0,1280
16386,HIV,,,0.0,1280
16387,HIV,,,0.0,1280
16388,HIV,,,0.0,1280
16389,HIV,,,0.0,8392
16390,HIV,,,0.0,6491
16391,HIV,,,0.0,10412
16392,HIV,,,0.0,10412
16393,HIV,,,0.0,1280
16394,HIV,,,0.0,10412
16395,HIV,,,0.0,2800
16396,HIV,,,0.0,1280
16397,HIV,,,0.0,1280
16398,HIV,,,0.0,45
16399,HIV,,,0.0,45
16400,HIV,,,1.0,45
16401,HIV,,,0.0,45
16402,HIV,,,0.0,45
16403,HIV,,,0.0,6492
16404,HIV,,,0.0,6493
16405,HIV,,,0.0,6493
16406,HIV,,,0.0,6494
16407,HIV,,,0.0,6495
16408,HIV,,,0.0,6496
16409,HIV,,,0.0,6497
16410,HIV,,,0.0,6498
16411,HIV,,,0.0,6499
16412,HIV,,,0.0,6500
16413,HIV,,,0.0,9512
16414,HIV,,,0.0,11543
16415,HIV,,,0.0,2546
16416,HIV,,,1.0,434
16417,HIV,,,1.0,434
16418,HIV,,,1.0,434
16419,HIV,,,1.0,434
16420,HIV,,,1.0,434
16421,HIV,,,1.0,434
16422,HIV,,,1.0,434
16423,HIV,,,1.0,434
16424,HIV,,,1.0,434
16425,HIV,,,1.0,434
16426,HIV,,,1.0,434
16427,HIV,,,0.0,3279
16428,HIV,,,0.0,3279
16429,HIV,,,0.0,3279
16430,HIV,,,0.0,3279
16431,HIV,,,0.0,7634
16432,HIV,,,0.0,7634
16433,HIV,,,0.0,7634
16434,HIV,,,0.0,7634
16435,HIV,,,0.0,7634
16436,HIV,,,0.0,6501
16437,HIV,,,0.0,6502
16438,HIV,,,0.0,6502
16439,HIV,,,0.0,6501
16440,HIV,,,0.0,6503
16441,HIV,,,0.0,6503
16442,HIV,,,0.0,6113
16443,HIV,,,0.0,6504
16444,HIV,,,0.0,36
16445,HIV,,,0.0,9328
16446,HIV,,,0.0,6505
16447,HIV,,,0.0,6505
16448,HIV,,,0.0,6704
16449,HIV,,,0.0,5785
16450,HIV,,,0.0,4662
16451,HIV,,,0.0,6506
16452,HIV,,,0.0,36
16453,HIV,,,0.0,6507
16454,HIV,,,0.0,8959
16455,HIV,,,0.0,36
16456,HIV,,,0.0,36
16457,HIV,,,0.0,10400
16458,HIV,,,0.0,10400
16459,HIV,,,0.0,10400
16460,HIV,,,0.0,10400
16461,HIV,,,0.0,36
16462,HIV,,,0.0,6508
16463,HIV,,,0.0,1016
16464,HIV,,,0.0,1016
16465,HIV,,,0.0,205
16466,HIV,,,0.0,205
16467,HIV,,,0.0,205
16468,HIV,,,0.0,205
16469,HIV,,,0.0,205
16470,HIV,,,0.0,205
16471,HIV,,,0.0,205
16472,HIV,,,0.0,205
16473,HIV,,,0.0,205
16474,HIV,,,0.0,205
16475,HIV,,,0.0,205
16476,HIV,,,0.0,205
16477,HIV,,,0.0,3279
16478,HIV,,,0.0,205
16479,HIV,,,0.0,6509
16480,HIV,,,0.0,6509
16481,HIV,,,0.0,6509
16482,HIV,,,0.0,6513
16483,HIV,,,0.0,6513
16484,HIV,,,0.0,6513
16485,HIV,,,0.0,6510
16486,HIV,,,0.0,6510
16487,HIV,,,0.0,6510
16488,HIV,,,0.0,6510
16489,HIV,,,0.0,6510
16490,HIV,,,0.0,3759
16491,HIV,,,0.0,3759
16492,HIV,,,0.0,343
16493,HIV,,,0.0,1016
16494,HIV,,,0.0,6511
16495,HIV,,,0.0,6512
16496,HIV,,,0.0,6513
16497,HIV,,,0.0,6514
16498,HIV,,,0.0,6515
16499,HIV,,,0.0,6515
16500,HIV,,,0.0,6516
16501,HIV,,,0.0,6564
16502,HIV,,,0.0,11406
16503,HIV,,,0.0,6517
16504,HIV,,,0.0,11406
16505,HIV,,,0.0,1344
16506,HIV,,,0.0,3279
16507,HIV,,,0.0,4749
16508,HIV,,,0.0,4749
16509,HIV,,,0.0,4749
16510,HIV,,,0.0,4749
16511,HIV,,,0.0,6249
16512,HIV,,,0.0,6518
16513,HIV,,,0.0,6518
16514,HIV,,,0.0,6518
16515,HIV,,,0.0,6518
16516,HIV,,,0.0,6519
16517,HIV,,,0.0,6518
16518,HIV,,,0.0,6520
16519,HIV,,,0.0,6518
16520,HIV,,,0.0,6518
16521,HIV,,,0.0,6521
16522,HIV,,,0.0,6522
16523,HIV,,,0.0,6522
16524,HIV,,,0.0,6522
16525,HIV,,,0.0,6523
16526,HIV,,,0.0,6524
16527,HIV,,,0.0,6525
16528,HIV,,,0.0,6526
16529,HIV,,,0.0,6527
16530,HIV,,,0.0,6513
16531,HIV,,,0.0,6528
16532,HIV,,,0.0,6529
16533,HIV,,,0.0,6528
16534,HIV,,,0.0,5597
16535,HIV,,,0.0,5597
16536,HIV,,,0.0,5597
16537,HIV,,,0.0,5597
16538,HIV,,,0.0,6530
16539,HIV,,,0.0,6531
16540,HIV,,,0.0,6532
16541,HIV,,,0.0,5597
16542,HIV,,,0.0,5597
16543,HIV,,,0.0,6564
16544,HIV,,,0.0,6533
16545,HIV,,,1.0,335
16546,HIV,,,0.0,6534
16547,HIV,,,0.0,6535
16548,HIV,,,0.0,6535
16549,HIV,,,0.0,6536
16550,HIV,,,0.0,6537
16551,HIV,,,0.0,6538
16552,HIV,,,0.0,6539
16553,HIV,,,0.0,6540
16554,HIV,,,0.0,6314
16555,HIV,,,0.0,6541
16556,HIV,,,0.0,6542
16557,HIV,,,0.0,6543
16558,HIV,,,0.0,11353
16559,HIV,,,0.0,6544
16560,HIV,,,0.0,6228
16561,HIV,,,0.0,6545
16562,HIV,,,0.0,6545
16563,HIV,,,0.0,9512
16564,HIV,,,0.0,9512
16565,HIV,,,0.0,13301
16566,HIV,,,0.0,6546
16567,HIV,,,0.0,6547
16568,HIV,,,0.0,6548
16569,HIV,,,0.0,6549
16570,HIV,,,0.0,6550
16571,HIV,,,0.0,6551
16572,HIV,,,0.0,6552
16573,HIV,,,0.0,6553
16574,HIV,,,0.0,14111
16575,HIV,,,0.0,6554
16576,HIV,,,0.0,6561
16577,HIV,,,0.0,6554
16578,HIV,,,0.0,6555
16579,HIV,,,0.0,6558
16580,HIV,,,0.0,6556
16581,HIV,,,0.0,6557
16582,HIV,,,0.0,5363
16583,HIV,,,0.0,5363
16584,HIV,,,0.0,1016
16585,HIV,,,0.0,6558
16586,HIV,,,0.0,7411
16587,HIV,,,0.0,6296
16588,HIV,,,0.0,6558
16589,HIV,,,0.0,5151
16590,HIV,,,0.0,11406
16591,HIV,,,0.0,6558
16592,HIV,,,0.0,6559
16593,HIV,,,0.0,6572
16594,HIV,,,0.0,6560
16595,HIV,,,0.0,1016
16596,HIV,,,0.0,6576
16597,HIV,,,0.0,6430
16598,HIV,,,0.0,6561
16599,HIV,,,1.0,6562
16600,HIV,,,1.0,6562
16601,HIV,,,0.0,6430
16602,HIV,,,0.0,6563
16603,HIV,,,0.0,5363
16604,HIV,,,0.0,6564
16605,HIV,,,0.0,6565
16606,HIV,,,0.0,6565
16607,HIV,,,0.0,6565
16608,HIV,,,0.0,5424
16609,HIV,,,0.0,6565
16610,HIV,,,0.0,6565
16611,HIV,,,0.0,6565
16612,HIV,,,0.0,5424
16613,HIV,,,0.0,5424
16614,HIV,,,0.0,7356
16615,HIV,,,0.0,7745
16616,HIV,,,0.0,2355
16617,HIV,,,0.0,2355
16618,HIV,,,0.0,10746
16619,HIV,,,0.0,5597
16620,HIV,,,0.0,6566
16621,HIV,,,0.0,6567
16622,HIV,,,0.0,6567
16623,HIV,,,0.0,6568
16624,HIV,,,0.0,6801
16625,HIV,,,0.0,6801
16626,HIV,,,0.0,6568
16627,HIV,,,0.0,6569
16628,HIV,,,0.0,6568
16629,HIV,,,0.0,11796
16630,HIV,,,0.0,11069
16631,HIV,,,0.0,11069
16632,HIV,,,0.0,11069
16633,HIV,,,0.0,5
16634,HIV,,,0.0,5
16635,HIV,,,0.0,5
16636,HIV,,,0.0,5
16637,HIV,,,0.0,5992
16638,HIV,,,0.0,5992
16639,HIV,,,0.0,5992
16640,HIV,,,0.0,6801
16641,HIV,,,0.0,5992
16642,HIV,,,0.0,5992
16643,HIV,,,0.0,5992
16644,HIV,,,0.0,5992
16645,HIV,,,0.0,6801
16646,HIV,,,0.0,5992
16647,HIV,,,0.0,6801
16648,HIV,,,0.0,6801
16649,HIV,,,0.0,6801
16650,HIV,,,0.0,6801
16651,HIV,,,0.0,6801
16652,HIV,,,0.0,6801
16653,HIV,,,0.0,6801
16654,HIV,,,0.0,6801
16655,HIV,,,0.0,6801
16656,HIV,,,0.0,6801
16657,HIV,,,0.0,6801
16658,HIV,,,0.0,6801
16659,HIV,,,0.0,6801
16660,HIV,,,0.0,6801
16661,HIV,,,0.0,6801
16662,HIV,,,0.0,6801
16663,HIV,,,0.0,6801
16664,HIV,,,0.0,6801
16665,HIV,,,0.0,6801
16666,HIV,,,0.0,6801
16667,HIV,,,0.0,6801
16668,HIV,,,0.0,6801
16669,HIV,,,0.0,6801
16670,HIV,,,0.0,6801
16671,HIV,,,0.0,6801
16672,HIV,,,0.0,6801
16673,HIV,,,0.0,6801
16674,HIV,,,0.0,6801
16675,HIV,,,0.0,6801
16676,HIV,,,0.0,6801
16677,HIV,,,0.0,6801
16678,HIV,,,0.0,6801
16679,HIV,,,0.0,5
16680,HIV,,,0.0,5
16681,HIV,,,0.0,6801
16682,HIV,,,0.0,5
16683,HIV,,,0.0,5
16684,HIV,,,0.0,5
16685,HIV,,,0.0,6801
16686,HIV,,,0.0,5
16687,HIV,,,0.0,5
16688,HIV,,,0.0,6574
16689,HIV,,,0.0,6574
16690,HIV,,,0.0,6296
16691,HIV,,,0.0,6574
16692,HIV,,,0.0,6570
16693,HIV,,,0.0,6571
16694,HIV,,,0.0,6574
16695,HIV,,,0.0,6574
16696,HIV,,,0.0,10400
16697,HIV,,,0.0,6570
16698,HIV,,,0.0,6574
16699,HIV,,,0.0,11406
16700,HIV,,,0.0,11406
16701,HIV,,,0.0,6572
16702,HIV,,,0.0,6572
16703,HIV,,,0.0,6573
16704,HIV,,,0.0,6574
16705,HIV,,,0.0,6574
16706,HIV,,,0.0,6575
16707,HIV,,,0.0,6583
16708,HIV,,,0.0,98
16709,HIV,,,0.0,6574
16710,HIV,,,0.0,6572
16711,HIV,,,0.0,6572
16712,HIV,,,0.0,6576
16713,HIV,,,0.0,6577
16714,HIV,,,0.0,6578
16715,HIV,,,0.0,6571
16716,HIV,,,0.0,6576
16717,HIV,,,0.0,6576
16718,HIV,,,0.0,6579
16719,HIV,,,0.0,6571
16720,HIV,,,0.0,6583
16721,HIV,,,0.0,6583
16722,HIV,,,0.0,6580
16723,HIV,,,0.0,6583
16724,HIV,,,0.0,6583
16725,HIV,,,0.0,6583
16726,HIV,,,0.0,6583
16727,HIV,,,0.0,6583
16728,HIV,,,0.0,6583
16729,HIV,,,0.0,6574
16730,HIV,,,0.0,6583
16731,HIV,,,0.0,6581
16732,HIV,,,0.0,6574
16733,HIV,,,0.0,6582
16734,HIV,,,0.0,6582
16735,HIV,,,0.0,6583
16736,HIV,,,0.0,6583
16737,HIV,,,0.0,6430
16738,HIV,,,0.0,6583
16739,HIV,,,0.0,6570
16740,HIV,,,0.0,6583
16741,HIV,,,0.0,6583
16742,HIV,,,0.0,6583
16743,HIV,,,0.0,6583
16744,HIV,,,0.0,6571
16745,HIV,,,0.0,6584
16746,HIV,,,0.0,6583
16747,HIV,,,0.0,6571
16748,HIV,,,0.0,7576
16749,HIV,,,0.0,6574
16750,HIV,,,0.0,6585
16751,HIV,,,0.0,6576
16752,HIV,,,0.0,6430
16753,HIV,,,0.0,6554
16754,HIV,,,0.0,1016
16755,HIV,,,0.0,6574
16756,HIV,,,0.0,5363
16757,HIV,,,0.0,6574
16758,HIV,,,0.0,6583
16759,HIV,,,0.0,6583
16760,HIV,,,0.0,6574
16761,HIV,,,0.0,6586
16762,HIV,,,0.0,6087
16763,HIV,,,0.0,6586
16764,HIV,,,0.0,5
16765,HIV,,,0.0,6573
16766,HIV,,,0.0,6579
16767,HIV,,,0.0,5363
16768,HIV,,,0.0,6558
16769,HIV,,,0.0,6801
16770,HIV,,,0.0,6587
16771,HIV,,,0.0,5363
16772,HIV,,,0.0,5363
16773,HIV,,,0.0,6574
16774,HIV,,,0.0,6801
16775,HIV,,,0.0,6558
16776,HIV,,,0.0,5363
16777,HIV,,,0.0,6574
16778,HIV,,,0.0,6574
16779,HIV,,,0.0,6574
16780,HIV,,,0.0,6571
16781,HIV,,,0.0,6583
16782,HIV,,,0.0,6574
16783,HIV,,,0.0,5
16784,HIV,,,0.0,6588
16785,HIV,,,0.0,6574
16786,HIV,,,0.0,6574
16787,HIV,,,0.0,6583
16788,HIV,,,0.0,12533
16789,HIV,,,0.0,7604
16790,HIV,,,0.0,7604
16791,HIV,,,0.0,6433
16792,HIV,,,0.0,6433
16793,HIV,,,0.0,6589
16794,HIV,,,0.0,5747
16795,HIV,,,0.0,5747
16796,HIV,,,0.0,5165
16797,HIV,,,0.0,10757
16798,HIV,,,0.0,6590
16799,HIV,,,0.0,6590
16800,HIV,,,0.0,11406
16801,HIV,,,0.0,6558
16802,HIV,,,0.0,6591
16803,HIV,,,0.0,4735
16804,HIV,,,0.0,11406
16805,HIV,,,0.0,6558
16806,HIV,,,0.0,6558
16807,HIV,,,0.0,11406
16808,HIV,,,0.0,6592
16809,HIV,,,0.0,11406
16810,HIV,,,0.0,6593
16811,HIV,,,0.0,6594
16812,HIV,,,0.0,6595
16813,HIV,,,0.0,6296
16814,HIV,,,0.0,11406
16815,HIV,,,0.0,6488
16816,HIV,,,0.0,5821
16817,HIV,,,0.0,5146
16818,HIV,,,0.0,6596
16819,HIV,,,0.0,11406
16820,HIV,,,0.0,6597
16821,HIV,,,0.0,6296
16822,HIV,,,0.0,5821
16823,HIV,,,0.0,6598
16824,HIV,,,0.0,6599
16825,HIV,,,0.0,5821
16826,HIV,,,0.0,11406
16827,HIV,,,0.0,5821
16828,HIV,,,0.0,11406
16829,HIV,,,0.0,5363
16830,HIV,,,0.0,6650
16831,HIV,,,0.0,5363
16832,HIV,,,0.0,6600
16833,HIV,,,0.0,5146
16834,HIV,,,0.0,6601
16835,HIV,,,0.0,6296
16836,HIV,,,0.0,3279
16837,HIV,,,0.0,6602
16838,HIV,,,0.0,6603
16839,HIV,,,0.0,6604
16840,HIV,,,0.0,10746
16841,HIV,,,0.0,10746
16842,HIV,,,0.0,7591
16843,HIV,,,0.0,6087
16844,HIV,,,0.0,11406
16845,HIV,,,0.0,11406
16846,HIV,,,0.0,5597
16847,HIV,,,0.0,11406
16848,HIV,,,0.0,98
16849,HIV,,,0.0,6605
16850,HIV,,,0.0,6606
16851,HIV,,,0.0,6607
16852,HIV,,,0.0,6892
16853,HIV,,,0.0,5501
16854,HIV,,,0.0,7337
16855,HIV,,,0.0,5440
16856,HIV,,,0.0,6608
16857,HIV,,,0.0,6608
16858,HIV,,,0.0,6608
16859,HIV,,,0.0,6608
16860,HIV,,,0.0,6608
16861,HIV,,,0.0,6609
16862,HIV,,,0.0,6609
16863,HIV,,,0.0,6608
16864,HIV,,,0.0,6608
16865,HIV,,,0.0,6609
16866,HIV,,,0.0,6609
16867,HIV,,,0.0,6608
16868,HIV,,,0.0,5363
16869,HIV,,,0.0,3279
16870,HIV,,,0.0,6610
16871,HIV,,,0.0,3279
16872,HIV,,,0.0,3279
16873,HIV,,,0.0,820
16874,HIV,,,0.0,820
16875,HIV,,,0.0,6304
16876,HIV,,,0.0,12557
16877,HIV,,,0.0,6611
16878,HIV,,,0.0,434
16879,HIV,,,0.0,1016
16880,HIV,,,0.0,6641
16881,HIV,,,0.0,7337
16882,HIV,,,0.0,9175
16883,HIV,,,0.0,6614
16884,HIV,,,0.0,6614
16885,HIV,,,0.0,5718
16886,HIV,,,0.0,9175
16887,HIV,,,0.0,9175
16888,HIV,,,0.0,6612
16889,HIV,,,0.0,6711
16890,HIV,,,0.0,6711
16891,HIV,,,0.0,6613
16892,HIV,,,0.0,6614
16893,HIV,,,0.0,6615
16894,HIV,,,0.0,10633
16895,HIV,,,0.0,6616
16896,HIV,,,0.0,285
16897,HIV,,,0.0,6482
16898,HIV,,,0.0,4749
16899,HIV,,,0.0,6296
16900,HIV,,,0.0,6616
16901,HIV,,,0.0,6616
16902,HIV,,,0.0,6616
16903,HIV,,,0.0,6617
16904,HIV,,,0.0,6618
16905,HIV,,,0.0,6618
16906,HIV,,,0.0,6618
16907,HIV,,,0.0,6618
16908,HIV,,,0.0,6619
16909,HIV,,,0.0,6620
16910,HIV,,,0.0,6621
16911,HIV,,,0.0,6622
16912,HIV,,,0.0,6622
16913,HIV,,,0.0,6623
16914,HIV,,,0.0,6624
16915,HIV,,,0.0,6625
16916,HIV,,,0.0,6626
16917,HIV,,,0.0,6627
16918,HIV,,,0.0,6628
16919,HIV,,,0.0,441
16920,HIV,,,0.0,5165
16921,HIV,,,0.0,5165
16922,HIV,,,0.0,5165
16923,HIV,,,0.0,5165
16924,HIV,,,0.0,6629
16925,HIV,,,0.0,5165
16926,HIV,,,0.0,6630
16927,HIV,,,0.0,5165
16928,HIV,,,0.0,5165
16929,HIV,,,0.0,5165
16930,HIV,,,0.0,5165
16931,HIV,,,0.0,5165
16932,HIV,,,0.0,5165
16933,HIV,,,0.0,11406
16934,HIV,,,0.0,6631
16935,HIV,,,0.0,6632
16936,HIV,,,0.0,6633
16937,HIV,,,0.0,5
16938,HIV,,,0.0,6050
16939,HIV,,,0.0,6637
16940,HIV,,,0.0,6637
16941,HIV,,,0.0,6634
16942,HIV,,,0.0,6635
16943,HIV,,,0.0,6636
16944,HIV,,,0.0,6715
16945,HIV,,,0.0,6637
16946,HIV,,,0.0,6638
16947,HIV,,,0.0,6639
16948,HIV,,,0.0,7356
16949,HIV,,,0.0,6640
16950,HIV,,,0.0,6614
16951,HIV,,,0.0,6641
16952,HIV,,,0.0,6642
16953,HIV,,,0.0,6643
16954,HIV,,,1.0,6644
16955,HIV,,,0.0,6645
16956,HIV,,,0.0,6301
16957,HIV,,,0.0,4749
16958,HIV,,,0.0,6296
16959,HIV,,,0.0,6647
16960,HIV,,,0.0,6646
16961,HIV,,,0.0,6647
16962,HIV,,,0.0,6648
16963,HIV,,,0.0,6649
16964,HIV,,,0.0,6559
16965,HIV,,,0.0,6296
16966,HIV,,,0.0,11406
16967,HIV,,,0.0,6296
16968,HIV,,,0.0,6296
16969,HIV,,,0.0,6296
16970,HIV,,,0.0,6296
16971,HIV,,,0.0,4555
16972,HIV,,,0.0,6650
16973,HIV,,,0.0,6296
16974,HIV,,,0.0,6296
16975,HIV,,,0.0,6296
16976,HIV,,,0.0,5150
16977,HIV,,,0.0,5144
16978,HIV,,,0.0,10138
16979,HIV,,,0.0,6651
16980,HIV,,,0.0,6652
16981,HIV,,,0.0,14043
16982,HIV,,,0.0,6653
16983,HIV,,,0.0,6654
16984,HIV,,,0.0,6655
16985,HIV,,,0.0,6656
16986,HIV,,,0.0,6657
16987,HIV,,,0.0,11406
16988,HIV,,,0.0,6658
16989,HIV,,,0.0,5718
16990,HIV,,,0.0,6659
16991,HIV,,,0.0,5363
16992,HIV,,,0.0,6430
16993,HIV,,,0.0,6583
16994,HIV,,,0.0,6583
16995,HIV,,,0.0,6583
16996,HIV,,,0.0,5363
16997,HIV,,,0.0,6583
16998,HIV,,,0.0,6430
16999,HIV,,,0.0,6583
17000,HIV,,,0.0,6660
17001,HIV,,,0.0,98
17002,HIV,,,0.0,6661
17003,HIV,,,0.0,5363
17004,HIV,,,0.0,6662
17005,HIV,,,0.0,6662
17006,HIV,,,0.0,6673
17007,HIV,,,0.0,9175
17008,HIV,,,0.0,9175
17009,HIV,,,0.0,7388
17010,HIV,,,0.0,7388
17011,HIV,,,0.0,7634
17012,HIV,,,0.0,335
17013,HIV,,,0.0,3021
17014,HIV,,,0.0,3021
17015,HIV,,,0.0,3021
17016,HIV,,,0.0,3021
17017,HIV,,,0.0,3021
17018,HIV,,,0.0,335
17019,HIV,,,0.0,12417
17020,HIV,,,0.0,12417
17021,HIV,,,0.0,12417
17022,HIV,,,0.0,12417
17023,HIV,,,0.0,335
17024,HIV,,,0.0,6663
17025,HIV,,,0.0,6664
17026,HIV,,,0.0,6665
17027,HIV,,,0.0,3309
17028,HIV,,,0.0,3309
17029,HIV,,,0.0,7576
17030,HIV,,,0.0,11406
17031,HIV,,,0.0,6614
17032,HIV,,,0.0,10400
17033,HIV,,,0.0,6666
17034,HIV,,,0.0,6667
17035,HIV,,,0.0,10400
17036,HIV,,,0.0,8986
17037,HIV,,,0.0,6614
17038,HIV,,,0.0,6668
17039,HIV,,,0.0,6669
17040,HIV,,,1.0,5156
17041,HIV,,,0.0,5718
17042,HIV,,,0.0,5718
17043,HIV,,,0.0,1344
17044,HIV,,,0.0,6670
17045,HIV,,,0.0,7611
17046,HIV,,,0.0,5718
17047,HIV,,,0.0,5718
17048,HIV,,,0.0,6673
17049,HIV,,,0.0,6673
17050,HIV,,,0.0,6673
17051,HIV,,,0.0,11358
17052,HIV,,,0.0,11358
17053,HIV,,,0.0,6673
17054,HIV,,,0.0,6671
17055,HIV,,,0.0,11358
17056,HIV,,,0.0,6672
17057,HIV,,,0.0,6673
17058,HIV,,,0.0,6674
17059,HIV,,,0.0,6675
17060,HIV,,,0.0,6676
17061,HIV,,,0.0,1344
17062,HIV,,,0.0,5965
17063,HIV,,,0.0,6677
17064,HIV,,,0.0,6678
17065,HIV,,,0.0,6679
17066,HIV,,,0.0,6711
17067,HIV,,,0.0,6680
17068,HIV,,,0.0,6681
17069,HIV,,,0.0,6711
17070,HIV,,,0.0,6682
17071,HIV,,,0.0,6683
17072,HIV,,,0.0,10633
17073,HIV,,,0.0,1344
17074,HIV,,,0.0,1344
17075,HIV,,,0.0,6683
17076,HIV,,,0.0,11406
17077,HIV,,,0.0,10633
17078,HIV,,,0.0,6684
17079,HIV,,,0.0,6685
17080,HIV,,,0.0,11406
17081,HIV,,,0.0,9175
17082,HIV,,,0.0,5165
17083,HIV,,,0.0,9352
17084,HIV,,,0.0,9352
17085,HIV,,,0.0,5165
17086,HIV,,,0.0,6801
17087,HIV,,,0.0,7337
17088,HIV,,,0.0,7337
17089,HIV,,,0.0,6752
17090,HIV,,,0.0,7337
17091,HIV,,,0.0,5165
17092,HIV,,,0.0,6801
17093,HIV,,,0.0,6752
17094,HIV,,,0.0,10633
17095,HIV,,,0.0,5718
17096,HIV,,,0.0,5718
17097,HIV,,,0.0,5718
17098,HIV,,,0.0,5718
17099,HIV,,,0.0,5718
17100,HIV,,,0.0,5718
17101,HIV,,,0.0,5718
17102,HIV,,,0.0,5718
17103,HIV,,,0.0,5718
17104,HIV,,,0.0,5718
17105,HIV,,,0.0,5718
17106,HIV,,,0.0,5718
17107,HIV,,,0.0,5718
17108,HIV,,,0.0,5718
17109,HIV,,,0.0,5718
17110,HIV,,,0.0,5718
17111,HIV,,,0.0,5718
17112,HIV,,,0.0,5718
17113,HIV,,,0.0,5718
17114,HIV,,,0.0,5165
17115,HIV,,,0.0,5165
17116,HIV,,,0.0,5165
17117,HIV,,,0.0,5165
17118,HIV,,,0.0,5165
17119,HIV,,,0.0,5165
17120,HIV,,,0.0,5165
17121,HIV,,,0.0,5165
17122,HIV,,,0.0,5165
17123,HIV,,,0.0,5165
17124,HIV,,,0.0,5165
17125,HIV,,,0.0,5165
17126,HIV,,,0.0,5165
17127,HIV,,,0.0,5165
17128,HIV,,,0.0,5165
17129,HIV,,,0.0,6801
17130,HIV,,,0.0,6801
17131,HIV,,,0.0,6801
17132,HIV,,,0.0,6801
17133,HIV,,,0.0,6686
17134,HIV,,,0.0,7478
17135,HIV,,,0.0,6687
17136,HIV,,,0.0,2546
17137,HIV,,,0.0,2546
17138,HIV,,,0.0,5165
17139,HIV,,,0.0,5165
17140,HIV,,,0.0,6688
17141,HIV,,,0.0,6688
17142,HIV,,,0.0,6688
17143,HIV,,,0.0,6688
17144,HIV,,,0.0,6688
17145,HIV,,,0.0,6688
17146,HIV,,,0.0,6689
17147,HIV,,,0.0,6689
17148,HIV,,,0.0,6689
17149,HIV,,,0.0,6689
17150,HIV,,,0.0,6689
17151,HIV,,,0.0,6689
17152,HIV,,,0.0,6689
17153,HIV,,,0.0,7611
17154,HIV,,,0.0,7611
17155,HIV,,,0.0,7611
17156,HIV,,,0.0,7611
17157,HIV,,,0.0,5912
17158,HIV,,,0.0,5912
17159,HIV,,,0.0,5234
17160,HIV,,,0.0,6801
17161,HIV,,,0.0,6801
17162,HIV,,,0.0,6801
17163,HIV,,,0.0,6690
17164,HIV,,,0.0,7354
17165,HIV,,,0.0,6691
17166,HIV,,,0.0,3309
17167,HIV,,,0.0,6692
17168,HIV,,,0.0,6693
17169,HIV,,,0.0,6694
17170,HIV,,,0.0,6695
17171,HIV,,,0.0,2546
17172,HIV,,,0.0,6696
17173,HIV,,,0.0,6696
17174,HIV,,,0.0,2546
17175,HIV,,,0.0,5265
17176,HIV,,,1.0,45
17177,HIV,,,1.0,45
17178,HIV,,,1.0,45
17179,HIV,,,1.0,45
17180,HIV,,,0.0,45
17181,HIV,,,0.0,5718
17182,HIV,,,0.0,5718
17183,HIV,,,0.0,5718
17184,HIV,,,0.0,5718
17185,HIV,,,0.0,5718
17186,HIV,,,0.0,5718
17187,HIV,,,0.0,5718
17188,HIV,,,0.0,5718
17189,HIV,,,0.0,5718
17190,HIV,,,0.0,5718
17191,HIV,,,0.0,5718
17192,HIV,,,0.0,5718
17193,HIV,,,0.0,5718
17194,HIV,,,0.0,5718
17195,HIV,,,0.0,5718
17196,HIV,,,0.0,5718
17197,HIV,,,0.0,5718
17198,HIV,,,0.0,5718
17199,HIV,,,0.0,8959
17200,HIV,,,0.0,8959
17201,HIV,,,0.0,8959
17202,HIV,,,0.0,8959
17203,HIV,,,0.0,8959
17204,HIV,,,0.0,8959
17205,HIV,,,0.0,10633
17206,HIV,,,0.0,10633
17207,HIV,,,0.0,5718
17208,HIV,,,0.0,5718
17209,HIV,,,0.0,5718
17210,HIV,,,0.0,5718
17211,HIV,,,0.0,5718
17212,HIV,,,0.0,5718
17213,HIV,,,0.0,5718
17214,HIV,,,0.0,5718
17215,HIV,,,0.0,5718
17216,HIV,,,0.0,5718
17217,HIV,,,0.0,5718
17218,HIV,,,1.0,6892
17219,HIV,,,0.0,6697
17220,HIV,,,0.0,7871
17221,HIV,,,0.0,5718
17222,HIV,,,0.0,7448
17223,HIV,,,0.0,7448
17224,HIV,,,0.0,7448
17225,HIV,,,0.0,6698
17226,HIV,,,0.0,5423
17227,HIV,,,0.0,6699
17228,HIV,,,0.0,6700
17229,HIV,,,1.0,6701
17230,HIV,,,0.0,6702
17231,HIV,,,0.0,6703
17232,HIV,,,0.0,6704
17233,HIV,,,0.0,6704
17234,HIV,,,0.0,8959
17235,HIV,,,0.0,6705
17236,HIV,,,0.0,6706
17237,HIV,,,0.0,5165
17238,HIV,,,0.0,6707
17239,HIV,,,0.0,5718
17240,HIV,,,0.0,5165
17241,HIV,,,0.0,5165
17242,HIV,,,0.0,5165
17243,HIV,,,0.0,5165
17244,HIV,,,0.0,5165
17245,HIV,,,0.0,5165
17246,HIV,,,0.0,5165
17247,HIV,,,0.0,5165
17248,HIV,,,0.0,5165
17249,HIV,,,0.0,5165
17250,HIV,,,0.0,6801
17251,HIV,,,0.0,6801
17252,HIV,,,0.0,6801
17253,HIV,,,0.0,6801
17254,HIV,,,0.0,5165
17255,HIV,,,0.0,5165
17256,HIV,,,0.0,5165
17257,HIV,,,0.0,5165
17258,HIV,,,0.0,5165
17259,HIV,,,0.0,5165
17260,HIV,,,0.0,5165
17261,HIV,,,0.0,5165
17262,HIV,,,0.0,5165
17263,HIV,,,0.0,6801
17264,HIV,,,0.0,5165
17265,HIV,,,0.0,6801
17266,HIV,,,0.0,6801
17267,HIV,,,0.0,8959
17268,HIV,,,0.0,8959
17269,HIV,,,0.0,8959
17270,HIV,,,0.0,8959
17271,HIV,,,0.0,8959
17272,HIV,,,0.0,8959
17273,HIV,,,0.0,8959
17274,HIV,,,0.0,8959
17275,HIV,,,0.0,8959
17276,HIV,,,0.0,8959
17277,HIV,,,0.0,8959
17278,HIV,,,0.0,8959
17279,HIV,,,0.0,8959
17280,HIV,,,0.0,8959
17281,HIV,,,0.0,8959
17282,HIV,,,0.0,8959
17283,HIV,,,0.0,8959
17284,HIV,,,0.0,8959
17285,HIV,,,0.0,8959
17286,HIV,,,0.0,8959
17287,HIV,,,0.0,10633
17288,HIV,,,0.0,10633
17289,HIV,,,0.0,10633
17290,HIV,,,0.0,10633
17291,HIV,,,0.0,10633
17292,HIV,,,0.0,10633
17293,HIV,,,0.0,7388
17294,HIV,,,0.0,7388
17295,HIV,,,0.0,7388
17296,HIV,,,0.0,6708
17297,HIV,,,0.0,6708
17298,HIV,,,0.0,6709
17299,HIV,,,0.0,6825
17300,HIV,,,0.0,3977
17301,HIV,,,0.0,5165
17302,HIV,,,0.0,6710
17303,HIV,,,0.0,5165
17304,HIV,,,0.0,5165
17305,HIV,,,0.0,5165
17306,HIV,,,0.0,5165
17307,HIV,,,1.0,5165
17308,HIV,,,0.0,5165
17309,HIV,,,0.0,8686
17310,HIV,,,0.0,6711
17311,HIV,,,0.0,6712
17312,HIV,,,0.0,6679
17313,HIV,,,0.0,6713
17314,HIV,,,0.0,5992
17315,HIV,,,0.0,6714
17316,HIV,,,0.0,5165
17317,HIV,,,0.0,6715
17318,HIV,,,0.0,5165
17319,HIV,,,0.0,1016
17320,HIV,,,0.0,6716
17321,HIV,,,0.0,6717
17322,HIV,,,0.0,6718
17323,HIV,,,0.0,5165
17324,HIV,,,0.0,10400
17325,HIV,,,0.0,6719
17326,HIV,,,0.0,9175
17327,HIV,,,0.0,5165
17328,HIV,,,0.0,5165
17329,HIV,,,0.0,10138
17330,HIV,,,0.0,5165
17331,HIV,,,0.0,6720
17332,HIV,,,0.0,6721
17333,HIV,,,0.0,6722
17334,HIV,,,0.0,1344
17335,HIV,,,0.0,6723
17336,HIV,,,0.0,6724
17337,HIV,,,0.0,6724
17338,HIV,,,0.0,6725
17339,HIV,,,0.0,6725
17340,HIV,,,1.0,6726
17341,HIV,,,0.0,6727
17342,HIV,,,0.0,6728
17343,HIV,,,0.0,5363
17344,HIV,,,0.0,5363
17345,HIV,,,0.0,6917
17346,HIV,,,0.0,6801
17347,HIV,,,0.0,6729
17348,HIV,,,0.0,6730
17349,HIV,,,0.0,6731
17350,HIV,,,0.0,8198
17351,HIV,,,0.0,6732
17352,HIV,,,0.0,10138
17353,HIV,,,0.0,5165
17354,HIV,,,0.0,5165
17355,HIV,,,0.0,5165
17356,HIV,,,0.0,5165
17357,HIV,,,0.0,5165
17358,HIV,,,0.0,7337
17359,HIV,,,0.0,5165
17360,HIV,,,0.0,5165
17361,HIV,,,0.0,7337
17362,HIV,,,0.0,5165
17363,HIV,,,0.0,7337
17364,HIV,,,0.0,5165
17365,HIV,,,0.0,5165
17366,HIV,,,0.0,7337
17367,HIV,,,0.0,5165
17368,HIV,,,0.0,6801
17369,HIV,,,0.0,7337
17370,HIV,,,0.0,6801
17371,HIV,,,0.0,6801
17372,HIV,,,0.0,7337
17373,HIV,,,0.0,6801
17374,HIV,,,0.0,6801
17375,HIV,,,0.0,7337
17376,HIV,,,0.0,5165
17377,HIV,,,0.0,5165
17378,HIV,,,0.0,7337
17379,HIV,,,0.0,7337
17380,HIV,,,0.0,7337
17381,HIV,,,0.0,5165
17382,HIV,,,0.0,7337
17383,HIV,,,0.0,7337
17384,HIV,,,0.0,7337
17385,HIV,,,0.0,5165
17386,HIV,,,0.0,5165
17387,HIV,,,0.0,5165
17388,HIV,,,0.0,5165
17389,HIV,,,0.0,5165
17390,HIV,,,0.0,5165
17391,HIV,,,0.0,5165
17392,HIV,,,0.0,5165
17393,HIV,,,0.0,5165
17394,HIV,,,0.0,5165
17395,HIV,,,0.0,5165
17396,HIV,,,0.0,6801
17397,HIV,,,0.0,5165
17398,HIV,,,0.0,6801
17399,HIV,,,0.0,6801
17400,HIV,,,0.0,6733
17401,HIV,,,0.0,5992
17402,HIV,,,0.0,6734
17403,HIV,,,0.0,14106
17404,HIV,,,0.0,6666
17405,HIV,,,0.0,6735
17406,HIV,,,0.0,6713
17407,HIV,,,0.0,5165
17408,HIV,,,0.0,5165
17409,HIV,,,0.0,6801
17410,HIV,,,0.0,6736
17411,HIV,,,0.0,6737
17412,HIV,,,0.0,6738
17413,HIV,,,0.0,3977
17414,HIV,,,0.0,10633
17415,HIV,,,0.0,3976
17416,HIV,,,0.0,1344
17417,HIV,,,0.0,2688
17418,HIV,,,0.0,1344
17419,HIV,,,0.0,6739
17420,HIV,,,0.0,3279
17421,HIV,,,0.0,5165
17422,HIV,,,0.0,6801
17423,HIV,,,0.0,6641
17424,HIV,,,0.0,5718
17425,HIV,,,0.0,5363
17426,HIV,,,0.0,6740
17427,HIV,,,0.0,6741
17428,HIV,,,1.0,5
17429,HIV,,,0.0,6742
17430,HIV,,,0.0,6743
17431,HIV,,,0.0,6744
17432,HIV,,,0.0,11527
17433,HIV,,,0.0,6745
17434,HIV,,,0.0,6746
17435,HIV,,,0.0,5992
17436,HIV,,,0.0,5992
17437,HIV,,,0.0,5992
17438,HIV,,,0.0,5992
17439,HIV,,,0.0,5992
17440,HIV,,,0.0,5992
17441,HIV,,,0.0,5992
17442,HIV,,,0.0,5992
17443,HIV,,,0.0,5992
17444,HIV,,,0.0,5992
17445,HIV,,,0.0,5992
17446,HIV,,,0.0,5992
17447,HIV,,,0.0,6747
17448,HIV,,,0.0,6747
17449,HIV,,,0.0,6747
17450,HIV,,,0.0,6747
17451,HIV,,,0.0,7368
17452,HIV,,,0.0,6747
17453,HIV,,,0.0,6747
17454,HIV,,,0.0,6748
17455,HIV,,,1.0,13301
17456,HIV,,,0.0,6708
17457,HIV,,,0.0,6749
17458,HIV,,,0.0,5597
17459,HIV,,,0.0,10400
17460,HIV,,,0.0,6436
17461,HIV,,,1.0,6750
17462,HIV,,,0.0,6751
17463,HIV,,,0.0,6853
17464,HIV,,,0.0,5165
17465,HIV,,,0.0,9352
17466,HIV,,,0.0,5165
17467,HIV,,,0.0,9352
17468,HIV,,,0.0,5165
17469,HIV,,,0.0,5165
17470,HIV,,,0.0,9352
17471,HIV,,,0.0,5165
17472,HIV,,,0.0,9352
17473,HIV,,,0.0,5165
17474,HIV,,,0.0,9352
17475,HIV,,,0.0,5165
17476,HIV,,,0.0,5165
17477,HIV,,,0.0,9352
17478,HIV,,,0.0,9352
17479,HIV,,,0.0,6801
17480,HIV,,,0.0,6801
17481,HIV,,,0.0,6801
17482,HIV,,,0.0,6801
17483,HIV,,,0.0,6801
17484,HIV,,,0.0,6801
17485,HIV,,,0.0,5165
17486,HIV,,,0.0,5165
17487,HIV,,,0.0,5165
17488,HIV,,,0.0,5165
17489,HIV,,,0.0,5165
17490,HIV,,,0.0,5165
17491,HIV,,,0.0,5165
17492,HIV,,,0.0,5165
17493,HIV,,,0.0,5165
17494,HIV,,,0.0,5165
17495,HIV,,,0.0,5165
17496,HIV,,,0.0,6801
17497,HIV,,,0.0,6801
17498,HIV,,,0.0,6801
17499,HIV,,,0.0,6801
17500,HIV,,,0.0,5165
17501,HIV,,,0.0,6753
17502,HIV,,,0.0,6755
17503,HIV,,,0.0,5165
17504,HIV,,,0.0,5992
17505,HIV,,,0.0,5718
17506,HIV,,,0.0,5718
17507,HIV,,,0.0,5165
17508,HIV,,,0.0,6754
17509,HIV,,,0.0,5718
17510,HIV,,,0.0,6755
17511,HIV,,,0.0,6755
17512,HIV,,,0.0,1157
17513,HIV,,,0.0,6756
17514,HIV,,,0.0,5718
17515,HIV,,,0.0,5718
17516,HIV,,,0.0,6637
17517,HIV,,,0.0,6757
17518,HIV,,,0.0,10305
17519,HIV,,,0.0,6758
17520,HIV,,,0.0,6759
17521,HIV,,,0.0,5992
17522,HIV,,,0.0,14106
17523,HIV,,,0.0,7337
17524,HIV,,,0.0,6763
17525,HIV,,,0.0,6760
17526,HIV,,,0.0,6761
17527,HIV,,,0.0,6762
17528,HIV,,,0.0,6761
17529,HIV,,,0.0,6763
17530,HIV,,,0.0,5165
17531,HIV,,,0.0,7337
17532,HIV,,,0.0,5165
17533,HIV,,,0.0,7337
17534,HIV,,,0.0,5165
17535,HIV,,,0.0,7337
17536,HIV,,,0.0,5165
17537,HIV,,,0.0,7337
17538,HIV,,,0.0,5165
17539,HIV,,,0.0,7337
17540,HIV,,,0.0,5165
17541,HIV,,,0.0,7337
17542,HIV,,,0.0,7337
17543,HIV,,,0.0,5165
17544,HIV,,,0.0,7337
17545,HIV,,,0.0,5165
17546,HIV,,,0.0,7337
17547,HIV,,,0.0,5165
17548,HIV,,,0.0,7337
17549,HIV,,,0.0,5165
17550,HIV,,,0.0,7337
17551,HIV,,,0.0,7337
17552,HIV,,,0.0,5165
17553,HIV,,,0.0,7337
17554,HIV,,,0.0,7337
17555,HIV,,,0.0,7337
17556,HIV,,,0.0,6801
17557,HIV,,,0.0,7337
17558,HIV,,,0.0,6801
17559,HIV,,,0.0,6801
17560,HIV,,,0.0,7337
17561,HIV,,,0.0,7337
17562,HIV,,,0.0,6752
17563,HIV,,,0.0,6752
17564,HIV,,,0.0,6752
17565,HIV,,,0.0,6752
17566,HIV,,,0.0,6752
17567,HIV,,,0.0,6752
17568,HIV,,,0.0,6752
17569,HIV,,,0.0,6752
17570,HIV,,,0.0,6752
17571,HIV,,,0.0,6752
17572,HIV,,,0.0,6752
17573,HIV,,,0.0,6752
17574,HIV,,,0.0,6752
17575,HIV,,,0.0,7337
17576,HIV,,,0.0,7337
17577,HIV,,,0.0,7337
17578,HIV,,,0.0,7337
17579,HIV,,,0.0,7337
17580,HIV,,,0.0,7337
17581,HIV,,,0.0,7337
17582,HIV,,,0.0,7337
17583,HIV,,,0.0,7337
17584,HIV,,,0.0,7337
17585,HIV,,,0.0,7337
17586,HIV,,,0.0,7337
17587,HIV,,,0.0,7337
17588,HIV,,,0.0,7337
17589,HIV,,,0.0,7337
17590,HIV,,,0.0,7337
17591,HIV,,,0.0,7337
17592,HIV,,,0.0,7337
17593,HIV,,,0.0,7337
17594,HIV,,,0.0,7337
17595,HIV,,,0.0,7337
17596,HIV,,,0.0,7337
17597,HIV,,,0.0,7337
17598,HIV,,,0.0,7337
17599,HIV,,,0.0,7337
17600,HIV,,,0.0,7337
17601,HIV,,,0.0,7337
17602,HIV,,,0.0,7337
17603,HIV,,,0.0,7337
17604,HIV,,,0.0,7337
17605,HIV,,,0.0,7337
17606,HIV,,,0.0,7337
17607,HIV,,,0.0,7337
17608,HIV,,,0.0,7337
17609,HIV,,,0.0,6801
17610,HIV,,,0.0,6801
17611,HIV,,,0.0,6801
17612,HIV,,,0.0,5
17613,HIV,,,0.0,5
17614,HIV,,,0.0,5
17615,HIV,,,0.0,5
17616,HIV,,,0.0,5
17617,HIV,,,0.0,5992
17618,HIV,,,0.0,6801
17619,HIV,,,0.0,6765
17620,HIV,,,0.0,6765
17621,HIV,,,0.0,6766
17622,HIV,,,0.0,6766
17623,HIV,,,0.0,6767
17624,HIV,,,0.0,13419
17625,HIV,,,0.0,13419
17626,HIV,,,0.0,13419
17627,HIV,,,0.0,13419
17628,HIV,,,0.0,13419
17629,HIV,,,0.0,13419
17630,HIV,,,0.0,13419
17631,HIV,,,0.0,13419
17632,HIV,,,0.0,13419
17633,HIV,,,0.0,13419
17634,HIV,,,0.0,13419
17635,HIV,,,0.0,13419
17636,HIV,,,0.0,6768
17637,HIV,,,0.0,8199
17638,HIV,,,0.0,5760
17639,HIV,,,0.0,5760
17640,HIV,,,0.0,6769
17641,HIV,,,0.0,6770
17642,HIV,,,0.0,6770
17643,HIV,,,0.0,6771
17644,HIV,,,0.0,6772
17645,HIV,,,0.0,6772
17646,HIV,,,0.0,6770
17647,HIV,,,0.0,6772
17648,HIV,,,0.0,6770
17649,HIV,,,0.0,6773
17650,HIV,,,0.0,6774
17651,HIV,,,0.0,6775
17652,HIV,,,0.0,6776
17653,HIV,,,0.0,6777
17654,HIV,,,0.0,6778
17655,HIV,,,0.0,6780
17656,HIV,,,0.0,4736
17657,HIV,,,0.0,6779
17658,HIV,,,0.0,6780
17659,HIV,,,0.0,6781
17660,HIV,,,0.0,6781
17661,HIV,,,0.0,6780
17662,HIV,,,0.0,6782
17663,HIV,,,0.0,6780
17664,HIV,,,0.0,6780
17665,HIV,,,0.0,5165
17666,HIV,,,0.0,6296
17667,HIV,,,0.0,4736
17668,HIV,,,0.0,6783
17669,HIV,,,0.0,6784
17670,HIV,,,0.0,7356
17671,HIV,,,0.0,1742
17672,HIV,,,0.0,7871
17673,HIV,,,0.0,7871
17674,HIV,,,1.0,6890
17675,HIV,,,0.0,6785
17676,HIV,,,0.0,5250
17677,HIV,,,0.0,5424
17678,HIV,,,0.0,5424
17679,HIV,,,0.0,5424
17680,HIV,,,0.0,5424
17681,HIV,,,0.0,5424
17682,HIV,,,1.0,5424
17683,HIV,,,0.0,5424
17684,HIV,,,0.0,6786
17685,HIV,,,0.0,6786
17686,HIV,,,0.0,5424
17687,HIV,,,0.0,5424
17688,HIV,,,0.0,6787
17689,HIV,,,0.0,6789
17690,HIV,,,0.0,6788
17691,HIV,,,0.0,6789
17692,HIV,,,0.0,6790
17693,HIV,,,0.0,6791
17694,HIV,,,0.0,2739
17695,HIV,,,0.0,6792
17696,HIV,,,0.0,11484
17697,HIV,,,0.0,5424
17698,HIV,,,0.0,6793
17699,HIV,,,0.0,6794
17700,HIV,,,0.0,6795
17701,HIV,,,0.0,5424
17702,HIV,,,0.0,5424
17703,HIV,,,0.0,6796
17704,HIV,,,0.0,10138
17705,HIV,,,0.0,3021
17706,HIV,,,0.0,6797
17707,HIV,,,0.0,5747
17708,HIV,,,0.0,6798
17709,HIV,,,0.0,6799
17710,HIV,,,0.0,6800
17711,HIV,,,0.0,5363
17712,HIV,,,0.0,10400
17713,HIV,,,0.0,7535
17714,HIV,,,0.0,4749
17715,HIV,,,0.0,7535
17716,HIV,,,0.0,6801
17717,HIV,,,0.0,6823
17718,HIV,,,0.0,6805
17719,HIV,,,0.0,4749
17720,HIV,,,0.0,6616
17721,HIV,,,0.0,6802
17722,HIV,,,0.0,6803
17723,HIV,,,0.0,5363
17724,HIV,,,0.0,6801
17725,HIV,,,0.0,6802
17726,HIV,,,0.0,5363
17727,HIV,,,0.0,6805
17728,HIV,,,0.0,6802
17729,HIV,,,0.0,6803
17730,HIV,,,0.0,6801
17731,HIV,,,0.0,6301
17732,HIV,,,0.0,6800
17733,HIV,,,0.0,4749
17734,HIV,,,0.0,6616
17735,HIV,,,0.0,5363
17736,HIV,,,0.0,6804
17737,HIV,,,0.0,4749
17738,HIV,,,0.0,6301
17739,HIV,,,0.0,4749
17740,HIV,,,0.0,6301
17741,HIV,,,0.0,4749
17742,HIV,,,0.0,6801
17743,HIV,,,0.0,6805
17744,HIV,,,0.0,6823
17745,HIV,,,0.0,6301
17746,HIV,,,0.0,6301
17747,HIV,,,0.0,5363
17748,HIV,,,0.0,6805
17749,HIV,,,0.0,6806
17750,HIV,,,0.0,5
17751,HIV,,,0.0,6805
17752,HIV,,,0.0,5363
17753,HIV,,,1.0,7794
17754,HIV,,,1.0,7794
17755,HIV,,,1.0,7794
17756,HIV,,,0.0,7794
17757,HIV,,,1.0,7794
17758,HIV,,,1.0,7794
17759,HIV,,,0.0,4974
17760,HIV,,,0.0,1344
17761,HIV,,,0.0,6807
17762,HIV,,,0.0,441
17763,HIV,,,0.0,6808
17764,HIV,,,1.0,6892
17765,HIV,,,1.0,6809
17766,HIV,,,0.0,6810
17767,HIV,,,0.0,5363
17768,HIV,,,0.0,6811
17769,HIV,,,0.0,6812
17770,HIV,,,0.0,5250
17771,HIV,,,0.0,5363
17772,HIV,,,0.0,5363
17773,HIV,,,0.0,2546
17774,HIV,,,0.0,6813
17775,HIV,,,0.0,6813
17776,HIV,,,0.0,4730
17777,HIV,,,0.0,6814
17778,HIV,,,0.0,4730
17779,HIV,,,0.0,4749
17780,HIV,,,0.0,4749
17781,HIV,,,0.0,5363
17782,HIV,,,0.0,6815
17783,HIV,,,0.0,6801
17784,HIV,,,0.0,7535
17785,HIV,,,0.0,4749
17786,HIV,,,0.0,6301
17787,HIV,,,0.0,6617
17788,HIV,,,0.0,4749
17789,HIV,,,0.0,4611
17790,HIV,,,0.0,7535
17791,HIV,,,0.0,6558
17792,HIV,,,0.0,6816
17793,HIV,,,0.0,6780
17794,HIV,,,0.0,5165
17795,HIV,,,0.0,6801
17796,HIV,,,0.0,6817
17797,HIV,,,0.0,6779
17798,HIV,,,0.0,5821
17799,HIV,,,0.0,6780
17800,HIV,,,0.0,6818
17801,HIV,,,0.0,4730
17802,HIV,,,0.0,5363
17803,HIV,,,0.0,5363
17804,HIV,,,0.0,6819
17805,HIV,,,0.0,6822
17806,HIV,,,0.0,6820
17807,HIV,,,0.0,6820
17808,HIV,,,0.0,4749
17809,HIV,,,0.0,4749
17810,HIV,,,0.0,6805
17811,HIV,,,0.0,4749
17812,HIV,,,0.0,4749
17813,HIV,,,0.0,6805
17814,HIV,,,0.0,6301
17815,HIV,,,0.0,6821
17816,HIV,,,0.0,6822
17817,HIV,,,0.0,6301
17818,HIV,,,0.0,4749
17819,HIV,,,0.0,4749
17820,HIV,,,0.0,6823
17821,HIV,,,0.0,6301
17822,HIV,,,0.0,4749
17823,HIV,,,0.0,6824
17824,HIV,,,0.0,6825
17825,HIV,,,0.0,6825
17826,HIV,,,0.0,6825
17827,HIV,,,0.0,6825
17828,HIV,,,0.0,10633
17829,HIV,,,0.0,1729
17830,HIV,,,0.0,12408
17831,HIV,,,0.0,6826
17832,HIV,,,0.0,1729
17833,HIV,,,0.0,1729
17834,HIV,,,0.0,1729
17835,HIV,,,0.0,1729
17836,HIV,,,0.0,1729
17837,HIV,,,0.0,1729
17838,HIV,,,0.0,1729
17839,HIV,,,0.0,1729
17840,HIV,,,0.0,1729
17841,HIV,,,0.0,1729
17842,HIV,,,0.0,3254
17843,HIV,,,0.0,6827
17844,HIV,,,0.0,6828
17845,HIV,,,0.0,6436
17846,HIV,,,0.0,6829
17847,HIV,,,0.0,343
17848,HIV,,,0.0,6830
17849,HIV,,,0.0,6831
17850,HIV,,,0.0,6832
17851,HIV,,,0.0,6833
17852,HIV,,,0.0,6974
17853,HIV,,,0.0,5288
17854,HIV,,,0.0,14043
17855,HIV,,,0.0,5288
17856,HIV,,,0.0,4281
17857,HIV,,,0.0,5363
17858,HIV,,,0.0,5363
17859,HIV,,,0.0,5363
17860,HIV,,,0.0,5363
17861,HIV,,,0.0,5363
17862,HIV,,,0.0,5363
17863,HIV,,,0.0,5363
17864,HIV,,,0.0,5363
17865,HIV,,,0.0,5363
17866,HIV,,,0.0,6834
17867,HIV,,,0.0,6835
17868,HIV,,,0.0,6836
17869,HIV,,,0.0,6837
17870,HIV,,,0.0,3611
17871,HIV,,,0.0,6838
17872,HIV,,,0.0,6839
17873,HIV,,,0.0,6840
17874,HIV,,,0.0,6839
17875,HIV,,,0.0,6841
17876,HIV,,,0.0,6842
17877,HIV,,,0.0,6843
17878,HIV,,,0.0,6841
17879,HIV,,,0.0,6841
17880,HIV,,,0.0,6844
17881,HIV,,,0.0,6845
17882,HIV,,,0.0,6846
17883,HIV,,,0.0,10746
17884,HIV,,,0.0,10746
17885,HIV,,,0.0,10746
17886,HIV,,,0.0,10746
17887,HIV,,,0.0,10746
17888,HIV,,,0.0,10746
17889,HIV,,,0.0,10746
17890,HIV,,,0.0,10746
17891,HIV,,,0.0,8012
17892,HIV,,,0.0,8012
17893,HIV,,,0.0,6847
17894,HIV,,,0.0,6848
17895,HIV,,,0.0,6849
17896,HIV,,,0.0,9512
17897,HIV,,,0.0,335
17898,HIV,,,0.0,6850
17899,HIV,,,0.0,8959
17900,HIV,,,0.0,6851
17901,HIV,,,0.0,6852
17902,HIV,,,0.0,4030
17903,HIV,,,0.0,6853
17904,HIV,,,0.0,7928
17905,HIV,,,0.0,7928
17906,HIV,,,0.0,7928
17907,HIV,,,0.0,6854
17908,HIV,,,0.0,6854
17909,HIV,,,0.0,6854
17910,HIV,,,0.0,6854
17911,HIV,,,0.0,6855
17912,HIV,,,0.0,6855
17913,HIV,,,0.0,6855
17914,HIV,,,0.0,6855
17915,HIV,,,0.0,6855
17916,HIV,,,0.0,5781
17917,HIV,,,0.0,5788
17918,HIV,,,0.0,5788
17919,HIV,,,0.0,5788
17920,HIV,,,0.0,7591
17921,HIV,,,0.0,7591
17922,HIV,,,0.0,285
17923,HIV,,,0.0,285
17924,HIV,,,0.0,1736
17925,HIV,,,0.0,6764
17926,HIV,,,0.0,6801
17927,HIV,,,0.0,5165
17928,HIV,,,0.0,5165
17929,HIV,,,0.0,5165
17930,HIV,,,0.0,5165
17931,HIV,,,0.0,5165
17932,HIV,,,0.0,5165
17933,HIV,,,0.0,6801
17934,HIV,,,0.0,5165
17935,HIV,,,0.0,5165
17936,HIV,,,0.0,5165
17937,HIV,,,0.0,6801
17938,HIV,,,0.0,5165
17939,HIV,,,0.0,5165
17940,HIV,,,0.0,6801
17941,HIV,,,0.0,5165
17942,HIV,,,0.0,5165
17943,HIV,,,0.0,6856
17944,HIV,,,0.0,6917
17945,HIV,,,0.0,6857
17946,HIV,,,0.0,6858
17947,HIV,,,0.0,2546
17948,HIV,,,0.0,2546
17949,HIV,,,0.0,2546
17950,HIV,,,0.0,335
17951,HIV,,,0.0,335
17952,HIV,,,0.0,7337
17953,HIV,,,0.0,7337
17954,HIV,,,0.0,7337
17955,HIV,,,0.0,7337
17956,HIV,,,0.0,7337
17957,HIV,,,0.0,7337
17958,HIV,,,0.0,7337
17959,HIV,,,0.0,7337
17960,HIV,,,0.0,5165
17961,HIV,,,0.0,5165
17962,HIV,,,0.0,6801
17963,HIV,,,0.0,7337
17964,HIV,,,0.0,7337
17965,HIV,,,0.0,6801
17966,HIV,,,0.0,6859
17967,HIV,,,0.0,12533
17968,HIV,,,0.0,6860
17969,HIV,,,0.0,6861
17970,HIV,,,0.0,12557
17971,HIV,,,0.0,6862
17972,HIV,,,0.0,6863
17973,HIV,,,0.0,5165
17974,HIV,,,0.0,5165
17975,HIV,,,0.0,5165
17976,HIV,,,0.0,5165
17977,HIV,,,0.0,5165
17978,HIV,,,0.0,6801
17979,HIV,,,0.0,5165
17980,HIV,,,0.0,5165
17981,HIV,,,0.0,5165
17982,HIV,,,0.0,5165
17983,HIV,,,0.0,5165
17984,HIV,,,0.0,6801
17985,HIV,,,0.0,6801
17986,HIV,,,0.0,6801
17987,HIV,,,0.0,6801
17988,HIV,,,0.0,5165
17989,HIV,,,0.0,5165
17990,HIV,,,0.0,6801
17991,HIV,,,0.0,5165
17992,HIV,,,0.0,5165
17993,HIV,,,0.0,6864
17994,HIV,,,0.0,6864
17995,HIV,,,0.0,6801
17996,HIV,,,0.0,7337
17997,HIV,,,0.0,7337
17998,HIV,,,0.0,7337
17999,HIV,,,0.0,7337
18000,HIV,,,0.0,7337
18001,HIV,,,0.0,7337
18002,HIV,,,0.0,7337
18003,HIV,,,0.0,5165
18004,HIV,,,0.0,5165
18005,HIV,,,0.0,6801
18006,HIV,,,0.0,5165
18007,HIV,,,0.0,5165
18008,HIV,,,0.0,5165
18009,HIV,,,0.0,5165
18010,HIV,,,0.0,6865
18011,HIV,,,0.0,6866
18012,HIV,,,0.0,6866
18013,HIV,,,0.0,9319
18014,HIV,,,0.0,6867
18015,HIV,,,1.0,5363
18016,HIV,,,0.0,5363
18017,HIV,,,0.0,6868
18018,HIV,,,0.0,11800
18019,HIV,,,0.0,6869
18020,HIV,,,0.0,5165
18021,HIV,,,0.0,5165
18022,HIV,,,0.0,5165
18023,HIV,,,0.0,5165
18024,HIV,,,0.0,10746
18025,HIV,,,0.0,10746
18026,HIV,,,0.0,10746
18027,HIV,,,0.0,10746
18028,HIV,,,0.0,10746
18029,HIV,,,0.0,10746
18030,HIV,,,0.0,10746
18031,HIV,,,0.0,10746
18032,HIV,,,0.0,10746
18033,HIV,,,0.0,10746
18034,HIV,,,0.0,6871
18035,HIV,,,0.0,6870
18036,HIV,,,0.0,6870
18037,HIV,,,0.0,6871
18038,HIV,,,0.0,6872
18039,HIV,,,0.0,5954
18040,HIV,,,0.0,5954
18041,HIV,,,0.0,6872
18042,HIV,,,0.0,6873
18043,HIV,,,0.0,2546
18044,HIV,,,0.0,2546
18045,HIV,,,0.0,6874
18046,HIV,,,0.0,6874
18047,HIV,,,0.0,6874
18048,HIV,,,0.0,6874
18049,HIV,,,0.0,6874
18050,HIV,,,1.0,6875
18051,HIV,,,0.0,6876
18052,HIV,,,0.0,6876
18053,HIV,,,0.0,6876
18054,HIV,,,0.0,6876
18055,HIV,,,0.0,6877
18056,HIV,,,0.0,6874
18057,HIV,,,0.0,6874
18058,HIV,,,0.0,6874
18059,HIV,,,0.0,6874
18060,HIV,,,0.0,6874
18061,HIV,,,0.0,6874
18062,HIV,,,0.0,6874
18063,HIV,,,0.0,6874
18064,HIV,,,0.0,6874
18065,HIV,,,0.0,6874
18066,HIV,,,0.0,6874
18067,HIV,,,0.0,6874
18068,HIV,,,0.0,6874
18069,HIV,,,0.0,6874
18070,HIV,,,0.0,6874
18071,HIV,,,0.0,6874
18072,HIV,,,0.0,6874
18073,HIV,,,0.0,6874
18074,HIV,,,0.0,6874
18075,HIV,,,0.0,6874
18076,HIV,,,0.0,6874
18077,HIV,,,0.0,6874
18078,HIV,,,0.0,6874
18079,HIV,,,0.0,6874
18080,HIV,,,0.0,6874
18081,HIV,,,0.0,6874
18082,HIV,,,0.0,6874
18083,HIV,,,0.0,6874
18084,HIV,,,0.0,6874
18085,HIV,,,1.0,6874
18086,HIV,,,0.0,6874
18087,HIV,,,0.0,6874
18088,HIV,,,0.0,6874
18089,HIV,,,0.0,6874
18090,HIV,,,0.0,6874
18091,HIV,,,0.0,6874
18092,HIV,,,0.0,6874
18093,HIV,,,0.0,3021
18094,HIV,,,1.0,434
18095,HIV,,,1.0,434
18096,HIV,,,1.0,434
18097,HIV,,,1.0,434
18098,HIV,,,0.0,434
18099,HIV,,,1.0,434
18100,HIV,,,1.0,434
18101,HIV,,,0.0,434
18102,HIV,,,0.0,434
18103,HIV,,,1.0,434
18104,HIV,,,0.0,434
18105,HIV,,,0.0,434
18106,HIV,,,1.0,434
18107,HIV,,,1.0,434
18108,HIV,,,0.0,6878
18109,HIV,,,0.0,441
18110,HIV,,,0.0,8710
18111,HIV,,,0.0,6871
18112,HIV,,,0.0,6870
18113,HIV,,,0.0,6870
18114,HIV,,,0.0,6879
18115,HIV,,,0.0,5363
18116,HIV,,,0.0,5363
18117,HIV,,,0.0,6880
18118,HIV,,,0.0,6880
18119,HIV,,,0.0,6880
18120,HIV,,,0.0,5363
18121,HIV,,,0.0,5363
18122,HIV,,,0.0,5363
18123,HIV,,,0.0,6880
18124,HIV,,,0.0,5363
18125,HIV,,,0.0,6871
18126,HIV,,,0.0,6881
18127,HIV,,,0.0,335
18128,HIV,,,0.0,335
18129,HIV,,,0.0,335
18130,HIV,,,0.0,7356
18131,HIV,,,0.0,7356
18132,HIV,,,0.0,7356
18133,HIV,,,0.0,6882
18134,HIV,,,0.0,6883
18135,HIV,,,0.0,6917
18136,HIV,,,0.0,6884
18137,HIV,,,0.0,6885
18138,HIV,,,0.0,6885
18139,HIV,,,0.0,6885
18140,HIV,,,0.0,6884
18141,HIV,,,0.0,6885
18142,HIV,,,0.0,6885
18143,HIV,,,0.0,6886
18144,HIV,,,0.0,6887
18145,HIV,,,0.0,13761
18146,HIV,,,0.0,13761
18147,HIV,,,0.0,13761
18148,HIV,,,1.0,2559
18149,HIV,,,0.0,12533
18150,HIV,,,0.0,1280
18151,HIV,,,0.0,1280
18152,HIV,,,0.0,5165
18153,HIV,,,0.0,1344
18154,HIV,,,0.0,1016
18155,HIV,,,0.0,6888
18156,HIV,,,0.0,5867
18157,HIV,,,1.0,6889
18158,HIV,,,1.0,6890
18159,HIV,,,1.0,6891
18160,HIV,,,1.0,6892
18161,HIV,,,1.0,434
18162,HIV,,,1.0,434
18163,HIV,,,0.0,10390
18164,HIV,,,0.0,10390
18165,HIV,,,0.0,10390
18166,HIV,,,0.0,10390
18167,HIV,,,0.0,10390
18168,HIV,,,0.0,10390
18169,HIV,,,0.0,10390
18170,HIV,,,0.0,10390
18171,HIV,,,0.0,3279
18172,HIV,,,0.0,6893
18173,HIV,,,0.0,6894
18174,HIV,,,0.0,2095
18175,HIV,,,0.0,2095
18176,HIV,,,0.0,2095
18177,HIV,,,0.0,2095
18178,HIV,,,0.0,6895
18179,HIV,,,0.0,2095
18180,HIV,,,0.0,2095
18181,HIV,,,0.0,3279
18182,HIV,,,0.0,6801
18183,HIV,,,0.0,3279
18184,HIV,,,0.0,3138
18185,HIV,,,0.0,6801
18186,HIV,,,0.0,6801
18187,HIV,,,0.0,6801
18188,HIV,,,0.0,6801
18189,HIV,,,0.0,6801
18190,HIV,,,0.0,6801
18191,HIV,,,0.0,7113
18192,HIV,,,0.0,6801
18193,HIV,,,0.0,6896
18194,HIV,,,0.0,7337
18195,HIV,,,0.0,7337
18196,HIV,,,0.0,7337
18197,HIV,,,0.0,6897
18198,HIV,,,0.0,6897
18199,HIV,,,0.0,6897
18200,HIV,,,0.0,7337
18201,HIV,,,0.0,7337
18202,HIV,,,0.0,7337
18203,HIV,,,0.0,7337
18204,HIV,,,0.0,36
18205,HIV,,,0.0,6505
18206,HIV,,,0.0,6119
18207,HIV,,,0.0,5740
18208,HIV,,,0.0,36
18209,HIV,,,0.0,5747
18210,HIV,,,0.0,4662
18211,HIV,,,0.0,4662
18212,HIV,,,0.0,4662
18213,HIV,,,0.0,36
18214,HIV,,,0.0,12656
18215,HIV,,,0.0,6898
18216,HIV,,,0.0,6899
18217,HIV,,,0.0,6900
18218,HIV,,,0.0,6901
18219,HIV,,,0.0,6902
18220,HIV,,,0.0,6801
18221,HIV,,,0.0,6801
18222,HIV,,,0.0,6903
18223,HIV,,,0.0,434
18224,HIV,,,0.0,6801
18225,HIV,,,0.0,6904
18226,HIV,,,0.0,1016
18227,HIV,,,0.0,10400
18228,HIV,,,0.0,10400
18229,HIV,,,0.0,6905
18230,HIV,,,0.0,6904
18231,HIV,,,0.0,2095
18232,HIV,,,0.0,6902
18233,HIV,,,0.0,1344
18234,HIV,,,0.0,6906
18235,HIV,,,0.0,6906
18236,HIV,,,0.0,6582
18237,HIV,,,0.0,6582
18238,HIV,,,0.0,1280
18239,HIV,,,0.0,1280
18240,HIV,,,0.0,1280
18241,HIV,,,0.0,6801
18242,HIV,,,0.0,6801
18243,HIV,,,0.0,6907
18244,HIV,,,0.0,3138
18245,HIV,,,0.0,6801
18246,HIV,,,0.0,7356
18247,HIV,,,0.0,7356
18248,HIV,,,0.0,7356
18249,HIV,,,0.0,7356
18250,HIV,,,0.0,1016
18251,HIV,,,0.0,1016
18252,HIV,,,0.0,5363
18253,HIV,,,0.0,5363
18254,HIV,,,0.0,5363
18255,HIV,,,0.0,5363
18256,HIV,,,0.0,5363
18257,HIV,,,0.0,5363
18258,HIV,,,0.0,6908
18259,HIV,,,0.0,7604
18260,HIV,,,0.0,6909
18261,HIV,,,0.0,6909
18262,HIV,,,0.0,6909
18263,HIV,,,0.0,6910
18264,HIV,,,0.0,5
18265,HIV,,,0.0,6911
18266,HIV,,,0.0,6912
18267,HIV,,,0.0,6913
18268,HIV,,,0.0,7858
18269,HIV,,,0.0,6914
18270,HIV,,,0.0,1742
18271,HIV,,,0.0,335
18272,HIV,,,0.0,6915
18273,HIV,,,0.0,6916
18274,HIV,,,0.0,6917
18275,HIV,,,0.0,6872
18276,HIV,,,0.0,10138
18277,HIV,,,0.0,10138
18278,HIV,,,0.0,6918
18279,HIV,,,0.0,6919
18280,HIV,,,0.0,6920
18281,HIV,,,0.0,6920
18282,HIV,,,0.0,6920
18283,HIV,,,0.0,6920
18284,HIV,,,0.0,6921
18285,HIV,,,1.0,1016
18286,HIV,,,0.0,1016
18287,HIV,,,0.0,1016
18288,HIV,,,1.0,1016
18289,HIV,,,0.0,6922
18290,HIV,,,0.0,6923
18291,HIV,,,0.0,5424
18292,HIV,,,0.0,6924
18293,HIV,,,0.0,6925
18294,HIV,,,0.0,6727
18295,HIV,,,0.0,7591
18296,HIV,,,0.0,7213
18297,HIV,,,0.0,5857
18298,HIV,,,0.0,7591
18299,HIV,,,0.0,7591
18300,HIV,,,0.0,6926
18301,HIV,,,0.0,6927
18302,HIV,,,0.0,6801
18303,HIV,,,0.0,1280
18304,HIV,,,0.0,6928
18305,HIV,,,0.0,5363
18306,HIV,,,0.0,6929
18307,HIV,,,0.0,6306
18308,HIV,,,0.0,1016
18309,HIV,,,0.0,10138
18310,HIV,,,0.0,10138
18311,HIV,,,0.0,1016
18312,HIV,,,0.0,10138
18313,HIV,,,0.0,1016
18314,HIV,,,0.0,1016
18315,HIV,,,0.0,1016
18316,HIV,,,0.0,1016
18317,HIV,,,0.0,1016
18318,HIV,,,0.0,6930
18319,HIV,,,0.0,6930
18320,HIV,,,0.0,5363
18321,HIV,,,0.0,5424
18322,HIV,,,0.0,5363
18323,HIV,,,0.0,6931
18324,HIV,,,0.0,6932
18325,HIV,,,0.0,6933
18326,HIV,,,0.0,335
18327,HIV,,,0.0,335
18328,HIV,,,0.0,1280
18329,HIV,,,0.0,1344
18330,HIV,,,0.0,1344
18331,HIV,,,0.0,7388
18332,HIV,,,0.0,6934
18333,HIV,,,0.0,6935
18334,HIV,,,0.0,1016
18335,HIV,,,0.0,1016
18336,HIV,,,1.0,6890
18337,HIV,,,1.0,6936
18338,HIV,,,1.0,6891
18339,HIV,,,0.0,6937
18340,HIV,,,0.0,6938
18341,HIV,,,0.0,1280
18342,HIV,,,0.0,6939
18343,HIV,,,0.0,7591
18344,HIV,,,0.0,7591
18345,HIV,,,0.0,7591
18346,HIV,,,0.0,7591
18347,HIV,,,0.0,1124
18348,HIV,,,0.0,1124
18349,HIV,,,0.0,5
18350,HIV,,,0.0,12492
18351,HIV,,,0.0,12492
18352,HIV,,,0.0,1711
18353,HIV,,,0.0,7591
18354,HIV,,,0.0,6940
18355,HIV,,,0.0,6940
18356,HIV,,,0.0,10633
18357,HIV,,,0.0,8959
18358,HIV,,,0.0,8959
18359,HIV,,,0.0,8959
18360,HIV,,,0.0,8959
18361,HIV,,,0.0,8959
18362,HIV,,,0.0,10633
18363,HIV,,,0.0,8959
18364,HIV,,,0.0,6941
18365,HIV,,,1.0,5363
18366,HIV,,,0.0,5363
18367,HIV,,,0.0,5363
18368,HIV,,,0.0,5363
18369,HIV,,,1.0,6942
18370,HIV,,,0.0,5363
18371,HIV,,,0.0,5747
18372,HIV,,,0.0,5363
18373,HIV,,,0.0,13419
18374,HIV,,,0.0,13419
18375,HIV,,,0.0,13419
18376,HIV,,,0.0,8959
18377,HIV,,,0.0,10633
18378,HIV,,,0.0,8959
18379,HIV,,,0.0,6943
18380,HIV,,,0.0,6944
18381,HIV,,,0.0,6945
18382,HIV,,,0.0,6801
18383,HIV,,,0.0,3279
18384,HIV,,,0.0,6946
18385,HIV,,,0.0,6947
18386,HIV,,,0.0,6947
18387,HIV,,,0.0,6948
18388,HIV,,,0.0,6949
18389,HIV,,,0.0,6952
18390,HIV,,,0.0,6950
18391,HIV,,,0.0,1280
18392,HIV,,,0.0,6951
18393,HIV,,,0.0,6971
18394,HIV,,,0.0,6952
18395,HIV,,,0.0,6952
18396,HIV,,,0.0,6952
18397,HIV,,,0.0,6952
18398,HIV,,,0.0,6952
18399,HIV,,,0.0,6953
18400,HIV,,,0.0,1280
18401,HIV,,,0.0,5363
18402,HIV,,,0.0,5363
18403,HIV,,,0.0,5363
18404,HIV,,,0.0,5363
18405,HIV,,,0.0,5363
18406,HIV,,,0.0,5363
18407,HIV,,,0.0,10138
18408,HIV,,,0.0,10138
18409,HIV,,,0.0,10138
18410,HIV,,,0.0,10138
18411,HIV,,,0.0,10138
18412,HIV,,,0.0,10138
18413,HIV,,,0.0,10138
18414,HIV,,,0.0,10138
18415,HIV,,,0.0,10138
18416,HIV,,,0.0,10138
18417,HIV,,,0.0,5566
18418,HIV,,,0.0,10138
18419,HIV,,,0.0,10138
18420,HIV,,,0.0,5363
18421,HIV,,,0.0,6954
18422,HIV,,,0.0,6955
18423,HIV,,,0.0,6956
18424,HIV,,,1.0,335
18425,HIV,,,0.0,335
18426,HIV,,,0.0,6957
18427,HIV,,,1.0,6958
18428,HIV,,,0.0,6958
18429,HIV,,,1.0,2546
18430,HIV,,,1.0,2546
18431,HIV,,,0.0,2546
18432,HIV,,,1.0,8686
18433,HIV,,,1.0,2546
18434,HIV,,,1.0,2546
18435,HIV,,,1.0,6959
18436,HIV,,,1.0,6959
18437,HIV,,,1.0,6959
18438,HIV,,,1.0,6960
18439,HIV,,,1.0,6961
18440,HIV,,,0.0,1729
18441,HIV,,,0.0,1729
18442,HIV,,,0.0,6962
18443,HIV,,,0.0,1016
18444,HIV,,,0.0,1016
18445,HIV,,,0.0,10400
18446,HIV,,,1.0,10400
18447,HIV,,,0.0,10400
18448,HIV,,,1.0,5
18449,HIV,,,1.0,10400
18450,HIV,,,1.0,10400
18451,HIV,,,1.0,5
18452,HIV,,,0.0,5597
18453,HIV,,,0.0,6963
18454,HIV,,,0.0,6964
18455,HIV,,,0.0,1016
18456,HIV,,,0.0,6965
18457,HIV,,,0.0,8959
18458,HIV,,,0.0,5424
18459,HIV,,,0.0,5424
18460,HIV,,,0.0,8959
18461,HIV,,,0.0,8959
18462,HIV,,,0.0,8959
18463,HIV,,,0.0,8959
18464,HIV,,,0.0,6967
18465,HIV,,,0.0,6966
18466,HIV,,,0.0,6967
18467,HIV,,,0.0,6967
18468,HIV,,,0.0,6967
18469,HIV,,,0.0,6968
18470,HIV,,,0.0,6969
18471,HIV,,,0.0,6970
18472,HIV,,,0.0,6970
18473,HIV,,,0.0,6971
18474,HIV,,,0.0,6971
18475,HIV,,,0.0,6971
18476,HIV,,,0.0,6971
18477,HIV,,,0.0,6970
18478,HIV,,,0.0,6970
18479,HIV,,,0.0,7356
18480,HIV,,,0.0,6952
18481,HIV,,,0.0,6972
18482,HIV,,,0.0,6973
18483,HIV,,,0.0,6973
18484,HIV,,,0.0,6974
18485,HIV,,,0.0,6974
18486,HIV,,,0.0,5501
18487,HIV,,,0.0,10565
18488,HIV,,,0.0,7267
18489,HIV,,,0.0,6975
18490,HIV,,,0.0,6975
18491,HIV,,,0.0,6975
18492,HIV,,,0.0,7267
18493,HIV,,,0.0,6975
18494,HIV,,,0.0,6975
18495,HIV,,,0.0,6975
18496,HIV,,,0.0,6975
18497,HIV,,,0.0,6975
18498,HIV,,,0.0,6975
18499,HIV,,,0.0,6975
18500,HIV,,,0.0,6976
18501,HIV,,,0.0,6976
18502,HIV,,,0.0,6977
18503,HIV,,,0.0,7591
18504,HIV,,,0.0,7591
18505,HIV,,,0.0,7591
18506,HIV,,,0.0,6978
18507,HIV,,,0.0,6978
18508,HIV,,,0.0,8272
18509,HIV,,,0.0,6979
18510,HIV,,,0.0,6980
18511,HIV,,,0.0,6981
18512,HIV,,,0.0,6982
18513,HIV,,,0.0,6983
18514,HIV,,,0.0,6984
18515,HIV,,,0.0,6985
18516,HIV,,,0.0,6986
18517,HIV,,,0.0,6986
18518,HIV,,,0.0,6987
18519,HIV,,,0.0,6988
18520,HIV,,,0.0,10716
18521,HIV,,,0.0,5363
18522,HIV,,,0.0,4912
18523,HIV,,,0.0,6989
18524,HIV,,,0.0,6990
18525,HIV,,,0.0,6991
18526,HIV,,,0.0,6991
18527,HIV,,,0.0,1963
18528,HIV,,,0.0,6992
18529,HIV,,,0.0,6993
18530,HIV,,,0.0,1963
18531,HIV,,,0.0,6994
18532,HIV,,,0.0,6995
18533,HIV,,,0.0,8959
18534,HIV,,,0.0,6995
18535,HIV,,,0.0,6996
18536,HIV,,,0.0,6997
18537,HIV,,,0.0,1963
18538,HIV,,,0.0,2546
18539,HIV,,,0.0,6998
18540,HIV,,,0.0,6999
18541,HIV,,,0.0,7000
18542,HIV,,,0.0,7001
18543,HIV,,,0.0,285
18544,HIV,,,0.0,7002
18545,HIV,,,0.0,7356
18546,HIV,,,0.0,7003
18547,HIV,,,0.0,7004
18548,HIV,,,0.0,12666
18549,HIV,,,0.0,7005
18550,HIV,,,0.0,7006
18551,HIV,,,0.0,7007
18552,HIV,,,0.0,7007
18553,HIV,,,0.0,441
18554,HIV,,,1.0,441
18555,HIV,,,0.0,441
18556,HIV,,,1.0,8710
18557,HIV,,,0.0,441
18558,HIV,,,0.0,441
18559,HIV,,,0.0,7008
18560,HIV,,,0.0,7009
18561,HIV,,,0.0,7009
18562,HIV,,,0.0,10746
18563,HIV,,,0.0,10746
18564,HIV,,,0.0,10746
18565,HIV,,,0.0,10746
18566,HIV,,,0.0,10746
18567,HIV,,,0.0,7010
18568,HIV,,,0.0,7010
18569,HIV,,,0.0,7011
18570,HIV,,,0.0,7591
18571,HIV,,,0.0,7213
18572,HIV,,,0.0,7213
18573,HIV,,,0.0,7213
18574,HIV,,,0.0,205
18575,HIV,,,0.0,7439
18576,HIV,,,0.0,7012
18577,HIV,,,0.0,5
18578,HIV,,,0.0,5992
18579,HIV,,,0.0,5992
18580,HIV,,,0.0,5992
18581,HIV,,,0.0,5992
18582,HIV,,,0.0,5992
18583,HIV,,,0.0,7013
18584,HIV,,,0.0,9319
18585,HIV,,,0.0,7014
18586,HIV,,,0.0,10633
18587,HIV,,,0.0,7015
18588,HIV,,,0.0,7016
18589,HIV,,,0.0,3309
18590,HIV,,,0.0,11925
18591,HIV,,,0.0,11925
18592,HIV,,,0.0,11925
18593,HIV,,,0.0,7017
18594,HIV,,,0.0,7018
18595,HIV,,,0.0,7018
18596,HIV,,,0.0,7019
18597,HIV,,,0.0,7020
18598,HIV,,,0.0,7021
18599,HIV,,,0.0,7022
18600,HIV,,,0.0,8454
18601,HIV,,,0.0,8454
18602,HIV,,,0.0,8454
18603,HIV,,,0.0,8454
18604,HIV,,,0.0,8454
18605,HIV,,,0.0,8454
18606,HIV,,,0.0,8454
18607,HIV,,,0.0,8454
18608,HIV,,,0.0,10138
18609,HIV,,,0.0,10138
18610,HIV,,,0.0,10138
18611,HIV,,,0.0,10138
18612,HIV,,,0.0,10138
18613,HIV,,,0.0,10138
18614,HIV,,,0.0,10138
18615,HIV,,,0.0,10138
18616,HIV,,,0.0,11301
18617,HIV,,,1.0,11301
18618,HIV,,,0.0,11301
18619,HIV,,,1.0,11301
18620,HIV,,,0.0,7023
18621,HIV,,,0.0,7023
18622,HIV,,,0.0,7024
18623,HIV,,,0.0,7024
18624,HIV,,,0.0,7025
18625,HIV,,,0.0,7026
18626,HIV,,,0.0,4412
18627,HIV,,,0.0,7028
18628,HIV,,,0.0,7027
18629,HIV,,,0.0,7027
18630,HIV,,,0.0,7028
18631,HIV,,,0.0,7027
18632,HIV,,,0.0,7027
18633,HIV,,,0.0,7027
18634,HIV,,,0.0,7027
18635,HIV,,,0.0,7027
18636,HIV,,,0.0,7027
18637,HIV,,,0.0,7027
18638,HIV,,,0.0,7027
18639,HIV,,,0.0,7027
18640,HIV,,,0.0,7611
18641,HIV,,,0.0,7611
18642,HIV,,,0.0,7611
18643,HIV,,,0.0,7611
18644,HIV,,,0.0,7029
18645,HIV,,,0.0,7029
18646,HIV,,,0.0,7028
18647,HIV,,,0.0,7611
18648,HIV,,,0.0,7611
18649,HIV,,,0.0,7611
18650,HIV,,,0.0,7611
18651,HIV,,,0.0,7611
18652,HIV,,,0.0,7611
18653,HIV,,,0.0,7611
18654,HIV,,,0.0,7611
18655,HIV,,,1.0,6891
18656,HIV,,,1.0,6890
18657,HIV,,,1.0,10760
18658,HIV,,,0.0,7030
18659,HIV,,,0.0,7031
18660,HIV,,,0.0,4078
18661,HIV,,,0.0,11172
18662,HIV,,,1.0,2546
18663,HIV,,,0.0,7031
18664,HIV,,,0.0,7032
18665,HIV,,,0.0,14116
18666,HIV,,,0.0,7033
18667,HIV,,,0.0,7034
18668,HIV,,,0.0,14106
18669,HIV,,,0.0,7035
18670,HIV,,,0.0,7289
18671,HIV,,,0.0,7289
18672,HIV,,,0.0,7289
18673,HIV,,,0.0,7036
18674,HIV,,,0.0,7289
18675,HIV,,,0.0,7035
18676,HIV,,,0.0,7289
18677,HIV,,,0.0,7037
18678,HIV,,,0.0,7337
18679,HIV,,,0.0,7038
18680,HIV,,,0.0,11406
18681,HIV,,,0.0,5165
18682,HIV,,,0.0,7039
18683,HIV,,,0.0,5970
18684,HIV,,,0.0,5970
18685,HIV,,,0.0,10633
18686,HIV,,,0.0,7040
18687,HIV,,,0.0,7289
18688,HIV,,,0.0,7041
18689,HIV,,,0.0,7042
18690,HIV,,,0.0,7043
18691,HIV,,,0.0,7289
18692,HIV,,,0.0,7289
18693,HIV,,,0.0,5165
18694,HIV,,,0.0,7535
18695,HIV,,,0.0,7535
18696,HIV,,,0.0,7044
18697,HIV,,,0.0,7045
18698,HIV,,,0.0,13419
18699,HIV,,,0.0,7046
18700,HIV,,,0.0,7047
18701,HIV,,,0.0,7048
18702,HIV,,,0.0,5747
18703,HIV,,,0.0,4662
18704,HIV,,,0.0,7049
18705,HIV,,,0.0,4662
18706,HIV,,,0.0,4662
18707,HIV,,,0.0,7049
18708,HIV,,,0.0,1016
18709,HIV,,,0.0,7050
18710,HIV,,,0.0,7051
18711,HIV,,,0.0,7052
18712,HIV,,,0.0,7053
18713,HIV,,,0.0,7054
18714,HIV,,,0.0,7055
18715,HIV,,,0.0,14106
18716,HIV,,,0.0,5730
18717,HIV,,,0.0,7056
18718,HIV,,,0.0,7388
18719,HIV,,,0.0,5363
18720,HIV,,,0.0,2546
18721,HIV,,,0.0,2546
18722,HIV,,,0.0,7057
18723,HIV,,,0.0,14106
18724,HIV,,,0.0,7058
18725,HIV,,,0.0,1016
18726,HIV,,,0.0,5165
18727,HIV,,,0.0,7059
18728,HIV,,,0.0,7060
18729,HIV,,,0.0,7061
18730,HIV,,,0.0,5165
18731,HIV,,,0.0,5165
18732,HIV,,,0.0,5165
18733,HIV,,,0.0,5165
18734,HIV,,,0.0,5165
18735,HIV,,,0.0,5165
18736,HIV,,,0.0,5165
18737,HIV,,,0.0,5165
18738,HIV,,,0.0,5165
18739,HIV,,,0.0,5165
18740,HIV,,,0.0,5165
18741,HIV,,,0.0,6801
18742,HIV,,,0.0,10279
18743,HIV,,,0.0,5165
18744,HIV,,,0.0,10279
18745,HIV,,,0.0,5165
18746,HIV,,,0.0,5165
18747,HIV,,,0.0,7062
18748,HIV,,,0.0,5165
18749,HIV,,,0.0,7289
18750,HIV,,,0.0,7063
18751,HIV,,,0.0,2485
18752,HIV,,,0.0,7064
18753,HIV,,,0.0,7289
18754,HIV,,,0.0,7289
18755,HIV,,,0.0,7289
18756,HIV,,,0.0,7065
18757,HIV,,,0.0,7289
18758,HIV,,,0.0,7065
18759,HIV,,,0.0,6801
18760,HIV,,,0.0,7289
18761,HIV,,,0.0,7289
18762,HIV,,,0.0,7289
18763,HIV,,,0.0,7289
18764,HIV,,,0.0,7289
18765,HIV,,,0.0,7289
18766,HIV,,,0.0,7289
18767,HIV,,,0.0,7289
18768,HIV,,,0.0,7289
18769,HIV,,,0.0,7289
18770,HIV,,,0.0,7289
18771,HIV,,,0.0,7289
18772,HIV,,,0.0,7289
18773,HIV,,,0.0,7289
18774,HIV,,,0.0,7289
18775,HIV,,,0.0,7289
18776,HIV,,,0.0,7289
18777,HIV,,,0.0,7289
18778,HIV,,,0.0,7289
18779,HIV,,,0.0,7289
18780,HIV,,,0.0,7289
18781,HIV,,,0.0,7289
18782,HIV,,,0.0,7289
18783,HIV,,,0.0,7289
18784,HIV,,,0.0,7289
18785,HIV,,,0.0,7289
18786,HIV,,,0.0,7289
18787,HIV,,,0.0,7289
18788,HIV,,,0.0,7289
18789,HIV,,,0.0,7289
18790,HIV,,,0.0,7289
18791,HIV,,,0.0,7289
18792,HIV,,,0.0,7289
18793,HIV,,,0.0,7289
18794,HIV,,,1.0,7535
18795,HIV,,,0.0,7644
18796,HIV,,,0.0,7644
18797,HIV,,,0.0,7066
18798,HIV,,,0.0,7644
18799,HIV,,,0.0,7644
18800,HIV,,,0.0,7644
18801,HIV,,,0.0,7644
18802,HIV,,,0.0,6801
18803,HIV,,,0.0,8983
18804,HIV,,,0.0,7067
18805,HIV,,,0.0,7067
18806,HIV,,,0.0,7067
18807,HIV,,,0.0,7067
18808,HIV,,,0.0,7067
18809,HIV,,,0.0,7067
18810,HIV,,,0.0,7068
18811,HIV,,,0.0,6801
18812,HIV,,,0.0,7071
18813,HIV,,,0.0,7068
18814,HIV,,,0.0,7069
18815,HIV,,,0.0,7067
18816,HIV,,,0.0,7067
18817,HIV,,,0.0,7070
18818,HIV,,,0.0,7071
18819,HIV,,,0.0,3021
18820,HIV,,,0.0,4183
18821,HIV,,,0.0,205
18822,HIV,,,0.0,3021
18823,HIV,,,0.0,3021
18824,HIV,,,0.0,7591
18825,HIV,,,0.0,7591
18826,HIV,,,0.0,7072
18827,HIV,,,0.0,7072
18828,HIV,,,0.0,7072
18829,HIV,,,0.0,7072
18830,HIV,,,0.0,7591
18831,HIV,,,0.0,7591
18832,HIV,,,0.0,7591
18833,HIV,,,0.0,7591
18834,HIV,,,0.0,5165
18835,HIV,,,0.0,5165
18836,HIV,,,0.0,8012
18837,HIV,,,0.0,8012
18838,HIV,,,0.0,7073
18839,HIV,,,0.0,10746
18840,HIV,,,0.0,5165
18841,HIV,,,0.0,5165
18842,HIV,,,0.0,8012
18843,HIV,,,0.0,8012
18844,HIV,,,0.0,8012
18845,HIV,,,0.0,9461
18846,HIV,,,0.0,9461
18847,HIV,,,0.0,9461
18848,HIV,,,0.0,7074
18849,HIV,,,0.0,7075
18850,HIV,,,0.0,7076
18851,HIV,,,0.0,3294
18852,HIV,,,0.0,7077
18853,HIV,,,0.0,7078
18854,HIV,,,0.0,5
18855,HIV,,,0.0,1344
18856,HIV,,,0.0,1344
18857,HIV,,,0.0,1344
18858,HIV,,,0.0,7079
18859,HIV,,,0.0,7079
18860,HIV,,,0.0,7080
18861,HIV,,,0.0,7080
18862,HIV,,,1.0,7081
18863,HIV,,,0.0,7082
18864,HIV,,,0.0,7083
18865,HIV,,,0.0,1016
18866,HIV,,,0.0,434
18867,HIV,,,0.0,5165
18868,HIV,,,0.0,5165
18869,HIV,,,0.0,5165
18870,HIV,,,0.0,5165
18871,HIV,,,0.0,5165
18872,HIV,,,0.0,7084
18873,HIV,,,0.0,7084
18874,HIV,,,0.0,7084
18875,HIV,,,0.0,7084
18876,HIV,,,0.0,7084
18877,HIV,,,0.0,7085
18878,HIV,,,0.0,7086
18879,HIV,,,0.0,7087
18880,HIV,,,0.0,7088
18881,HIV,,,0.0,7089
18882,HIV,,,0.0,7090
18883,HIV,,,0.0,604
18884,HIV,,,0.0,604
18885,HIV,,,0.0,7091
18886,HIV,,,0.0,604
18887,HIV,,,0.0,604
18888,HIV,,,0.0,604
18889,HIV,,,0.0,604
18890,HIV,,,0.0,604
18891,HIV,,,0.0,604
18892,HIV,,,0.0,604
18893,HIV,,,0.0,604
18894,HIV,,,0.0,604
18895,HIV,,,0.0,604
18896,HIV,,,0.0,604
18897,HIV,,,0.0,604
18898,HIV,,,0.0,7092
18899,HIV,,,0.0,604
18900,HIV,,,0.0,7093
18901,HIV,,,0.0,604
18902,HIV,,,0.0,604
18903,HIV,,,0.0,604
18904,HIV,,,0.0,604
18905,HIV,,,0.0,604
18906,HIV,,,0.0,604
18907,HIV,,,0.0,604
18908,HIV,,,0.0,604
18909,HIV,,,0.0,604
18910,HIV,,,0.0,604
18911,HIV,,,0.0,604
18912,HIV,,,0.0,604
18913,HIV,,,0.0,604
18914,HIV,,,0.0,604
18915,HIV,,,0.0,604
18916,HIV,,,0.0,604
18917,HIV,,,0.0,604
18918,HIV,,,0.0,604
18919,HIV,,,0.0,604
18920,HIV,,,0.0,604
18921,HIV,,,0.0,604
18922,HIV,,,0.0,7094
18923,HIV,,,0.0,604
18924,HIV,,,0.0,7095
18925,HIV,,,0.0,7096
18926,HIV,,,0.0,98
18927,HIV,,,0.0,1742
18928,HIV,,,0.0,604
18929,HIV,,,0.0,604
18930,HIV,,,0.0,9104
18931,HIV,,,0.0,1729
18932,HIV,,,0.0,5151
18933,HIV,,,0.0,5165
18934,HIV,,,0.0,11406
18935,HIV,,,0.0,11406
18936,HIV,,,0.0,7535
18937,HIV,,,0.0,7535
18938,HIV,,,0.0,11406
18939,HIV,,,0.0,7535
18940,HIV,,,0.0,7535
18941,HIV,,,0.0,7535
18942,HIV,,,0.0,7535
18943,HIV,,,0.0,7535
18944,HIV,,,0.0,7535
18945,HIV,,,0.0,7928
18946,HIV,,,0.0,7535
18947,HIV,,,0.0,7928
18948,HIV,,,0.0,7097
18949,HIV,,,0.0,7098
18950,HIV,,,0.0,7098
18951,HIV,,,0.0,7098
18952,HIV,,,0.0,7098
18953,HIV,,,0.0,7098
18954,HIV,,,0.0,7535
18955,HIV,,,0.0,7098
18956,HIV,,,0.0,7098
18957,HIV,,,0.0,7098
18958,HIV,,,0.0,7099
18959,HIV,,,0.0,7098
18960,HIV,,,0.0,7098
18961,HIV,,,0.0,7098
18962,HIV,,,0.0,7100
18963,HIV,,,0.0,7098
18964,HIV,,,0.0,7098
18965,HIV,,,0.0,7098
18966,HIV,,,0.0,7098
18967,HIV,,,0.0,7098
18968,HIV,,,0.0,7535
18969,HIV,,,0.0,7098
18970,HIV,,,0.0,7101
18971,HIV,,,0.0,7535
18972,HIV,,,0.0,7928
18973,HIV,,,0.0,7535
18974,HIV,,,0.0,7928
18975,HIV,,,0.0,7928
18976,HIV,,,0.0,7098
18977,HIV,,,0.0,7535
18978,HIV,,,0.0,7535
18979,HIV,,,0.0,7180
18980,HIV,,,0.0,11406
18981,HIV,,,1.0,7102
18982,HIV,,,0.0,335
18983,HIV,,,0.0,7103
18984,HIV,,,0.0,335
18985,HIV,,,0.0,335
18986,HIV,,,0.0,335
18987,HIV,,,0.0,7104
18988,HIV,,,0.0,3086
18989,HIV,,,1.0,10760
18990,HIV,,,0.0,441
18991,HIV,,,0.0,441
18992,HIV,,,0.0,441
18993,HIV,,,0.0,441
18994,HIV,,,0.0,441
18995,HIV,,,1.0,441
18996,HIV,,,0.0,7076
18997,HIV,,,0.0,7105
18998,HIV,,,0.0,7106
18999,HIV,,,0.0,7107
19000,HIV,,,0.0,7108
19001,HIV,,,1.0,7108
19002,HIV,,,0.0,7109
19003,HIV,,,0.0,7110
19004,HIV,,,0.0,7111
19005,HIV,,,0.0,7111
19006,HIV,,,0.0,7112
19007,HIV,,,0.0,7112
19008,HIV,,,0.0,6502
19009,HIV,,,0.0,7113
19010,HIV,,,0.0,7113
19011,HIV,,,0.0,7113
19012,HIV,,,0.0,7113
19013,HIV,,,0.0,3279
19014,HIV,,,0.0,7634
19015,HIV,,,0.0,7114
19016,HIV,,,0.0,3138
19017,HIV,,,0.0,7115
19018,HIV,,,0.0,7116
19019,HIV,,,0.0,7117
19020,HIV,,,0.0,7118
19021,HIV,,,0.0,7119
19022,HIV,,,0.0,7120
19023,HIV,,,0.0,5165
19024,HIV,,,0.0,5165
19025,HIV,,,0.0,5165
19026,HIV,,,0.0,10746
19027,HIV,,,0.0,10746
19028,HIV,,,0.0,10746
19029,HIV,,,0.0,10746
19030,HIV,,,0.0,10746
19031,HIV,,,0.0,10746
19032,HIV,,,0.0,10746
19033,HIV,,,0.0,10746
19034,HIV,,,0.0,10746
19035,HIV,,,0.0,10746
19036,HIV,,,0.0,10746
19037,HIV,,,0.0,7121
19038,HIV,,,0.0,7652
19039,HIV,,,0.0,1699
19040,HIV,,,0.0,7122
19041,HIV,,,0.0,7123
19042,HIV,,,0.0,7123
19043,HIV,,,0.0,1016
19044,HIV,,,0.0,10138
19045,HIV,,,0.0,10138
19046,HIV,,,0.0,10138
19047,HIV,,,0.0,10138
19048,HIV,,,0.0,10138
19049,HIV,,,0.0,1016
19050,HIV,,,0.0,1016
19051,HIV,,,0.0,10138
19052,HIV,,,0.0,1016
19053,HIV,,,0.0,1016
19054,HIV,,,0.0,1016
19055,HIV,,,0.0,1016
19056,HIV,,,0.0,1016
19057,HIV,,,0.0,1016
19058,HIV,,,0.0,12273
19059,HIV,,,0.0,12273
19060,HIV,,,0.0,12273
19061,HIV,,,0.0,8012
19062,HIV,,,0.0,10746
19063,HIV,,,0.0,8012
19064,HIV,,,0.0,5363
19065,HIV,,,0.0,5363
19066,HIV,,,0.0,5363
19067,HIV,,,0.0,5363
19068,HIV,,,0.0,5363
19069,HIV,,,0.0,5363
19070,HIV,,,0.0,5363
19071,HIV,,,0.0,5363
19072,HIV,,,0.0,5363
19073,HIV,,,0.0,5363
19074,HIV,,,0.0,5363
19075,HIV,,,0.0,5363
19076,HIV,,,0.0,5363
19077,HIV,,,0.0,5363
19078,HIV,,,0.0,7124
19079,HIV,,,0.0,497
19080,HIV,,,0.0,5747
19081,HIV,,,0.0,5747
19082,HIV,,,0.0,5747
19083,HIV,,,0.0,3309
19084,HIV,,,0.0,3309
19085,HIV,,,0.0,7125
19086,HIV,,,0.0,7126
19087,HIV,,,0.0,7127
19088,HIV,,,0.0,7128
19089,HIV,,,0.0,7129
19090,HIV,,,0.0,7130
19091,HIV,,,0.0,7130
19092,HIV,,,0.0,7130
19093,HIV,,,0.0,7131
19094,HIV,,,0.0,8959
19095,HIV,,,0.0,5718
19096,HIV,,,0.0,7132
19097,HIV,,,0.0,7132
19098,HIV,,,0.0,7132
19099,HIV,,,0.0,7132
19100,HIV,,,0.0,7132
19101,HIV,,,0.0,7132
19102,HIV,,,0.0,7132
19103,HIV,,,0.0,7132
19104,HIV,,,0.0,7132
19105,HIV,,,0.0,7133
19106,HIV,,,0.0,7132
19107,HIV,,,0.0,7132
19108,HIV,,,0.0,7132
19109,HIV,,,0.0,7132
19110,HIV,,,0.0,7132
19111,HIV,,,0.0,7132
19112,HIV,,,0.0,2688
19113,HIV,,,0.0,1344
19114,HIV,,,0.0,1344
19115,HIV,,,0.0,7134
19116,HIV,,,0.0,1344
19117,HIV,,,0.0,7135
19118,HIV,,,0.0,10633
19119,HIV,,,0.0,2688
19120,HIV,,,0.0,7136
19121,HIV,,,0.0,7137
19122,HIV,,,0.0,7138
19123,HIV,,,0.0,7139
19124,HIV,,,0.0,7140
19125,HIV,,,0.0,7141
19126,HIV,,,0.0,7142
19127,HIV,,,0.0,7143
19128,HIV,,,0.0,7098
19129,HIV,,,0.0,7098
19130,HIV,,,0.0,7098
19131,HIV,,,0.0,7144
19132,HIV,,,0.0,7145
19133,HIV,,,0.0,7098
19134,HIV,,,0.0,7145
19135,HIV,,,0.0,7098
19136,HIV,,,0.0,7150
19137,HIV,,,0.0,11406
19138,HIV,,,0.0,7098
19139,HIV,,,0.0,7098
19140,HIV,,,0.0,7098
19141,HIV,,,0.0,7098
19142,HIV,,,0.0,7098
19143,HIV,,,0.0,7098
19144,HIV,,,0.0,7098
19145,HIV,,,0.0,7098
19146,HIV,,,0.0,7098
19147,HIV,,,0.0,7146
19148,HIV,,,0.0,7098
19149,HIV,,,0.0,7147
19150,HIV,,,0.0,7148
19151,HIV,,,0.0,7098
19152,HIV,,,0.0,7098
19153,HIV,,,0.0,7098
19154,HIV,,,0.0,7098
19155,HIV,,,0.0,7098
19156,HIV,,,0.0,7150
19157,HIV,,,0.0,7098
19158,HIV,,,0.0,7149
19159,HIV,,,0.0,7150
19160,HIV,,,0.0,7928
19161,HIV,,,0.0,7150
19162,HIV,,,0.0,7098
19163,HIV,,,0.0,7098
19164,HIV,,,0.0,7098
19165,HIV,,,0.0,7098
19166,HIV,,,0.0,7150
19167,HIV,,,0.0,7098
19168,HIV,,,0.0,7098
19169,HIV,,,0.0,7150
19170,HIV,,,0.0,3279
19171,HIV,,,0.0,155
19172,HIV,,,0.0,155
19173,HIV,,,0.0,155
19174,HIV,,,0.0,7151
19175,HIV,,,0.0,7152
19176,HIV,,,0.0,7152
19177,HIV,,,0.0,7152
19178,HIV,,,0.0,7152
19179,HIV,,,0.0,7153
19180,HIV,,,0.0,7154
19181,HIV,,,0.0,7154
19182,HIV,,,0.0,7154
19183,HIV,,,0.0,7154
19184,HIV,,,0.0,7154
19185,HIV,,,0.0,7154
19186,HIV,,,0.0,7155
19187,HIV,,,0.0,5363
19188,HIV,,,0.0,5363
19189,HIV,,,0.0,5363
19190,HIV,,,0.0,5363
19191,HIV,,,0.0,7156
19192,HIV,,,0.0,5363
19193,HIV,,,0.0,7157
19194,HIV,,,0.0,7158
19195,HIV,,,1.0,14106
19196,HIV,,,0.0,7159
19197,HIV,,,0.0,7159
19198,HIV,,,0.0,7160
19199,HIV,,,0.0,7161
19200,HIV,,,0.0,7162
19201,HIV,,,0.0,7163
19202,HIV,,,0.0,7164
19203,HIV,,,0.0,7165
19204,HIV,,,0.0,7166
19205,HIV,,,0.0,7167
19206,HIV,,,0.0,7168
19207,HIV,,,0.0,7611
19208,HIV,,,0.0,3309
19209,HIV,,,0.0,3309
19210,HIV,,,0.0,3309
19211,HIV,,,0.0,3309
19212,HIV,,,0.0,7169
19213,HIV,,,0.0,7170
19214,HIV,,,0.0,7171
19215,HIV,,,0.0,7172
19216,HIV,,,0.0,3309
19217,HIV,,,0.0,7173
19218,HIV,,,0.0,7174
19219,HIV,,,0.0,7535
19220,HIV,,,0.0,7175
19221,HIV,,,0.0,7176
19222,HIV,,,0.0,7176
19223,HIV,,,0.0,7177
19224,HIV,,,0.0,7174
19225,HIV,,,0.0,7535
19226,HIV,,,0.0,7174
19227,HIV,,,0.0,11406
19228,HIV,,,0.0,7174
19229,HIV,,,0.0,7180
19230,HIV,,,0.0,7178
19231,HIV,,,0.0,7179
19232,HIV,,,0.0,6758
19233,HIV,,,0.0,7928
19234,HIV,,,0.0,7180
19235,HIV,,,0.0,7535
19236,HIV,,,0.0,7535
19237,HIV,,,0.0,7535
19238,HIV,,,0.0,7535
19239,HIV,,,0.0,7289
19240,HIV,,,0.0,7535
19241,HIV,,,0.0,7535
19242,HIV,,,0.0,7098
19243,HIV,,,0.0,7928
19244,HIV,,,0.0,7535
19245,HIV,,,0.0,7098
19246,HIV,,,0.0,7181
19247,HIV,,,0.0,7181
19248,HIV,,,0.0,7098
19249,HIV,,,0.0,7535
19250,HIV,,,0.0,7535
19251,HIV,,,0.0,7928
19252,HIV,,,0.0,7535
19253,HIV,,,0.0,7928
19254,HIV,,,0.0,7182
19255,HIV,,,0.0,5363
19256,HIV,,,0.0,5363
19257,HIV,,,1.0,441
19258,HIV,,,1.0,441
19259,HIV,,,1.0,441
19260,HIV,,,1.0,441
19261,HIV,,,0.0,7388
19262,HIV,,,0.0,2745
19263,HIV,,,0.0,7183
19264,HIV,,,0.0,7184
19265,HIV,,,0.0,7185
19266,HIV,,,0.0,7186
19267,HIV,,,0.0,7186
19268,HIV,,,0.0,7187
19269,HIV,,,0.0,45
19270,HIV,,,0.0,45
19271,HIV,,,0.0,2546
19272,HIV,,,0.0,2546
19273,HIV,,,0.0,7356
19274,HIV,,,0.0,7188
19275,HIV,,,0.0,7189
19276,HIV,,,1.0,434
19277,HIV,,,1.0,434
19278,HIV,,,0.0,7190
19279,HIV,,,0.0,7191
19280,HIV,,,0.0,45
19281,HIV,,,0.0,5165
19282,HIV,,,0.0,5165
19283,HIV,,,0.0,7191
19284,HIV,,,0.0,7192
19285,HIV,,,0.0,452
19286,HIV,,,0.0,45
19287,HIV,,,0.0,7191
19288,HIV,,,0.0,7193
19289,HIV,,,0.0,7193
19290,HIV,,,1.0,7194
19291,HIV,,,0.0,7195
19292,HIV,,,0.0,7196
19293,HIV,,,0.0,7197
19294,HIV,,,0.0,8392
19295,HIV,,,0.0,7198
19296,HIV,,,0.0,7199
19297,HIV,,,0.0,10390
19298,HIV,,,0.0,10390
19299,HIV,,,0.0,10390
19300,HIV,,,0.0,7200
19301,HIV,,,0.0,7201
19302,HIV,,,0.0,7201
19303,HIV,,,0.0,7202
19304,HIV,,,0.0,335
19305,HIV,,,0.0,5250
19306,HIV,,,0.0,7203
19307,HIV,,,0.0,7204
19308,HIV,,,0.0,7204
19309,HIV,,,0.0,7535
19310,HIV,,,0.0,7535
19311,HIV,,,0.0,7535
19312,HIV,,,0.0,7928
19313,HIV,,,0.0,7928
19314,HIV,,,0.0,7928
19315,HIV,,,0.0,7928
19316,HIV,,,0.0,7928
19317,HIV,,,0.0,7928
19318,HIV,,,0.0,7928
19319,HIV,,,0.0,10400
19320,HIV,,,0.0,7205
19321,HIV,,,0.0,7206
19322,HIV,,,0.0,7928
19323,HIV,,,0.0,7289
19324,HIV,,,0.0,7207
19325,HIV,,,0.0,7928
19326,HIV,,,0.0,7928
19327,HIV,,,0.0,7928
19328,HIV,,,0.0,7205
19329,HIV,,,0.0,7928
19330,HIV,,,0.0,7928
19331,HIV,,,0.0,7208
19332,HIV,,,1.0,6890
19333,HIV,,,1.0,6891
19334,HIV,,,1.0,6890
19335,HIV,,,1.0,6890
19336,HIV,,,1.0,6890
19337,HIV,,,0.0,1016
19338,HIV,,,0.0,7209
19339,HIV,,,0.0,14106
19340,HIV,,,0.0,14106
19341,HIV,,,0.0,7210
19342,HIV,,,0.0,7211
19343,HIV,,,0.0,5250
19344,HIV,,,0.0,8959
19345,HIV,,,1.0,7794
19346,HIV,,,1.0,7794
19347,HIV,,,0.0,7212
19348,HIV,,,0.0,7273
19349,HIV,,,0.0,7273
19350,HIV,,,0.0,7591
19351,HIV,,,0.0,7591
19352,HIV,,,0.0,7213
19353,HIV,,,0.0,7213
19354,HIV,,,0.0,7213
19355,HIV,,,0.0,7213
19356,HIV,,,0.0,7214
19357,HIV,,,0.0,7215
19358,HIV,,,0.0,6801
19359,HIV,,,0.0,6801
19360,HIV,,,0.0,6801
19361,HIV,,,0.0,6801
19362,HIV,,,0.0,7216
19363,HIV,,,0.0,6801
19364,HIV,,,0.0,5245
19365,HIV,,,0.0,5245
19366,HIV,,,0.0,5245
19367,HIV,,,0.0,5245
19368,HIV,,,0.0,10746
19369,HIV,,,0.0,8012
19370,HIV,,,0.0,8012
19371,HIV,,,0.0,7337
19372,HIV,,,0.0,7217
19373,HIV,,,0.0,7218
19374,HIV,,,0.0,7337
19375,HIV,,,0.0,7219
19376,HIV,,,0.0,7220
19377,HIV,,,0.0,7221
19378,HIV,,,0.0,7928
19379,HIV,,,0.0,7928
19380,HIV,,,0.0,7205
19381,HIV,,,0.0,7535
19382,HIV,,,0.0,7043
19383,HIV,,,0.0,7535
19384,HIV,,,0.0,7222
19385,HIV,,,0.0,7223
19386,HIV,,,0.0,7224
19387,HIV,,,0.0,7224
19388,HIV,,,0.0,7224
19389,HIV,,,0.0,7225
19390,HIV,,,0.0,7226
19391,HIV,,,0.0,7227
19392,HIV,,,0.0,9040
19393,HIV,,,0.0,7231
19394,HIV,,,0.0,7228
19395,HIV,,,0.0,7920
19396,HIV,,,0.0,7229
19397,HIV,,,0.0,7899
19398,HIV,,,0.0,7920
19399,HIV,,,0.0,7230
19400,HIV,,,0.0,7920
19401,HIV,,,0.0,7921
19402,HIV,,,0.0,7231
19403,HIV,,,0.0,7232
19404,HIV,,,0.0,6801
19405,HIV,,,0.0,7920
19406,HIV,,,0.0,7899
19407,HIV,,,0.0,7231
19408,HIV,,,0.0,7899
19409,HIV,,,0.0,7233
19410,HIV,,,0.0,10400
19411,HIV,,,0.0,6801
19412,HIV,,,0.0,7234
19413,HIV,,,0.0,10400
19414,HIV,,,0.0,7234
19415,HIV,,,0.0,5992
19416,HIV,,,0.0,10400
19417,HIV,,,0.0,10400
19418,HIV,,,0.0,5992
19419,HIV,,,0.0,10400
19420,HIV,,,0.0,7235
19421,HIV,,,0.0,10400
19422,HIV,,,0.0,10400
19423,HIV,,,0.0,7236
19424,HIV,,,0.0,10400
19425,HIV,,,0.0,10400
19426,HIV,,,0.0,7236
19427,HIV,,,0.0,6086
19428,HIV,,,0.0,10400
19429,HIV,,,0.0,10400
19430,HIV,,,0.0,7237
19431,HIV,,,0.0,10400
19432,HIV,,,0.0,10400
19433,HIV,,,0.0,10400
19434,HIV,,,0.0,10400
19435,HIV,,,0.0,7238
19436,HIV,,,0.0,7239
19437,HIV,,,0.0,10400
19438,HIV,,,0.0,10400
19439,HIV,,,0.0,10400
19440,HIV,,,0.0,10400
19441,HIV,,,0.0,7240
19442,HIV,,,0.0,7180
19443,HIV,,,0.0,7241
19444,HIV,,,0.0,5363
19445,HIV,,,0.0,7242
19446,HIV,,,1.0,7243
19447,HIV,,,0.0,7535
19448,HIV,,,0.0,11406
19449,HIV,,,0.0,11406
19450,HIV,,,0.0,7535
19451,HIV,,,0.0,11406
19452,HIV,,,0.0,7244
19453,HIV,,,0.0,11406
19454,HIV,,,0.0,7245
19455,HIV,,,0.0,7249
19456,HIV,,,0.0,7246
19457,HIV,,,0.0,7247
19458,HIV,,,0.0,7928
19459,HIV,,,0.0,7248
19460,HIV,,,0.0,7928
19461,HIV,,,0.0,7249
19462,HIV,,,0.0,11406
19463,HIV,,,0.0,7535
19464,HIV,,,0.0,7535
19465,HIV,,,0.0,7250
19466,HIV,,,0.0,11406
19467,HIV,,,0.0,11406
19468,HIV,,,0.0,1729
19469,HIV,,,0.0,11406
19470,HIV,,,0.0,7535
19471,HIV,,,0.0,5970
19472,HIV,,,0.0,7928
19473,HIV,,,0.0,7098
19474,HIV,,,0.0,7098
19475,HIV,,,0.0,7251
19476,HIV,,,0.0,7098
19477,HIV,,,0.0,7098
19478,HIV,,,0.0,7252
19479,HIV,,,0.0,7253
19480,HIV,,,0.0,7098
19481,HIV,,,0.0,7098
19482,HIV,,,0.0,7098
19483,HIV,,,0.0,7098
19484,HIV,,,0.0,7098
19485,HIV,,,0.0,7098
19486,HIV,,,0.0,7098
19487,HIV,,,0.0,7928
19488,HIV,,,0.0,7254
19489,HIV,,,0.0,7255
19490,HIV,,,0.0,7928
19491,HIV,,,0.0,7256
19492,HIV,,,0.0,7687
19493,HIV,,,0.0,12408
19494,HIV,,,0.0,7098
19495,HIV,,,0.0,1729
19496,HIV,,,0.0,7928
19497,HIV,,,0.0,7928
19498,HIV,,,0.0,11406
19499,HIV,,,0.0,7535
19500,HIV,,,0.0,7928
19501,HIV,,,0.0,7928
19502,HIV,,,0.0,7535
19503,HIV,,,0.0,7257
19504,HIV,,,0.0,11406
19505,HIV,,,0.0,7928
19506,HIV,,,0.0,2546
19507,HIV,,,0.0,7535
19508,HIV,,,0.0,7539
19509,HIV,,,0.0,7258
19510,HIV,,,0.0,7535
19511,HIV,,,0.0,7259
19512,HIV,,,0.0,8099
19513,HIV,,,0.0,7260
19514,HIV,,,0.0,7928
19515,HIV,,,0.0,7535
19516,HIV,,,0.0,7261
19517,HIV,,,0.0,7928
19518,HIV,,,0.0,7928
19519,HIV,,,0.0,7262
19520,HIV,,,0.0,7834
19521,HIV,,,0.0,7263
19522,HIV,,,0.0,7928
19523,HIV,,,0.0,7264
19524,HIV,,,0.0,11406
19525,HIV,,,0.0,7265
19526,HIV,,,0.0,11406
19527,HIV,,,0.0,5970
19528,HIV,,,0.0,5970
19529,HIV,,,0.0,7237
19530,HIV,,,0.0,7289
19531,HIV,,,0.0,7266
19532,HIV,,,0.0,6801
19533,HIV,,,0.0,13419
19534,HIV,,,0.0,13419
19535,HIV,,,0.0,13419
19536,HIV,,,0.0,13419
19537,HIV,,,0.0,13419
19538,HIV,,,0.0,13419
19539,HIV,,,0.0,2546
19540,HIV,,,0.0,11202
19541,HIV,,,0.0,11202
19542,HIV,,,0.0,11202
19543,HIV,,,0.0,11202
19544,HIV,,,0.0,7267
19545,HIV,,,0.0,7267
19546,HIV,,,0.0,6975
19547,HIV,,,0.0,6975
19548,HIV,,,0.0,7268
19549,HIV,,,0.0,7268
19550,HIV,,,0.0,7268
19551,HIV,,,0.0,7356
19552,HIV,,,0.0,7356
19553,HIV,,,0.0,1016
19554,HIV,,,0.0,4917
19555,HIV,,,0.0,1344
19556,HIV,,,0.0,7269
19557,HIV,,,0.0,5165
19558,HIV,,,0.0,3021
19559,HIV,,,0.0,7270
19560,HIV,,,0.0,7270
19561,HIV,,,0.0,7270
19562,HIV,,,0.0,7270
19563,HIV,,,0.0,7271
19564,HIV,,,0.0,7272
19565,HIV,,,0.0,7213
19566,HIV,,,0.0,7273
19567,HIV,,,0.0,8272
19568,HIV,,,0.0,8272
19569,HIV,,,0.0,8272
19570,HIV,,,0.0,7356
19571,HIV,,,0.0,5250
19572,HIV,,,0.0,2546
19573,HIV,,,0.0,2546
19574,HIV,,,0.0,2546
19575,HIV,,,0.0,2546
19576,HIV,,,0.0,2546
19577,HIV,,,0.0,2546
19578,HIV,,,0.0,2546
19579,HIV,,,0.0,2546
19580,HIV,,,0.0,7274
19581,HIV,,,0.0,7274
19582,HIV,,,0.0,7274
19583,HIV,,,0.0,7275
19584,HIV,,,0.0,7275
19585,HIV,,,0.0,7275
19586,HIV,,,0.0,10746
19587,HIV,,,0.0,5165
19588,HIV,,,0.0,5165
19589,HIV,,,0.0,10746
19590,HIV,,,0.0,10746
19591,HIV,,,0.0,10746
19592,HIV,,,0.0,10746
19593,HIV,,,0.0,10746
19594,HIV,,,0.0,8011
19595,HIV,,,1.0,8011
19596,HIV,,,0.0,10746
19597,HIV,,,0.0,10746
19598,HIV,,,0.0,10746
19599,HIV,,,0.0,10746
19600,HIV,,,0.0,6801
19601,HIV,,,0.0,7276
19602,HIV,,,1.0,6801
19603,HIV,,,0.0,6801
19604,HIV,,,0.0,6801
19605,HIV,,,0.0,6801
19606,HIV,,,0.0,6801
19607,HIV,,,1.0,5992
19608,HIV,,,0.0,6801
19609,HIV,,,0.0,8348
19610,HIV,,,0.0,7277
19611,HIV,,,0.0,12146
19612,HIV,,,0.0,7277
19613,HIV,,,0.0,12146
19614,HIV,,,0.0,36
19615,HIV,,,0.0,8522
19616,HIV,,,0.0,8522
19617,HIV,,,0.0,8522
19618,HIV,,,0.0,7278
19619,HIV,,,0.0,7356
19620,HIV,,,0.0,7279
19621,HIV,,,0.0,5
19622,HIV,,,0.0,5992
19623,HIV,,,0.0,7280
19624,HIV,,,0.0,5165
19625,HIV,,,0.0,7281
19626,HIV,,,0.0,7234
19627,HIV,,,0.0,7281
19628,HIV,,,0.0,13815
19629,HIV,,,0.0,10400
19630,HIV,,,0.0,7282
19631,HIV,,,0.0,9394
19632,HIV,,,0.0,10400
19633,HIV,,,0.0,7281
19634,HIV,,,0.0,5165
19635,HIV,,,0.0,7283
19636,HIV,,,0.0,7289
19637,HIV,,,0.0,7284
19638,HIV,,,0.0,5165
19639,HIV,,,0.0,7285
19640,HIV,,,0.0,7286
19641,HIV,,,0.0,7289
19642,HIV,,,0.0,7287
19643,HIV,,,0.0,10400
19644,HIV,,,0.0,5
19645,HIV,,,0.0,10400
19646,HIV,,,0.0,6801
19647,HIV,,,0.0,5165
19648,HIV,,,0.0,9031
19649,HIV,,,0.0,7266
19650,HIV,,,0.0,7288
19651,HIV,,,0.0,7043
19652,HIV,,,0.0,7289
19653,HIV,,,0.0,7928
19654,HIV,,,0.0,7928
19655,HIV,,,0.0,7928
19656,HIV,,,0.0,7289
19657,HIV,,,0.0,7289
19658,HIV,,,0.0,7928
19659,HIV,,,0.0,7290
19660,HIV,,,0.0,7928
19661,HIV,,,0.0,8255
19662,HIV,,,0.0,7928
19663,HIV,,,0.0,7289
19664,HIV,,,0.0,7291
19665,HIV,,,0.0,7535
19666,HIV,,,0.0,7928
19667,HIV,,,0.0,10400
19668,HIV,,,0.0,7292
19669,HIV,,,1.0,434
19670,HIV,,,1.0,434
19671,HIV,,,1.0,434
19672,HIV,,,1.0,434
19673,HIV,,,0.0,434
19674,HIV,,,1.0,434
19675,HIV,,,0.0,434
19676,HIV,,,0.0,434
19677,HIV,,,0.0,434
19678,HIV,,,1.0,434
19679,HIV,,,0.0,7293
19680,HIV,,,0.0,205
19681,HIV,,,0.0,7294
19682,HIV,,,0.0,7295
19683,HIV,,,0.0,7296
19684,HIV,,,0.0,7297
19685,HIV,,,0.0,7298
19686,HIV,,,0.0,7299
19687,HIV,,,0.0,10568
19688,HIV,,,0.0,7300
19689,HIV,,,0.0,7301
19690,HIV,,,0.0,7302
19691,HIV,,,0.0,7303
19692,HIV,,,0.0,7303
19693,HIV,,,0.0,1280
19694,HIV,,,0.0,7304
19695,HIV,,,0.0,7305
19696,HIV,,,0.0,7305
19697,HIV,,,0.0,7306
19698,HIV,,,0.0,7306
19699,HIV,,,0.0,7307
19700,HIV,,,0.0,13210
19701,HIV,,,0.0,7308
19702,HIV,,,0.0,7308
19703,HIV,,,0.0,5
19704,HIV,,,0.0,7309
19705,HIV,,,0.0,7310
19706,HIV,,,0.0,7311
19707,HIV,,,0.0,9085
19708,HIV,,,0.0,9085
19709,HIV,,,0.0,9085
19710,HIV,,,0.0,9085
19711,HIV,,,0.0,10138
19712,HIV,,,0.0,10138
19713,HIV,,,0.0,10138
19714,HIV,,,0.0,10138
19715,HIV,,,0.0,10138
19716,HIV,,,0.0,10138
19717,HIV,,,0.0,10138
19718,HIV,,,0.0,10138
19719,HIV,,,0.0,10138
19720,HIV,,,0.0,2546
19721,HIV,,,0.0,7312
19722,HIV,,,0.0,7312
19723,HIV,,,0.0,1016
19724,HIV,,,0.0,1016
19725,HIV,,,0.0,1016
19726,HIV,,,0.0,1016
19727,HIV,,,0.0,1016
19728,HIV,,,0.0,7313
19729,HIV,,,0.0,1016
19730,HIV,,,0.0,1016
19731,HIV,,,0.0,1016
19732,HIV,,,0.0,7323
19733,HIV,,,0.0,7314
19734,HIV,,,0.0,7323
19735,HIV,,,0.0,7315
19736,HIV,,,0.0,7316
19737,HIV,,,0.0,7314
19738,HIV,,,0.0,7317
19739,HIV,,,0.0,7317
19740,HIV,,,0.0,7317
19741,HIV,,,0.0,7317
19742,HIV,,,0.0,7318
19743,HIV,,,0.0,7327
19744,HIV,,,0.0,7318
19745,HIV,,,0.0,7319
19746,HIV,,,0.0,7319
19747,HIV,,,0.0,7324
19748,HIV,,,0.0,5363
19749,HIV,,,0.0,5363
19750,HIV,,,0.0,5363
19751,HIV,,,0.0,5363
19752,HIV,,,0.0,5165
19753,HIV,,,0.0,5165
19754,HIV,,,0.0,5363
19755,HIV,,,0.0,5363
19756,HIV,,,0.0,7320
19757,HIV,,,0.0,7321
19758,HIV,,,0.0,7327
19759,HIV,,,0.0,7322
19760,HIV,,,0.0,7323
19761,HIV,,,0.0,7317
19762,HIV,,,0.0,7322
19763,HIV,,,0.0,7324
19764,HIV,,,0.0,7325
19765,HIV,,,0.0,7326
19766,HIV,,,0.0,3309
19767,HIV,,,0.0,7327
19768,HIV,,,0.0,7328
19769,HIV,,,0.0,3309
19770,HIV,,,0.0,7329
19771,HIV,,,0.0,7330
19772,HIV,,,0.0,10138
19773,HIV,,,0.0,7331
19774,HIV,,,0.0,7332
19775,HIV,,,0.0,7333
19776,HIV,,,0.0,7334
19777,HIV,,,0.0,10275
19778,HIV,,,0.0,14106
19779,HIV,,,0.0,4307
19780,HIV,,,0.0,10138
19781,HIV,,,0.0,7335
19782,HIV,,,0.0,2546
19783,HIV,,,0.0,2546
19784,HIV,,,0.0,2546
19785,HIV,,,0.0,2546
19786,HIV,,,0.0,2546
19787,HIV,,,0.0,2546
19788,HIV,,,0.0,2546
19789,HIV,,,0.0,5718
19790,HIV,,,0.0,98
19791,HIV,,,0.0,9352
19792,HIV,,,0.0,7336
19793,HIV,,,0.0,7337
19794,HIV,,,0.0,5165
19795,HIV,,,0.0,7337
19796,HIV,,,0.0,5165
19797,HIV,,,0.0,8959
19798,HIV,,,0.0,5165
19799,HIV,,,0.0,5165
19800,HIV,,,0.0,7337
19801,HIV,,,0.0,5165
19802,HIV,,,0.0,5165
19803,HIV,,,0.0,7337
19804,HIV,,,0.0,7337
19805,HIV,,,0.0,6752
19806,HIV,,,1.0,6752
19807,HIV,,,0.0,9352
19808,HIV,,,0.0,7337
19809,HIV,,,0.0,7338
19810,HIV,,,0.0,5165
19811,HIV,,,0.0,5165
19812,HIV,,,0.0,5165
19813,HIV,,,0.0,7337
19814,HIV,,,0.0,5165
19815,HIV,,,0.0,5165
19816,HIV,,,0.0,5165
19817,HIV,,,0.0,8959
19818,HIV,,,0.0,8959
19819,HIV,,,0.0,8959
19820,HIV,,,0.0,8959
19821,HIV,,,0.0,8959
19822,HIV,,,0.0,5363
19823,HIV,,,0.0,5363
19824,HIV,,,0.0,7339
19825,HIV,,,0.0,3279
19826,HIV,,,0.0,5165
19827,HIV,,,0.0,5165
19828,HIV,,,0.0,6801
19829,HIV,,,0.0,5165
19830,HIV,,,0.0,5165
19831,HIV,,,0.0,7340
19832,HIV,,,0.0,9352
19833,HIV,,,0.0,7341
19834,HIV,,,0.0,7337
19835,HIV,,,0.0,7337
19836,HIV,,,0.0,5165
19837,HIV,,,0.0,5165
19838,HIV,,,0.0,7337
19839,HIV,,,0.0,5165
19840,HIV,,,0.0,5165
19841,HIV,,,0.0,7342
19842,HIV,,,0.0,7343
19843,HIV,,,0.0,9352
19844,HIV,,,0.0,7337
19845,HIV,,,0.0,5165
19846,HIV,,,0.0,6752
19847,HIV,,,0.0,5165
19848,HIV,,,0.0,6752
19849,HIV,,,0.0,7344
19850,HIV,,,0.0,7344
19851,HIV,,,0.0,7337
19852,HIV,,,0.0,1606
19853,HIV,,,0.0,6752
19854,HIV,,,0.0,7337
19855,HIV,,,0.0,5718
19856,HIV,,,0.0,8959
19857,HIV,,,0.0,8959
19858,HIV,,,0.0,5165
19859,HIV,,,0.0,5165
19860,HIV,,,0.0,5718
19861,HIV,,,0.0,7345
19862,HIV,,,0.0,5718
19863,HIV,,,0.0,6752
19864,HIV,,,0.0,5165
19865,HIV,,,0.0,5718
19866,HIV,,,0.0,5165
19867,HIV,,,0.0,5165
19868,HIV,,,0.0,8959
19869,HIV,,,0.0,8959
19870,HIV,,,0.0,5718
19871,HIV,,,0.0,8959
19872,HIV,,,0.0,8959
19873,HIV,,,0.0,5165
19874,HIV,,,0.0,5165
19875,HIV,,,0.0,7337
19876,HIV,,,0.0,5718
19877,HIV,,,0.0,7337
19878,HIV,,,0.0,5165
19879,HIV,,,0.0,7337
19880,HIV,,,0.0,7337
19881,HIV,,,0.0,7337
19882,HIV,,,0.0,6752
19883,HIV,,,0.0,5165
19884,HIV,,,0.0,7337
19885,HIV,,,0.0,7346
19886,HIV,,,0.0,7346
19887,HIV,,,0.0,7346
19888,HIV,,,0.0,7346
19889,HIV,,,0.0,8127
19890,HIV,,,0.0,7347
19891,HIV,,,0.0,7348
19892,HIV,,,0.0,8392
19893,HIV,,,0.0,5165
19894,HIV,,,0.0,7349
19895,HIV,,,1.0,10760
19896,HIV,,,0.0,6801
19897,HIV,,,0.0,6801
19898,HIV,,,0.0,7350
19899,HIV,,,0.0,8341
19900,HIV,,,0.0,8341
19901,HIV,,,0.0,8341
19902,HIV,,,1.0,8341
19903,HIV,,,1.0,8341
19904,HIV,,,0.0,12705
19905,HIV,,,0.0,7351
19906,HIV,,,0.0,7351
19907,HIV,,,0.0,7351
19908,HIV,,,0.0,7611
19909,HIV,,,0.0,7352
19910,HIV,,,0.0,7353
19911,HIV,,,0.0,7354
19912,HIV,,,0.0,7354
19913,HIV,,,0.0,7355
19914,HIV,,,0.0,7356
19915,HIV,,,0.0,7356
19916,HIV,,,0.0,7357
19917,HIV,,,0.0,7358
19918,HIV,,,0.0,7359
19919,HIV,,,0.0,3309
19920,HIV,,,0.0,7360
19921,HIV,,,0.0,7361
19922,HIV,,,0.0,2546
19923,HIV,,,0.0,5363
19924,HIV,,,0.0,5363
19925,HIV,,,0.0,7362
19926,HIV,,,0.0,91
19927,HIV,,,0.0,7363
19928,HIV,,,0.0,7365
19929,HIV,,,0.0,7365
19930,HIV,,,0.0,7365
19931,HIV,,,0.0,7365
19932,HIV,,,0.0,7365
19933,HIV,,,0.0,7364
19934,HIV,,,0.0,7364
19935,HIV,,,0.0,7365
19936,HIV,,,0.0,7365
19937,HIV,,,0.0,7364
19938,HIV,,,0.0,7364
19939,HIV,,,0.0,7364
19940,HIV,,,0.0,7365
19941,HIV,,,0.0,7365
19942,HIV,,,0.0,7365
19943,HIV,,,1.0,8419
19944,HIV,,,0.0,7365
19945,HIV,,,0.0,7364
19946,HIV,,,0.0,7365
19947,HIV,,,0.0,8419
19948,HIV,,,0.0,7365
19949,HIV,,,0.0,6947
19950,HIV,,,0.0,3138
19951,HIV,,,0.0,3138
19952,HIV,,,0.0,3138
19953,HIV,,,0.0,7366
19954,HIV,,,0.0,3138
19955,HIV,,,0.0,7367
19956,HIV,,,0.0,3138
19957,HIV,,,0.0,5992
19958,HIV,,,0.0,5992
19959,HIV,,,0.0,5992
19960,HIV,,,0.0,6747
19961,HIV,,,0.0,6747
19962,HIV,,,0.0,6747
19963,HIV,,,0.0,6747
19964,HIV,,,0.0,6747
19965,HIV,,,0.0,7368
19966,HIV,,,0.0,6747
19967,HIV,,,0.0,6747
19968,HIV,,,0.0,6747
19969,HIV,,,0.0,6747
19970,HIV,,,0.0,6747
19971,HIV,,,0.0,6747
19972,HIV,,,0.0,6747
19973,HIV,,,0.0,6747
19974,HIV,,,0.0,6747
19975,HIV,,,0.0,7369
19976,HIV,,,0.0,7370
19977,HIV,,,0.0,7371
19978,HIV,,,0.0,7604
19979,HIV,,,0.0,7370
19980,HIV,,,0.0,7372
19981,HIV,,,0.0,7373
19982,HIV,,,0.0,3279
19983,HIV,,,0.0,3279
19984,HIV,,,0.0,3279
19985,HIV,,,0.0,3279
19986,HIV,,,0.0,3279
19987,HIV,,,0.0,3279
19988,HIV,,,0.0,3279
19989,HIV,,,0.0,3279
19990,HIV,,,0.0,3279
19991,HIV,,,0.0,3279
19992,HIV,,,0.0,3279
19993,HIV,,,0.0,3279
19994,HIV,,,0.0,3279
19995,HIV,,,0.0,3279
19996,HIV,,,0.0,3279
19997,HIV,,,0.0,3279
19998,HIV,,,0.0,3279
19999,HIV,,,0.0,3279
20000,HIV,,,0.0,3279
20001,HIV,,,0.0,3279
20002,HIV,,,0.0,3279
20003,HIV,,,0.0,3279
20004,HIV,,,0.0,1016
20005,HIV,,,0.0,5363
20006,HIV,,,1.0,7374
20007,HIV,,,1.0,434
20008,HIV,,,0.0,11406
20009,HIV,,,0.0,5165
20010,HIV,,,0.0,10746
20011,HIV,,,0.0,5718
20012,HIV,,,0.0,5718
20013,HIV,,,0.0,5718
20014,HIV,,,0.0,8012
20015,HIV,,,0.0,8012
20016,HIV,,,0.0,8012
20017,HIV,,,0.0,8012
20018,HIV,,,0.0,12273
20019,HIV,,,0.0,12273
20020,HIV,,,0.0,10746
20021,HIV,,,0.0,7375
20022,HIV,,,0.0,10746
20023,HIV,,,0.0,10746
20024,HIV,,,0.0,1339
20025,HIV,,,0.0,1339
20026,HIV,,,1.0,441
20027,HIV,,,1.0,441
20028,HIV,,,0.0,1339
20029,HIV,,,0.0,7376
20030,HIV,,,1.0,441
20031,HIV,,,0.0,441
20032,HIV,,,0.0,441
20033,HIV,,,0.0,7377
20034,HIV,,,0.0,5363
20035,HIV,,,0.0,5363
20036,HIV,,,0.0,7378
20037,HIV,,,0.0,7379
20038,HIV,,,0.0,5363
20039,HIV,,,0.0,7380
20040,HIV,,,0.0,7388
20041,HIV,,,0.0,7388
20042,HIV,,,0.0,7388
20043,HIV,,,0.0,7388
20044,HIV,,,0.0,7388
20045,HIV,,,0.0,7388
20046,HIV,,,0.0,7388
20047,HIV,,,0.0,7388
20048,HIV,,,0.0,7381
20049,HIV,,,0.0,1016
20050,HIV,,,0.0,1016
20051,HIV,,,0.0,7382
20052,HIV,,,0.0,7382
20053,HIV,,,0.0,7382
20054,HIV,,,0.0,7382
20055,HIV,,,0.0,7383
20056,HIV,,,0.0,836
20057,HIV,,,0.0,7384
20058,HIV,,,0.0,7385
20059,HIV,,,0.0,7386
20060,HIV,,,0.0,7385
20061,HIV,,,0.0,7385
20062,HIV,,,0.0,10746
20063,HIV,,,0.0,98
20064,HIV,,,0.0,7387
20065,HIV,,,0.0,7388
20066,HIV,,,0.0,7388
20067,HIV,,,0.0,7388
20068,HIV,,,0.0,7388
20069,HIV,,,0.0,7388
20070,HIV,,,0.0,1016
20071,HIV,,,0.0,1016
20072,HIV,,,0.0,5718
20073,HIV,,,0.0,7389
20074,HIV,,,0.0,5718
20075,HIV,,,0.0,5718
20076,HIV,,,0.0,5165
20077,HIV,,,0.0,7337
20078,HIV,,,0.0,5165
20079,HIV,,,0.0,7390
20080,HIV,,,0.0,7391
20081,HIV,,,0.0,5718
20082,HIV,,,0.0,7337
20083,HIV,,,0.0,7392
20084,HIV,,,0.0,7393
20085,HIV,,,0.0,7337
20086,HIV,,,0.0,5165
20087,HIV,,,0.0,5165
20088,HIV,,,0.0,5165
20089,HIV,,,0.0,5165
20090,HIV,,,0.0,5165
20091,HIV,,,0.0,6801
20092,HIV,,,0.0,6801
20093,HIV,,,0.0,6801
20094,HIV,,,0.0,5165
20095,HIV,,,0.0,5165
20096,HIV,,,0.0,7394
20097,HIV,,,0.0,7395
20098,HIV,,,0.0,7396
20099,HIV,,,0.0,7397
20100,HIV,,,0.0,11645
20101,HIV,,,0.0,335
20102,HIV,,,0.0,335
20103,HIV,,,0.0,335
20104,HIV,,,0.0,335
20105,HIV,,,0.0,7398
20106,HIV,,,0.0,5165
20107,HIV,,,0.0,7399
20108,HIV,,,0.0,2800
20109,HIV,,,0.0,7400
20110,HIV,,,0.0,7401
20111,HIV,,,0.0,7402
20112,HIV,,,0.0,10174
20113,HIV,,,0.0,7403
20114,HIV,,,0.0,7405
20115,HIV,,,0.0,7405
20116,HIV,,,0.0,7405
20117,HIV,,,0.0,7406
20118,HIV,,,0.0,7406
20119,HIV,,,0.0,7406
20120,HIV,,,0.0,7406
20121,HIV,,,0.0,7406
20122,HIV,,,0.0,7406
20123,HIV,,,0.0,7406
20124,HIV,,,0.0,7404
20125,HIV,,,0.0,7405
20126,HIV,,,0.0,7405
20127,HIV,,,0.0,7405
20128,HIV,,,0.0,7406
20129,HIV,,,0.0,7406
20130,HIV,,,0.0,7406
20131,HIV,,,0.0,7406
20132,HIV,,,0.0,7406
20133,HIV,,,0.0,7406
20134,HIV,,,0.0,7406
20135,HIV,,,0.0,7406
20136,HIV,,,0.0,7406
20137,HIV,,,0.0,7406
20138,HIV,,,0.0,7406
20139,HIV,,,0.0,7407
20140,HIV,,,0.0,7406
20141,HIV,,,0.0,7406
20142,HIV,,,0.0,7408
20143,HIV,,,0.0,1721
20144,HIV,,,0.0,7409
20145,HIV,,,0.0,7410
20146,HIV,,,0.0,7411
20147,HIV,,,0.0,7412
20148,HIV,,,0.0,7413
20149,HIV,,,0.0,7414
20150,HIV,,,0.0,7415
20151,HIV,,,0.0,7416
20152,HIV,,,0.0,10138
20153,HIV,,,0.0,7416
20154,HIV,,,0.0,7417
20155,HIV,,,0.0,335
20156,HIV,,,0.0,7418
20157,HIV,,,0.0,7420
20158,HIV,,,0.0,7419
20159,HIV,,,0.0,335
20160,HIV,,,0.0,3021
20161,HIV,,,0.0,7673
20162,HIV,,,0.0,9679
20163,HIV,,,0.0,7420
20164,HIV,,,0.0,7421
20165,HIV,,,0.0,14106
20166,HIV,,,0.0,7422
20167,HIV,,,0.0,2546
20168,HIV,,,1.0,7423
20169,HIV,,,0.0,5747
20170,HIV,,,0.0,5747
20171,HIV,,,0.0,9461
20172,HIV,,,0.0,9461
20173,HIV,,,0.0,7424
20174,HIV,,,0.0,6706
20175,HIV,,,0.0,7425
20176,HIV,,,0.0,7426
20177,HIV,,,0.0,7427
20178,HIV,,,0.0,12817
20179,HIV,,,0.0,46
20180,HIV,,,0.0,7428
20181,HIV,,,0.0,7429
20182,HIV,,,0.0,7430
20183,HIV,,,0.0,4548
20184,HIV,,,0.0,4548
20185,HIV,,,0.0,4548
20186,HIV,,,0.0,4548
20187,HIV,,,0.0,7431
20188,HIV,,,0.0,7432
20189,HIV,,,0.0,7431
20190,HIV,,,0.0,7431
20191,HIV,,,0.0,4548
20192,HIV,,,0.0,4548
20193,HIV,,,0.0,4548
20194,HIV,,,0.0,4548
20195,HIV,,,0.0,4548
20196,HIV,,,0.0,4548
20197,HIV,,,0.0,4548
20198,HIV,,,0.0,4548
20199,HIV,,,0.0,7431
20200,HIV,,,0.0,7432
20201,HIV,,,0.0,7431
20202,HIV,,,0.0,7431
20203,HIV,,,0.0,4548
20204,HIV,,,0.0,4548
20205,HIV,,,0.0,7433
20206,HIV,,,0.0,7434
20207,HIV,,,0.0,3279
20208,HIV,,,0.0,3279
20209,HIV,,,0.0,3279
20210,HIV,,,0.0,3279
20211,HIV,,,0.0,3279
20212,HIV,,,0.0,3279
20213,HIV,,,0.0,3279
20214,HIV,,,0.0,3279
20215,HIV,,,0.0,3279
20216,HIV,,,0.0,3279
20217,HIV,,,0.0,3279
20218,HIV,,,0.0,3279
20219,HIV,,,0.0,7356
20220,HIV,,,0.0,7356
20221,HIV,,,0.0,335
20222,HIV,,,0.0,7435
20223,HIV,,,0.0,7436
20224,HIV,,,1.0,3279
20225,HIV,,,0.0,3279
20226,HIV,,,0.0,3279
20227,HIV,,,0.0,5424
20228,HIV,,,0.0,5424
20229,HIV,,,0.0,5424
20230,HIV,,,0.0,7437
20231,HIV,,,0.0,7437
20232,HIV,,,0.0,7438
20233,HIV,,,0.0,7439
20234,HIV,,,0.0,8470
20235,HIV,,,0.0,7440
20236,HIV,,,0.0,7440
20237,HIV,,,0.0,7441
20238,HIV,,,0.0,7441
20239,HIV,,,0.0,7072
20240,HIV,,,0.0,7442
20241,HIV,,,0.0,7442
20242,HIV,,,0.0,7442
20243,HIV,,,0.0,7443
20244,HIV,,,0.0,7443
20245,HIV,,,0.0,7444
20246,HIV,,,0.0,7444
20247,HIV,,,0.0,7445
20248,HIV,,,0.0,7446
20249,HIV,,,0.0,7447
20250,HIV,,,0.0,7448
20251,HIV,,,0.0,7449
20252,HIV,,,0.0,7450
20253,HIV,,,0.0,7451
20254,HIV,,,0.0,7451
20255,HIV,,,0.0,7451
20256,HIV,,,0.0,7452
20257,HIV,,,0.0,7451
20258,HIV,,,0.0,7453
20259,HIV,,,0.0,6266
20260,HIV,,,0.0,7454
20261,HIV,,,0.0,7455
20262,HIV,,,0.0,7455
20263,HIV,,,0.0,7455
20264,HIV,,,0.0,12533
20265,HIV,,,0.0,7456
20266,HIV,,,0.0,7457
20267,HIV,,,0.0,7458
20268,HIV,,,0.0,7459
20269,HIV,,,0.0,7460
20270,HIV,,,0.0,7461
20271,HIV,,,0.0,7462
20272,HIV,,,0.0,7462
20273,HIV,,,0.0,7463
20274,HIV,,,0.0,7464
20275,HIV,,,0.0,7469
20276,HIV,,,0.0,7465
20277,HIV,,,0.0,7466
20278,HIV,,,0.0,7467
20279,HIV,,,0.0,7467
20280,HIV,,,0.0,7468
20281,HIV,,,0.0,7469
20282,HIV,,,0.0,7469
20283,HIV,,,0.0,7470
20284,HIV,,,0.0,7471
20285,HIV,,,0.0,7472
20286,HIV,,,0.0,7473
20287,HIV,,,0.0,7473
20288,HIV,,,0.0,7474
20289,HIV,,,0.0,7473
20290,HIV,,,0.0,7472
20291,HIV,,,0.0,7475
20292,HIV,,,0.0,7476
20293,HIV,,,0.0,7477
20294,HIV,,,0.0,9378
20295,HIV,,,0.0,7478
20296,HIV,,,0.0,7478
20297,HIV,,,0.0,7478
20298,HIV,,,0.0,7479
20299,HIV,,,0.0,7480
20300,HIV,,,0.0,7481
20301,HIV,,,0.0,7482
20302,HIV,,,0.0,7482
20303,HIV,,,0.0,7482
20304,HIV,,,1.0,7482
20305,HIV,,,0.0,7482
20306,HIV,,,0.0,7482
20307,HIV,,,0.0,9378
20308,HIV,,,0.0,7483
20309,HIV,,,0.0,7483
20310,HIV,,,0.0,7484
20311,HIV,,,0.0,7485
20312,HIV,,,0.0,7486
20313,HIV,,,0.0,7487
20314,HIV,,,0.0,7473
20315,HIV,,,0.0,2087
20316,HIV,,,0.0,7488
20317,HIV,,,0.0,604
20318,HIV,,,0.0,11053
20319,HIV,,,0.0,604
20320,HIV,,,0.0,7489
20321,HIV,,,0.0,7490
20322,HIV,,,0.0,604
20323,HIV,,,0.0,7491
20324,HIV,,,0.0,7492
20325,HIV,,,0.0,7493
20326,HIV,,,0.0,7494
20327,HIV,,,0.0,7495
20328,HIV,,,0.0,7496
20329,HIV,,,0.0,7497
20330,HIV,,,0.0,7498
20331,HIV,,,0.0,13328
20332,HIV,,,0.0,7499
20333,HIV,,,0.0,7500
20334,HIV,,,0.0,1016
20335,HIV,,,0.0,10746
20336,HIV,,,0.0,5718
20337,HIV,,,0.0,5165
20338,HIV,,,0.0,5165
20339,HIV,,,0.0,5165
20340,HIV,,,0.0,5165
20341,HIV,,,0.0,5165
20342,HIV,,,0.0,7501
20343,HIV,,,0.0,8272
20344,HIV,,,0.0,8272
20345,HIV,,,0.0,7591
20346,HIV,,,0.0,7616
20347,HIV,,,0.0,7616
20348,HIV,,,0.0,7388
20349,HIV,,,0.0,441
20350,HIV,,,0.0,7502
20351,HIV,,,0.0,7089
20352,HIV,,,0.0,7503
20353,HIV,,,0.0,7089
20354,HIV,,,0.0,7089
20355,HIV,,,0.0,7089
20356,HIV,,,0.0,7504
20357,HIV,,,0.0,7089
20358,HIV,,,0.0,7089
20359,HIV,,,0.0,7504
20360,HIV,,,0.0,7505
20361,HIV,,,0.0,7506
20362,HIV,,,0.0,7504
20363,HIV,,,0.0,6582
20364,HIV,,,0.0,7507
20365,HIV,,,0.0,7507
20366,HIV,,,0.0,7508
20367,HIV,,,0.0,7509
20368,HIV,,,0.0,5363
20369,HIV,,,0.0,7510
20370,HIV,,,0.0,7510
20371,HIV,,,0.0,10400
20372,HIV,,,0.0,5992
20373,HIV,,,0.0,7511
20374,HIV,,,0.0,7512
20375,HIV,,,0.0,2546
20376,HIV,,,0.0,2546
20377,HIV,,,0.0,2546
20378,HIV,,,0.0,7513
20379,HIV,,,0.0,2546
20380,HIV,,,0.0,2546
20381,HIV,,,0.0,5747
20382,HIV,,,0.0,7514
20383,HIV,,,0.0,7515
20384,HIV,,,0.0,7516
20385,HIV,,,0.0,9378
20386,HIV,,,0.0,9378
20387,HIV,,,0.0,7517
20388,HIV,,,0.0,7518
20389,HIV,,,0.0,7518
20390,HIV,,,0.0,7519
20391,HIV,,,0.0,2116
20392,HIV,,,0.0,2116
20393,HIV,,,1.0,7520
20394,HIV,,,0.0,7521
20395,HIV,,,0.0,7522
20396,HIV,,,0.0,7523
20397,HIV,,,0.0,7523
20398,HIV,,,0.0,5165
20399,HIV,,,0.0,5165
20400,HIV,,,0.0,5165
20401,HIV,,,0.0,2546
20402,HIV,,,0.0,7524
20403,HIV,,,0.0,7525
20404,HIV,,,0.0,7526
20405,HIV,,,0.0,7527
20406,HIV,,,0.0,7528
20407,HIV,,,0.0,7529
20408,HIV,,,0.0,7530
20409,HIV,,,0.0,7531
20410,HIV,,,0.0,5363
20411,HIV,,,0.0,6039
20412,HIV,,,0.0,5597
20413,HIV,,,0.0,5363
20414,HIV,,,0.0,7532
20415,HIV,,,0.0,7928
20416,HIV,,,0.0,7928
20417,HIV,,,0.0,7205
20418,HIV,,,0.0,7205
20419,HIV,,,0.0,7928
20420,HIV,,,0.0,7292
20421,HIV,,,0.0,7988
20422,HIV,,,0.0,7289
20423,HIV,,,0.0,7928
20424,HIV,,,0.0,7533
20425,HIV,,,0.0,5970
20426,HIV,,,0.0,7534
20427,HIV,,,0.0,5970
20428,HIV,,,0.0,7535
20429,HIV,,,0.0,7928
20430,HIV,,,0.0,7928
20431,HIV,,,0.0,7535
20432,HIV,,,0.0,7928
20433,HIV,,,0.0,7928
20434,HIV,,,0.0,7536
20435,HIV,,,0.0,7098
20436,HIV,,,0.0,7098
20437,HIV,,,0.0,7928
20438,HIV,,,0.0,7928
20439,HIV,,,0.0,7150
20440,HIV,,,0.0,7098
20441,HIV,,,0.0,7098
20442,HIV,,,0.0,7289
20443,HIV,,,0.0,7289
20444,HIV,,,0.0,7289
20445,HIV,,,0.0,7535
20446,HIV,,,0.0,7537
20447,HIV,,,0.0,2546
20448,HIV,,,0.0,7535
20449,HIV,,,0.0,7098
20450,HIV,,,0.0,7928
20451,HIV,,,0.0,7928
20452,HIV,,,0.0,7289
20453,HIV,,,0.0,7928
20454,HIV,,,0.0,7538
20455,HIV,,,0.0,7539
20456,HIV,,,0.0,7540
20457,HIV,,,0.0,6801
20458,HIV,,,0.0,7928
20459,HIV,,,0.0,7541
20460,HIV,,,0.0,7098
20461,HIV,,,0.0,7289
20462,HIV,,,0.0,7289
20463,HIV,,,0.0,7098
20464,HIV,,,0.0,2546
20465,HIV,,,0.0,7098
20466,HIV,,,0.0,7535
20467,HIV,,,0.0,7542
20468,HIV,,,0.0,7289
20469,HIV,,,0.0,7289
20470,HIV,,,0.0,7928
20471,HIV,,,0.0,7098
20472,HIV,,,0.0,7928
20473,HIV,,,0.0,7098
20474,HIV,,,0.0,7098
20475,HIV,,,0.0,7543
20476,HIV,,,0.0,7098
20477,HIV,,,0.0,7098
20478,HIV,,,0.0,7098
20479,HIV,,,0.0,7289
20480,HIV,,,0.0,7098
20481,HIV,,,0.0,7544
20482,HIV,,,0.0,7098
20483,HIV,,,0.0,11406
20484,HIV,,,0.0,7545
20485,HIV,,,0.0,7546
20486,HIV,,,0.0,7547
20487,HIV,,,0.0,7548
20488,HIV,,,0.0,11406
20489,HIV,,,0.0,7549
20490,HIV,,,0.0,7550
20491,HIV,,,0.0,7551
20492,HIV,,,0.0,7549
20493,HIV,,,0.0,7552
20494,HIV,,,0.0,7553
20495,HIV,,,0.0,7554
20496,HIV,,,0.0,7555
20497,HIV,,,0.0,7556
20498,HIV,,,0.0,7557
20499,HIV,,,0.0,11406
20500,HIV,,,0.0,5165
20501,HIV,,,0.0,7558
20502,HIV,,,0.0,7555
20503,HIV,,,0.0,11406
20504,HIV,,,0.0,11406
20505,HIV,,,0.0,7551
20506,HIV,,,0.0,7559
20507,HIV,,,0.0,7555
20508,HIV,,,0.0,7555
20509,HIV,,,0.0,3309
20510,HIV,,,0.0,5597
20511,HIV,,,0.0,7560
20512,HIV,,,0.0,7561
20513,HIV,,,0.0,7562
20514,HIV,,,0.0,7563
20515,HIV,,,0.0,7564
20516,HIV,,,0.0,7565
20517,HIV,,,0.0,11202
20518,HIV,,,0.0,13419
20519,HIV,,,0.0,7566
20520,HIV,,,0.0,3279
20521,HIV,,,0.0,3279
20522,HIV,,,0.0,3279
20523,HIV,,,0.0,3279
20524,HIV,,,0.0,3279
20525,HIV,,,0.0,3279
20526,HIV,,,0.0,3279
20527,HIV,,,0.0,3279
20528,HIV,,,0.0,3279
20529,HIV,,,0.0,3279
20530,HIV,,,0.0,3279
20531,HIV,,,0.0,3279
20532,HIV,,,1.0,7611
20533,HIV,,,0.0,8862
20534,HIV,,,0.0,5424
20535,HIV,,,0.0,7567
20536,HIV,,,0.0,7568
20537,HIV,,,0.0,7569
20538,HIV,,,0.0,7572
20539,HIV,,,0.0,7572
20540,HIV,,,0.0,7570
20541,HIV,,,0.0,7570
20542,HIV,,,0.0,7570
20543,HIV,,,0.0,7570
20544,HIV,,,0.0,7570
20545,HIV,,,0.0,7572
20546,HIV,,,0.0,7572
20547,HIV,,,0.0,7570
20548,HIV,,,0.0,7570
20549,HIV,,,0.0,7570
20550,HIV,,,0.0,7570
20551,HIV,,,0.0,7570
20552,HIV,,,0.0,7572
20553,HIV,,,0.0,7571
20554,HIV,,,0.0,7571
20555,HIV,,,0.0,5747
20556,HIV,,,0.0,5747
20557,HIV,,,0.0,5747
20558,HIV,,,0.0,5747
20559,HIV,,,0.0,5747
20560,HIV,,,0.0,5747
20561,HIV,,,0.0,5747
20562,HIV,,,0.0,7572
20563,HIV,,,0.0,7572
20564,HIV,,,0.0,7572
20565,HIV,,,0.0,7572
20566,HIV,,,0.0,7572
20567,HIV,,,0.0,7573
20568,HIV,,,0.0,7573
20569,HIV,,,0.0,7573
20570,HIV,,,0.0,7573
20571,HIV,,,0.0,7573
20572,HIV,,,1.0,7574
20573,HIV,,,0.0,7574
20574,HIV,,,0.0,7575
20575,HIV,,,0.0,7576
20576,HIV,,,0.0,7576
20577,HIV,,,0.0,7576
20578,HIV,,,0.0,7577
20579,HIV,,,0.0,7578
20580,HIV,,,0.0,7578
20581,HIV,,,0.0,7578
20582,HIV,,,0.0,7579
20583,HIV,,,0.0,2546
20584,HIV,,,0.0,12955
20585,HIV,,,0.0,13419
20586,HIV,,,0.0,13419
20587,HIV,,,0.0,13419
20588,HIV,,,0.0,6801
20589,HIV,,,0.0,7580
20590,HIV,,,0.0,7581
20591,HIV,,,0.0,7582
20592,HIV,,,0.0,7583
20593,HIV,,,0.0,3021
20594,HIV,,,0.0,3021
20595,HIV,,,0.0,4682
20596,HIV,,,0.0,7584
20597,HIV,,,1.0,7585
20598,HIV,,,1.0,8328
20599,HIV,,,1.0,7586
20600,HIV,,,1.0,6890
20601,HIV,,,0.0,7587
20602,HIV,,,0.0,7591
20603,HIV,,,0.0,5363
20604,HIV,,,0.0,7591
20605,HIV,,,0.0,5363
20606,HIV,,,0.0,7591
20607,HIV,,,0.0,7591
20608,HIV,,,0.0,7591
20609,HIV,,,0.0,7591
20610,HIV,,,0.0,5363
20611,HIV,,,0.0,7588
20612,HIV,,,0.0,7589
20613,HIV,,,0.0,7589
20614,HIV,,,0.0,5363
20615,HIV,,,0.0,5363
20616,HIV,,,0.0,7591
20617,HIV,,,0.0,5363
20618,HIV,,,0.0,7590
20619,HIV,,,0.0,7590
20620,HIV,,,0.0,7591
20621,HIV,,,0.0,7591
20622,HIV,,,0.0,5363
20623,HIV,,,0.0,13419
20624,HIV,,,0.0,13419
20625,HIV,,,0.0,13419
20626,HIV,,,0.0,13419
20627,HIV,,,0.0,13419
20628,HIV,,,0.0,13419
20629,HIV,,,0.0,5165
20630,HIV,,,0.0,10633
20631,HIV,,,0.0,5250
20632,HIV,,,0.0,13419
20633,HIV,,,0.0,7604
20634,HIV,,,0.0,7604
20635,HIV,,,0.0,7604
20636,HIV,,,0.0,13419
20637,HIV,,,0.0,7604
20638,HIV,,,0.0,7604
20639,HIV,,,0.0,13419
20640,HIV,,,0.0,7604
20641,HIV,,,0.0,13419
20642,HIV,,,0.0,7592
20643,HIV,,,0.0,7604
20644,HIV,,,0.0,13419
20645,HIV,,,0.0,7604
20646,HIV,,,0.0,7593
20647,HIV,,,0.0,8786
20648,HIV,,,0.0,7596
20649,HIV,,,0.0,7594
20650,HIV,,,0.0,7595
20651,HIV,,,0.0,7596
20652,HIV,,,0.0,6433
20653,HIV,,,0.0,7597
20654,HIV,,,0.0,2473
20655,HIV,,,0.0,6433
20656,HIV,,,0.0,12533
20657,HIV,,,0.0,12533
20658,HIV,,,0.0,12145
20659,HIV,,,0.0,45
20660,HIV,,,0.0,7598
20661,HIV,,,0.0,14106
20662,HIV,,,0.0,14106
20663,HIV,,,0.0,8686
20664,HIV,,,0.0,7599
20665,HIV,,,0.0,2473
20666,HIV,,,0.0,7600
20667,HIV,,,0.0,6433
20668,HIV,,,0.0,7601
20669,HIV,,,0.0,7604
20670,HIV,,,0.0,7604
20671,HIV,,,0.0,6433
20672,HIV,,,0.0,6433
20673,HIV,,,0.0,6433
20674,HIV,,,0.0,6433
20675,HIV,,,0.0,2473
20676,HIV,,,0.0,6433
20677,HIV,,,0.0,6433
20678,HIV,,,0.0,6433
20679,HIV,,,0.0,6433
20680,HIV,,,0.0,12529
20681,HIV,,,0.0,7604
20682,HIV,,,0.0,7604
20683,HIV,,,0.0,13419
20684,HIV,,,0.0,7597
20685,HIV,,,0.0,7602
20686,HIV,,,0.0,6433
20687,HIV,,,0.0,2473
20688,HIV,,,0.0,7603
20689,HIV,,,0.0,7603
20690,HIV,,,0.0,6433
20691,HIV,,,0.0,6433
20692,HIV,,,0.0,6433
20693,HIV,,,0.0,6433
20694,HIV,,,0.0,6433
20695,HIV,,,0.0,8786
20696,HIV,,,0.0,6433
20697,HIV,,,0.0,7604
20698,HIV,,,0.0,7604
20699,HIV,,,0.0,6433
20700,HIV,,,0.0,7605
20701,HIV,,,0.0,7604
20702,HIV,,,0.0,3309
20703,HIV,,,0.0,3309
20704,HIV,,,0.0,8341
20705,HIV,,,0.0,8341
20706,HIV,,,0.0,8341
20707,HIV,,,0.0,8341
20708,HIV,,,0.0,8341
20709,HIV,,,0.0,3309
20710,HIV,,,0.0,3309
20711,HIV,,,0.0,3309
20712,HIV,,,0.0,3309
20713,HIV,,,0.0,2546
20714,HIV,,,0.0,7606
20715,HIV,,,0.0,7356
20716,HIV,,,0.0,7356
20717,HIV,,,0.0,7606
20718,HIV,,,0.0,7354
20719,HIV,,,0.0,7608
20720,HIV,,,0.0,7607
20721,HIV,,,0.0,7608
20722,HIV,,,0.0,7609
20723,HIV,,,0.0,7607
20724,HIV,,,0.0,7610
20725,HIV,,,0.0,7611
20726,HIV,,,0.0,7612
20727,HIV,,,0.0,7613
20728,HIV,,,0.0,7614
20729,HIV,,,0.0,7615
20730,HIV,,,0.0,8272
20731,HIV,,,0.0,8272
20732,HIV,,,0.0,7616
20733,HIV,,,0.0,8272
20734,HIV,,,0.0,8272
20735,HIV,,,0.0,8272
20736,HIV,,,0.0,7617
20737,HIV,,,0.0,7617
20738,HIV,,,0.0,7618
20739,HIV,,,0.0,7619
20740,HIV,,,0.0,7620
20741,HIV,,,0.0,7621
20742,HIV,,,0.0,7622
20743,HIV,,,0.0,5165
20744,HIV,,,0.0,1016
20745,HIV,,,0.0,5165
20746,HIV,,,0.0,1016
20747,HIV,,,0.0,5165
20748,HIV,,,0.0,5165
20749,HIV,,,0.0,5165
20750,HIV,,,0.0,2546
20751,HIV,,,0.0,2546
20752,HIV,,,0.0,5165
20753,HIV,,,0.0,5165
20754,HIV,,,0.0,8139
20755,HIV,,,0.0,7624
20756,HIV,,,0.0,7623
20757,HIV,,,0.0,2546
20758,HIV,,,0.0,7624
20759,HIV,,,0.0,7624
20760,HIV,,,0.0,5165
20761,HIV,,,0.0,7624
20762,HIV,,,0.0,7623
20763,HIV,,,0.0,5165
20764,HIV,,,0.0,7625
20765,HIV,,,0.0,7626
20766,HIV,,,0.0,2546
20767,HIV,,,0.0,5363
20768,HIV,,,0.0,7627
20769,HIV,,,0.0,7628
20770,HIV,,,0.0,7629
20771,HIV,,,0.0,7630
20772,HIV,,,0.0,7631
20773,HIV,,,1.0,6890
20774,HIV,,,1.0,7659
20775,HIV,,,1.0,6890
20776,HIV,,,1.0,6890
20777,HIV,,,0.0,7851
20778,HIV,,,0.0,1016
20779,HIV,,,0.0,7851
20780,HIV,,,0.0,7632
20781,HIV,,,0.0,7632
20782,HIV,,,0.0,7632
20783,HIV,,,0.0,7632
20784,HIV,,,0.0,7632
20785,HIV,,,0.0,7632
20786,HIV,,,0.0,7632
20787,HIV,,,0.0,7632
20788,HIV,,,0.0,7632
20789,HIV,,,0.0,7632
20790,HIV,,,0.0,7632
20791,HIV,,,0.0,7632
20792,HIV,,,1.0,7633
20793,HIV,,,0.0,7634
20794,HIV,,,0.0,7634
20795,HIV,,,0.0,7634
20796,HIV,,,0.0,7634
20797,HIV,,,0.0,7635
20798,HIV,,,0.0,7636
20799,HIV,,,0.0,7637
20800,HIV,,,0.0,14106
20801,HIV,,,0.0,14106
20802,HIV,,,0.0,14106
20803,HIV,,,0.0,7638
20804,HIV,,,0.0,7639
20805,HIV,,,0.0,7640
20806,HIV,,,0.0,7641
20807,HIV,,,0.0,7642
20808,HIV,,,0.0,7641
20809,HIV,,,0.0,7643
20810,HIV,,,0.0,7644
20811,HIV,,,0.0,1578
20812,HIV,,,0.0,7644
20813,HIV,,,0.0,7644
20814,HIV,,,0.0,7644
20815,HIV,,,0.0,7644
20816,HIV,,,0.0,7644
20817,HIV,,,0.0,7132
20818,HIV,,,0.0,7645
20819,HIV,,,0.0,7646
20820,HIV,,,0.0,7647
20821,HIV,,,0.0,7648
20822,HIV,,,0.0,7649
20823,HIV,,,0.0,7650
20824,HIV,,,0.0,7650
20825,HIV,,,0.0,3021
20826,HIV,,,0.0,7651
20827,HIV,,,0.0,7652
20828,HIV,,,0.0,7653
20829,HIV,,,0.0,7654
20830,HIV,,,0.0,7655
20831,HIV,,,0.0,7656
20832,HIV,,,0.0,7656
20833,HIV,,,0.0,7657
20834,HIV,,,0.0,7658
20835,HIV,,,0.0,10746
20836,HIV,,,0.0,10746
20837,HIV,,,0.0,10746
20838,HIV,,,0.0,10746
20839,HIV,,,0.0,10746
20840,HIV,,,0.0,10746
20841,HIV,,,0.0,10746
20842,HIV,,,0.0,10746
20843,HIV,,,0.0,10746
20844,HIV,,,0.0,10746
20845,HIV,,,0.0,10746
20846,HIV,,,0.0,10746
20847,HIV,,,0.0,10746
20848,HIV,,,0.0,10746
20849,HIV,,,0.0,10746
20850,HIV,,,0.0,10746
20851,HIV,,,0.0,10746
20852,HIV,,,0.0,10746
20853,HIV,,,0.0,10746
20854,HIV,,,0.0,10746
20855,HIV,,,0.0,10746
20856,HIV,,,0.0,10746
20857,HIV,,,1.0,7659
20858,HIV,,,0.0,7660
20859,HIV,,,0.0,7661
20860,HIV,,,0.0,7662
20861,HIV,,,0.0,10138
20862,HIV,,,0.0,10138
20863,HIV,,,0.0,10138
20864,HIV,,,0.0,10138
20865,HIV,,,0.0,10138
20866,HIV,,,0.0,10138
20867,HIV,,,0.0,10138
20868,HIV,,,0.0,10138
20869,HIV,,,0.0,7663
20870,HIV,,,0.0,7663
20871,HIV,,,0.0,335
20872,HIV,,,0.0,7664
20873,HIV,,,0.0,2739
20874,HIV,,,0.0,7665
20875,HIV,,,0.0,7666
20876,HIV,,,0.0,7667
20877,HIV,,,0.0,5363
20878,HIV,,,0.0,7668
20879,HIV,,,0.0,7669
20880,HIV,,,0.0,7670
20881,HIV,,,0.0,7420
20882,HIV,,,0.0,3021
20883,HIV,,,0.0,7671
20884,HIV,,,0.0,7672
20885,HIV,,,0.0,7673
20886,HIV,,,0.0,7674
20887,HIV,,,0.0,7675
20888,HIV,,,0.0,7676
20889,HIV,,,0.0,7676
20890,HIV,,,0.0,7672
20891,HIV,,,0.0,7677
20892,HIV,,,0.0,7678
20893,HIV,,,0.0,7679
20894,HIV,,,0.0,7679
20895,HIV,,,0.0,7679
20896,HIV,,,1.0,7680
20897,HIV,,,0.0,7681
20898,HIV,,,1.0,434
20899,HIV,,,1.0,434
20900,HIV,,,0.0,434
20901,HIV,,,0.0,7682
20902,HIV,,,0.0,4056
20903,HIV,,,0.0,4917
20904,HIV,,,0.0,5250
20905,HIV,,,0.0,5250
20906,HIV,,,0.0,5992
20907,HIV,,,0.0,5992
20908,HIV,,,0.0,7683
20909,HIV,,,0.0,7684
20910,HIV,,,0.0,7684
20911,HIV,,,0.0,7685
20912,HIV,,,0.0,7686
20913,HIV,,,0.0,7928
20914,HIV,,,0.0,7928
20915,HIV,,,0.0,7687
20916,HIV,,,0.0,7098
20917,HIV,,,0.0,7688
20918,HIV,,,0.0,7098
20919,HIV,,,0.0,7928
20920,HIV,,,0.0,7098
20921,HIV,,,0.0,7098
20922,HIV,,,0.0,7098
20923,HIV,,,0.0,7687
20924,HIV,,,0.0,7289
20925,HIV,,,0.0,7928
20926,HIV,,,0.0,7928
20927,HIV,,,0.0,7928
20928,HIV,,,0.0,7145
20929,HIV,,,0.0,10633
20930,HIV,,,0.0,7689
20931,HIV,,,0.0,7690
20932,HIV,,,0.0,7691
20933,HIV,,,0.0,3309
20934,HIV,,,0.0,5970
20935,HIV,,,0.0,5363
20936,HIV,,,0.0,5970
20937,HIV,,,0.0,7791
20938,HIV,,,0.0,7692
20939,HIV,,,1.0,7693
20940,HIV,,,0.0,7694
20941,HIV,,,0.0,7695
20942,HIV,,,0.0,6801
20943,HIV,,,0.0,5970
20944,HIV,,,0.0,5363
20945,HIV,,,0.0,5363
20946,HIV,,,0.0,7696
20947,HIV,,,0.0,5363
20948,HIV,,,0.0,7697
20949,HIV,,,0.0,7698
20950,HIV,,,0.0,13419
20951,HIV,,,0.0,13419
20952,HIV,,,0.0,7699
20953,HIV,,,0.0,7701
20954,HIV,,,0.0,7700
20955,HIV,,,0.0,7701
20956,HIV,,,0.0,6801
20957,HIV,,,0.0,8075
20958,HIV,,,0.0,7702
20959,HIV,,,0.0,5363
20960,HIV,,,1.0,7702
20961,HIV,,,0.0,7702
20962,HIV,,,0.0,7703
20963,HIV,,,0.0,7704
20964,HIV,,,0.0,155
20965,HIV,,,0.0,14106
20966,HIV,,,0.0,14106
20967,HIV,,,0.0,7705
20968,HIV,,,0.0,7356
20969,HIV,,,0.0,14106
20970,HIV,,,0.0,11358
20971,HIV,,,0.0,11358
20972,HIV,,,0.0,7706
20973,HIV,,,0.0,7706
20974,HIV,,,0.0,7706
20975,HIV,,,0.0,441
20976,HIV,,,0.0,8982
20977,HIV,,,0.0,8982
20978,HIV,,,0.0,7707
20979,HIV,,,0.0,441
20980,HIV,,,0.0,14106
20981,HIV,,,0.0,14106
20982,HIV,,,0.0,51
20983,HIV,,,0.0,14106
20984,HIV,,,0.0,14106
20985,HIV,,,0.0,14106
20986,HIV,,,0.0,14106
20987,HIV,,,0.0,14106
20988,HIV,,,0.0,7708
20989,HIV,,,0.0,7709
20990,HIV,,,0.0,7710
20991,HIV,,,0.0,7710
20992,HIV,,,0.0,7711
20993,HIV,,,0.0,8555
20994,HIV,,,0.0,7712
20995,HIV,,,0.0,335
20996,HIV,,,0.0,335
20997,HIV,,,0.0,335
20998,HIV,,,0.0,335
20999,HIV,,,0.0,7713
21000,HIV,,,0.0,7713
21001,HIV,,,0.0,7713
21002,HIV,,,0.0,7713
21003,HIV,,,0.0,7713
21004,HIV,,,0.0,7714
21005,HIV,,,0.0,7715
21006,HIV,,,0.0,7715
21007,HIV,,,0.0,3279
21008,HIV,,,0.0,6801
21009,HIV,,,0.0,6801
21010,HIV,,,0.0,6801
21011,HIV,,,0.0,6801
21012,HIV,,,0.0,11202
21013,HIV,,,0.0,11202
21014,HIV,,,0.0,11202
21015,HIV,,,0.0,11202
21016,HIV,,,0.0,7716
21017,HIV,,,0.0,7717
21018,HIV,,,0.0,7718
21019,HIV,,,0.0,7719
21020,HIV,,,0.0,5597
21021,HIV,,,0.0,5597
21022,HIV,,,0.0,7720
21023,HIV,,,0.0,5597
21024,HIV,,,0.0,5597
21025,HIV,,,0.0,5597
21026,HIV,,,0.0,14111
21027,HIV,,,0.0,7721
21028,HIV,,,0.0,14106
21029,HIV,,,0.0,7722
21030,HIV,,,0.0,14106
21031,HIV,,,0.0,7723
21032,HIV,,,0.0,7724
21033,HIV,,,0.0,5165
21034,HIV,,,0.0,7725
21035,HIV,,,0.0,7726
21036,HIV,,,0.0,7727
21037,HIV,,,0.0,7724
21038,HIV,,,0.0,7727
21039,HIV,,,0.0,7728
21040,HIV,,,0.0,3279
21041,HIV,,,0.0,7729
21042,HIV,,,0.0,3279
21043,HIV,,,0.0,3279
21044,HIV,,,0.0,7730
21045,HIV,,,0.0,3279
21046,HIV,,,0.0,7731
21047,HIV,,,0.0,7732
21048,HIV,,,0.0,7732
21049,HIV,,,0.0,7733
21050,HIV,,,0.0,7734
21051,HIV,,,0.0,7735
21052,HIV,,,0.0,7736
21053,HIV,,,0.0,14106
21054,HIV,,,0.0,14111
21055,HIV,,,0.0,7737
21056,HIV,,,0.0,7738
21057,HIV,,,0.0,1280
21058,HIV,,,0.0,14111
21059,HIV,,,0.0,7739
21060,HIV,,,0.0,7740
21061,HIV,,,0.0,7741
21062,HIV,,,1.0,7742
21063,HIV,,,1.0,7743
21064,HIV,,,0.0,7743
21065,HIV,,,0.0,7743
21066,HIV,,,0.0,7742
21067,HIV,,,0.0,7742
21068,HIV,,,0.0,7743
21069,HIV,,,0.0,7744
21070,HIV,,,0.0,1280
21071,HIV,,,0.0,7745
21072,HIV,,,0.0,7746
21073,HIV,,,0.0,7747
21074,HIV,,,0.0,7748
21075,HIV,,,0.0,7742
21076,HIV,,,0.0,7751
21077,HIV,,,0.0,7751
21078,HIV,,,0.0,10235
21079,HIV,,,0.0,13682
21080,HIV,,,0.0,7749
21081,HIV,,,0.0,7750
21082,HIV,,,0.0,7751
21083,HIV,,,0.0,7751
21084,HIV,,,0.0,7752
21085,HIV,,,0.0,2222
21086,HIV,,,0.0,1016
21087,HIV,,,0.0,7753
21088,HIV,,,0.0,7754
21089,HIV,,,0.0,1280
21090,HIV,,,0.0,13682
21091,HIV,,,0.0,1280
21092,HIV,,,0.0,1280
21093,HIV,,,0.0,7755
21094,HIV,,,0.0,7756
21095,HIV,,,0.0,7757
21096,HIV,,,0.0,7755
21097,HIV,,,0.0,1280
21098,HIV,,,0.0,7758
21099,HIV,,,0.0,1280
21100,HIV,,,0.0,1280
21101,HIV,,,0.0,7759
21102,HIV,,,0.0,7759
21103,HIV,,,0.0,7759
21104,HIV,,,0.0,7760
21105,HIV,,,0.0,10358
21106,HIV,,,0.0,7759
21107,HIV,,,0.0,7761
21108,HIV,,,0.0,7762
21109,HIV,,,0.0,7763
21110,HIV,,,0.0,604
21111,HIV,,,0.0,604
21112,HIV,,,0.0,7337
21113,HIV,,,0.0,7337
21114,HIV,,,0.0,7337
21115,HIV,,,0.0,7337
21116,HIV,,,0.0,7337
21117,HIV,,,0.0,7337
21118,HIV,,,0.0,7337
21119,HIV,,,0.0,7337
21120,HIV,,,0.0,7764
21121,HIV,,,0.0,7764
21122,HIV,,,0.0,7337
21123,HIV,,,0.0,7337
21124,HIV,,,0.0,7768
21125,HIV,,,0.0,7765
21126,HIV,,,0.0,7766
21127,HIV,,,0.0,7767
21128,HIV,,,0.0,7768
21129,HIV,,,0.0,7769
21130,HIV,,,0.0,7770
21131,HIV,,,0.0,7770
21132,HIV,,,0.0,7771
21133,HIV,,,0.0,7772
21134,HIV,,,0.0,7773
21135,HIV,,,0.0,3662
21136,HIV,,,0.0,5363
21137,HIV,,,0.0,7774
21138,HIV,,,1.0,7775
21139,HIV,,,0.0,7775
21140,HIV,,,0.0,7776
21141,HIV,,,0.0,7776
21142,HIV,,,0.0,7776
21143,HIV,,,0.0,7777
21144,HIV,,,0.0,98
21145,HIV,,,0.0,98
21146,HIV,,,0.0,98
21147,HIV,,,0.0,98
21148,HIV,,,0.0,98
21149,HIV,,,0.0,98
21150,HIV,,,0.0,98
21151,HIV,,,0.0,98
21152,HIV,,,0.0,98
21153,HIV,,,0.0,930
21154,HIV,,,0.0,98
21155,HIV,,,0.0,98
21156,HIV,,,0.0,5970
21157,HIV,,,0.0,7778
21158,HIV,,,0.0,7779
21159,HIV,,,0.0,7780
21160,HIV,,,0.0,7781
21161,HIV,,,0.0,7782
21162,HIV,,,0.0,7783
21163,HIV,,,0.0,5970
21164,HIV,,,0.0,5970
21165,HIV,,,0.0,10633
21166,HIV,,,0.0,5970
21167,HIV,,,0.0,7784
21168,HIV,,,0.0,5970
21169,HIV,,,0.0,7785
21170,HIV,,,0.0,5970
21171,HIV,,,0.0,7786
21172,HIV,,,0.0,7787
21173,HIV,,,0.0,7928
21174,HIV,,,0.0,7788
21175,HIV,,,0.0,5363
21176,HIV,,,0.0,7535
21177,HIV,,,0.0,7789
21178,HIV,,,0.0,7790
21179,HIV,,,0.0,5970
21180,HIV,,,0.0,5970
21181,HIV,,,0.0,7791
21182,HIV,,,0.0,5970
21183,HIV,,,0.0,2546
21184,HIV,,,0.0,7535
21185,HIV,,,0.0,2546
21186,HIV,,,0.0,10633
21187,HIV,,,0.0,8264
21188,HIV,,,0.0,6801
21189,HIV,,,1.0,5363
21190,HIV,,,0.0,7792
21191,HIV,,,0.0,7793
21192,HIV,,,0.0,7822
21193,HIV,,,0.0,9754
21194,HIV,,,0.0,7591
21195,HIV,,,0.0,5597
21196,HIV,,,1.0,7794
21197,HIV,,,1.0,7794
21198,HIV,,,1.0,7794
21199,HIV,,,1.0,7794
21200,HIV,,,1.0,7794
21201,HIV,,,1.0,7794
21202,HIV,,,0.0,7795
21203,HIV,,,0.0,7796
21204,HIV,,,0.0,1513
21205,HIV,,,0.0,5992
21206,HIV,,,0.0,7797
21207,HIV,,,0.0,7798
21208,HIV,,,0.0,7799
21209,HIV,,,0.0,1016
21210,HIV,,,0.0,7800
21211,HIV,,,0.0,7801
21212,HIV,,,0.0,7801
21213,HIV,,,0.0,7801
21214,HIV,,,0.0,7801
21215,HIV,,,0.0,7801
21216,HIV,,,0.0,7801
21217,HIV,,,0.0,7801
21218,HIV,,,0.0,7802
21219,HIV,,,0.0,7803
21220,HIV,,,0.0,45
21221,HIV,,,0.0,45
21222,HIV,,,0.0,45
21223,HIV,,,0.0,45
21224,HIV,,,0.0,45
21225,HIV,,,0.0,45
21226,HIV,,,0.0,7804
21227,HIV,,,0.0,45
21228,HIV,,,0.0,7804
21229,HIV,,,0.0,45
21230,HIV,,,0.0,7805
21231,HIV,,,0.0,7805
21232,HIV,,,0.0,7805
21233,HIV,,,0.0,7805
21234,HIV,,,0.0,7805
21235,HIV,,,0.0,10633
21236,HIV,,,0.0,8959
21237,HIV,,,0.0,10633
21238,HIV,,,0.0,8959
21239,HIV,,,0.0,8959
21240,HIV,,,0.0,7806
21241,HIV,,,0.0,7807
21242,HIV,,,0.0,3309
21243,HIV,,,0.0,3309
21244,HIV,,,0.0,3309
21245,HIV,,,0.0,3309
21246,HIV,,,1.0,7794
21247,HIV,,,0.0,7794
21248,HIV,,,0.0,7808
21249,HIV,,,0.0,8522
21250,HIV,,,0.0,8522
21251,HIV,,,0.0,8522
21252,HIV,,,0.0,7809
21253,HIV,,,1.0,3021
21254,HIV,,,0.0,7810
21255,HIV,,,0.0,7810
21256,HIV,,,0.0,7810
21257,HIV,,,0.0,7810
21258,HIV,,,0.0,7811
21259,HIV,,,0.0,2546
21260,HIV,,,0.0,7812
21261,HIV,,,0.0,7813
21262,HIV,,,0.0,6433
21263,HIV,,,0.0,10753
21264,HIV,,,0.0,7814
21265,HIV,,,0.0,7604
21266,HIV,,,0.0,241
21267,HIV,,,1.0,7814
21268,HIV,,,0.0,5
21269,HIV,,,0.0,11920
21270,HIV,,,0.0,7815
21271,HIV,,,0.0,5165
21272,HIV,,,0.0,6801
21273,HIV,,,0.0,7816
21274,HIV,,,0.0,7816
21275,HIV,,,0.0,14106
21276,HIV,,,0.0,5718
21277,HIV,,,0.0,5718
21278,HIV,,,0.0,5718
21279,HIV,,,0.0,5718
21280,HIV,,,0.0,7817
21281,HIV,,,0.0,7818
21282,HIV,,,0.0,11339
21283,HIV,,,0.0,7819
21284,HIV,,,0.0,7820
21285,HIV,,,0.0,7821
21286,HIV,,,0.0,7822
21287,HIV,,,0.0,7823
21288,HIV,,,0.0,7824
21289,HIV,,,0.0,7825
21290,HIV,,,0.0,5970
21291,HIV,,,0.0,7826
21292,HIV,,,0.0,7827
21293,HIV,,,0.0,10633
21294,HIV,,,0.0,5970
21295,HIV,,,0.0,7828
21296,HIV,,,0.0,7829
21297,HIV,,,0.0,7830
21298,HIV,,,0.0,7831
21299,HIV,,,0.0,7832
21300,HIV,,,0.0,4609
21301,HIV,,,0.0,7833
21302,HIV,,,0.0,7834
21303,HIV,,,0.0,7835
21304,HIV,,,0.0,7835
21305,HIV,,,0.0,7928
21306,HIV,,,0.0,7928
21307,HIV,,,0.0,7535
21308,HIV,,,0.0,7535
21309,HIV,,,0.0,7836
21310,HIV,,,0.0,7928
21311,HIV,,,0.0,7535
21312,HIV,,,0.0,7535
21313,HIV,,,0.0,2546
21314,HIV,,,0.0,6412
21315,HIV,,,0.0,7837
21316,HIV,,,0.0,7838
21317,HIV,,,0.0,7542
21318,HIV,,,0.0,7928
21319,HIV,,,0.0,7535
21320,HIV,,,0.0,7839
21321,HIV,,,0.0,7928
21322,HIV,,,0.0,2546
21323,HIV,,,0.0,7928
21324,HIV,,,0.0,7535
21325,HIV,,,0.0,7928
21326,HIV,,,0.0,7840
21327,HIV,,,0.0,7841
21328,HIV,,,0.0,7535
21329,HIV,,,0.0,7928
21330,HIV,,,0.0,11406
21331,HIV,,,0.0,6412
21332,HIV,,,0.0,7535
21333,HIV,,,0.0,7984
21334,HIV,,,0.0,4749
21335,HIV,,,0.0,7043
21336,HIV,,,0.0,7043
21337,HIV,,,0.0,7535
21338,HIV,,,0.0,7928
21339,HIV,,,0.0,7928
21340,HIV,,,0.0,7842
21341,HIV,,,0.0,7843
21342,HIV,,,0.0,7928
21343,HIV,,,0.0,7928
21344,HIV,,,0.0,7844
21345,HIV,,,0.0,7205
21346,HIV,,,0.0,2546
21347,HIV,,,0.0,10633
21348,HIV,,,0.0,10633
21349,HIV,,,0.0,7845
21350,HIV,,,0.0,7845
21351,HIV,,,0.0,7846
21352,HIV,,,0.0,1203
21353,HIV,,,0.0,4973
21354,HIV,,,0.0,7847
21355,HIV,,,0.0,2546
21356,HIV,,,0.0,7848
21357,HIV,,,0.0,2546
21358,HIV,,,0.0,7849
21359,HIV,,,0.0,8272
21360,HIV,,,0.0,6978
21361,HIV,,,0.0,7850
21362,HIV,,,0.0,7591
21363,HIV,,,0.0,7591
21364,HIV,,,0.0,8272
21365,HIV,,,0.0,7851
21366,HIV,,,1.0,5248
21367,HIV,,,0.0,7591
21368,HIV,,,0.0,5165
21369,HIV,,,0.0,5165
21370,HIV,,,0.0,5597
21371,HIV,,,0.0,5597
21372,HIV,,,0.0,7852
21373,HIV,,,0.0,5597
21374,HIV,,,0.0,7853
21375,HIV,,,0.0,7854
21376,HIV,,,0.0,7855
21377,HIV,,,0.0,7856
21378,HIV,,,0.0,7857
21379,HIV,,,0.0,7858
21380,HIV,,,0.0,7858
21381,HIV,,,0.0,7859
21382,HIV,,,0.0,10027
21383,HIV,,,0.0,335
21384,HIV,,,0.0,335
21385,HIV,,,0.0,3021
21386,HIV,,,0.0,434
21387,HIV,,,1.0,434
21388,HIV,,,1.0,434
21389,HIV,,,0.0,7860
21390,HIV,,,0.0,7861
21391,HIV,,,0.0,7862
21392,HIV,,,0.0,7863
21393,HIV,,,0.0,7864
21394,HIV,,,0.0,7865
21395,HIV,,,0.0,7866
21396,HIV,,,0.0,7867
21397,HIV,,,0.0,8341
21398,HIV,,,0.0,7868
21399,HIV,,,0.0,7869
21400,HIV,,,0.0,7870
21401,HIV,,,0.0,7871
21402,HIV,,,0.0,7872
21403,HIV,,,0.0,7873
21404,HIV,,,0.0,7874
21405,HIV,,,0.0,7875
21406,HIV,,,0.0,7876
21407,HIV,,,0.0,6334
21408,HIV,,,0.0,7877
21409,HIV,,,0.0,7878
21410,HIV,,,0.0,7879
21411,HIV,,,1.0,11156
21412,HIV,,,1.0,6890
21413,HIV,,,1.0,6890
21414,HIV,,,1.0,6891
21415,HIV,,,0.0,5363
21416,HIV,,,0.0,7880
21417,HIV,,,0.0,7880
21418,HIV,,,0.0,7880
21419,HIV,,,0.0,7881
21420,HIV,,,0.0,7882
21421,HIV,,,0.0,10400
21422,HIV,,,0.0,7883
21423,HIV,,,0.0,7535
21424,HIV,,,0.0,7289
21425,HIV,,,0.0,7928
21426,HIV,,,0.0,7928
21427,HIV,,,0.0,7884
21428,HIV,,,0.0,2546
21429,HIV,,,0.0,7928
21430,HIV,,,0.0,7928
21431,HIV,,,0.0,7885
21432,HIV,,,0.0,5718
21433,HIV,,,0.0,7928
21434,HIV,,,0.0,6086
21435,HIV,,,0.0,2546
21436,HIV,,,0.0,2800
21437,HIV,,,0.0,7886
21438,HIV,,,0.0,8105
21439,HIV,,,0.0,5718
21440,HIV,,,0.0,7887
21441,HIV,,,0.0,7928
21442,HIV,,,0.0,7888
21443,HIV,,,0.0,2546
21444,HIV,,,0.0,7889
21445,HIV,,,0.0,7535
21446,HIV,,,0.0,2546
21447,HIV,,,0.0,2546
21448,HIV,,,0.0,5718
21449,HIV,,,0.0,7890
21450,HIV,,,0.0,7891
21451,HIV,,,0.0,7892
21452,HIV,,,0.0,7893
21453,HIV,,,0.0,7894
21454,HIV,,,0.0,7895
21455,HIV,,,0.0,7535
21456,HIV,,,0.0,7928
21457,HIV,,,0.0,7896
21458,HIV,,,0.0,7899
21459,HIV,,,0.0,7897
21460,HIV,,,0.0,7897
21461,HIV,,,0.0,7897
21462,HIV,,,0.0,7898
21463,HIV,,,0.0,7899
21464,HIV,,,0.0,7899
21465,HIV,,,0.0,9216
21466,HIV,,,0.0,7899
21467,HIV,,,0.0,7899
21468,HIV,,,0.0,7900
21469,HIV,,,0.0,6801
21470,HIV,,,0.0,5363
21471,HIV,,,0.0,7901
21472,HIV,,,0.0,7902
21473,HIV,,,0.0,7903
21474,HIV,,,0.0,7909
21475,HIV,,,0.0,11625
21476,HIV,,,0.0,7907
21477,HIV,,,0.0,7904
21478,HIV,,,0.0,7905
21479,HIV,,,0.0,7906
21480,HIV,,,0.0,7907
21481,HIV,,,0.0,7908
21482,HIV,,,0.0,7909
21483,HIV,,,0.0,7910
21484,HIV,,,0.0,7911
21485,HIV,,,0.0,5501
21486,HIV,,,0.0,7912
21487,HIV,,,0.0,7913
21488,HIV,,,0.0,7914
21489,HIV,,,0.0,7915
21490,HIV,,,0.0,7916
21491,HIV,,,0.0,5501
21492,HIV,,,0.0,3279
21493,HIV,,,0.0,3279
21494,HIV,,,0.0,310
21495,HIV,,,0.0,7917
21496,HIV,,,0.0,5165
21497,HIV,,,0.0,7918
21498,HIV,,,0.0,10400
21499,HIV,,,0.0,6801
21500,HIV,,,0.0,7922
21501,HIV,,,0.0,7922
21502,HIV,,,0.0,7919
21503,HIV,,,0.0,7920
21504,HIV,,,0.0,7921
21505,HIV,,,0.0,7922
21506,HIV,,,0.0,6801
21507,HIV,,,0.0,7227
21508,HIV,,,0.0,7922
21509,HIV,,,0.0,7923
21510,HIV,,,0.0,7923
21511,HIV,,,0.0,7924
21512,HIV,,,0.0,7925
21513,HIV,,,0.0,7926
21514,HIV,,,0.0,7967
21515,HIV,,,0.0,7985
21516,HIV,,,0.0,7966
21517,HIV,,,0.0,7966
21518,HIV,,,0.0,7966
21519,HIV,,,0.0,7928
21520,HIV,,,0.0,7983
21521,HIV,,,0.0,7985
21522,HIV,,,0.0,7963
21523,HIV,,,0.0,7985
21524,HIV,,,0.0,7966
21525,HIV,,,0.0,7927
21526,HIV,,,0.0,7928
21527,HIV,,,1.0,6801
21528,HIV,,,1.0,45
21529,HIV,,,0.0,7929
21530,HIV,,,0.0,7930
21531,HIV,,,0.0,7931
21532,HIV,,,0.0,7932
21533,HIV,,,0.0,7933
21534,HIV,,,0.0,8341
21535,HIV,,,0.0,84
21536,HIV,,,0.0,6018
21537,HIV,,,0.0,2139
21538,HIV,,,0.0,7934
21539,HIV,,,0.0,7935
21540,HIV,,,0.0,2138
21541,HIV,,,0.0,7936
21542,HIV,,,0.0,7937
21543,HIV,,,0.0,7938
21544,HIV,,,0.0,7939
21545,HIV,,,0.0,7939
21546,HIV,,,0.0,7939
21547,HIV,,,1.0,10409
21548,HIV,,,0.0,5165
21549,HIV,,,0.0,2546
21550,HIV,,,0.0,7940
21551,HIV,,,0.0,7941
21552,HIV,,,0.0,7942
21553,HIV,,,0.0,7943
21554,HIV,,,0.0,7484
21555,HIV,,,0.0,7942
21556,HIV,,,0.0,7948
21557,HIV,,,0.0,7948
21558,HIV,,,0.0,7944
21559,HIV,,,0.0,7948
21560,HIV,,,0.0,7945
21561,HIV,,,0.0,5165
21562,HIV,,,0.0,5165
21563,HIV,,,0.0,7945
21564,HIV,,,0.0,7946
21565,HIV,,,0.0,7946
21566,HIV,,,0.0,7946
21567,HIV,,,0.0,7946
21568,HIV,,,0.0,7947
21569,HIV,,,0.0,7946
21570,HIV,,,0.0,7948
21571,HIV,,,0.0,98
21572,HIV,,,0.0,7949
21573,HIV,,,0.0,7950
21574,HIV,,,0.0,8392
21575,HIV,,,0.0,7951
21576,HIV,,,0.0,14106
21577,HIV,,,0.0,8392
21578,HIV,,,0.0,14106
21579,HIV,,,0.0,7952
21580,HIV,,,0.0,14106
21581,HIV,,,0.0,7953
21582,HIV,,,0.0,7954
21583,HIV,,,0.0,7955
21584,HIV,,,0.0,7956
21585,HIV,,,0.0,7958
21586,HIV,,,0.0,7958
21587,HIV,,,0.0,7957
21588,HIV,,,0.0,7958
21589,HIV,,,0.0,5501
21590,HIV,,,0.0,8341
21591,HIV,,,0.0,7604
21592,HIV,,,0.0,8341
21593,HIV,,,0.0,7959
21594,HIV,,,0.0,7942
21595,HIV,,,0.0,7960
21596,HIV,,,0.0,7961
21597,HIV,,,0.0,7961
21598,HIV,,,0.0,7961
21599,HIV,,,0.0,7961
21600,HIV,,,0.0,7961
21601,HIV,,,0.0,7611
21602,HIV,,,0.0,7611
21603,HIV,,,0.0,7611
21604,HIV,,,0.0,7877
21605,HIV,,,0.0,7966
21606,HIV,,,0.0,7962
21607,HIV,,,0.0,7985
21608,HIV,,,0.0,7963
21609,HIV,,,0.0,7966
21610,HIV,,,0.0,7985
21611,HIV,,,0.0,7985
21612,HIV,,,0.0,7985
21613,HIV,,,0.0,7966
21614,HIV,,,0.0,7966
21615,HIV,,,0.0,7966
21616,HIV,,,0.0,7967
21617,HIV,,,0.0,7963
21618,HIV,,,0.0,7964
21619,HIV,,,0.0,7966
21620,HIV,,,0.0,7966
21621,HIV,,,0.0,7966
21622,HIV,,,0.0,7985
21623,HIV,,,0.0,7985
21624,HIV,,,0.0,7985
21625,HIV,,,0.0,7985
21626,HIV,,,0.0,7965
21627,HIV,,,0.0,7985
21628,HIV,,,0.0,7966
21629,HIV,,,0.0,7966
21630,HIV,,,0.0,7985
21631,HIV,,,0.0,7967
21632,HIV,,,0.0,7985
21633,HIV,,,0.0,7968
21634,HIV,,,0.0,7985
21635,HIV,,,0.0,6801
21636,HIV,,,0.0,7969
21637,HIV,,,0.0,7970
21638,HIV,,,0.0,7971
21639,HIV,,,0.0,7972
21640,HIV,,,0.0,7973
21641,HIV,,,0.0,5165
21642,HIV,,,0.0,7974
21643,HIV,,,0.0,7974
21644,HIV,,,0.0,5165
21645,HIV,,,0.0,2546
21646,HIV,,,0.0,7975
21647,HIV,,,0.0,7976
21648,HIV,,,0.0,1016
21649,HIV,,,0.0,1016
21650,HIV,,,0.0,205
21651,HIV,,,0.0,5363
21652,HIV,,,0.0,7977
21653,HIV,,,0.0,7978
21654,HIV,,,0.0,7979
21655,HIV,,,0.0,7980
21656,HIV,,,0.0,7981
21657,HIV,,,0.0,11053
21658,HIV,,,0.0,13716
21659,HIV,,,0.0,11053
21660,HIV,,,0.0,11053
21661,HIV,,,0.0,7982
21662,HIV,,,0.0,7388
21663,HIV,,,0.0,98
21664,HIV,,,0.0,98
21665,HIV,,,0.0,1016
21666,HIV,,,0.0,1016
21667,HIV,,,0.0,1016
21668,HIV,,,0.0,1016
21669,HIV,,,0.0,1016
21670,HIV,,,0.0,1016
21671,HIV,,,0.0,1016
21672,HIV,,,0.0,1016
21673,HIV,,,0.0,1016
21674,HIV,,,0.0,1016
21675,HIV,,,0.0,7928
21676,HIV,,,0.0,7983
21677,HIV,,,0.0,7535
21678,HIV,,,0.0,7985
21679,HIV,,,0.0,7985
21680,HIV,,,0.0,7987
21681,HIV,,,0.0,7966
21682,HIV,,,0.0,7535
21683,HIV,,,0.0,7928
21684,HIV,,,0.0,7984
21685,HIV,,,0.0,7985
21686,HIV,,,0.0,7928
21687,HIV,,,0.0,7535
21688,HIV,,,0.0,7985
21689,HIV,,,0.0,7967
21690,HIV,,,0.0,7966
21691,HIV,,,0.0,7535
21692,HIV,,,0.0,7986
21693,HIV,,,0.0,7928
21694,HIV,,,0.0,7985
21695,HIV,,,0.0,7535
21696,HIV,,,0.0,7985
21697,HIV,,,0.0,7985
21698,HIV,,,0.0,7987
21699,HIV,,,0.0,7985
21700,HIV,,,0.0,7966
21701,HIV,,,0.0,7535
21702,HIV,,,0.0,7289
21703,HIV,,,0.0,7289
21704,HIV,,,0.0,7043
21705,HIV,,,0.0,7535
21706,HIV,,,0.0,7988
21707,HIV,,,0.0,7289
21708,HIV,,,0.0,7289
21709,HIV,,,0.0,7535
21710,HIV,,,0.0,7208
21711,HIV,,,0.0,7289
21712,HIV,,,0.0,7208
21713,HIV,,,0.0,7535
21714,HIV,,,0.0,7843
21715,HIV,,,0.0,7988
21716,HIV,,,0.0,7989
21717,HIV,,,0.0,7990
21718,HIV,,,0.0,7991
21719,HIV,,,0.0,205
21720,HIV,,,0.0,7992
21721,HIV,,,0.0,7993
21722,HIV,,,1.0,7794
21723,HIV,,,1.0,7794
21724,HIV,,,1.0,7794
21725,HIV,,,0.0,7794
21726,HIV,,,1.0,7794
21727,HIV,,,0.0,7994
21728,HIV,,,0.0,5
21729,HIV,,,0.0,5
21730,HIV,,,0.0,2546
21731,HIV,,,0.0,2546
21732,HIV,,,0.0,7995
21733,HIV,,,0.0,7996
21734,HIV,,,0.0,7997
21735,HIV,,,0.0,7998
21736,HIV,,,0.0,7999
21737,HIV,,,0.0,5363
21738,HIV,,,0.0,8000
21739,HIV,,,0.0,8000
21740,HIV,,,0.0,8001
21741,HIV,,,0.0,8895
21742,HIV,,,0.0,8002
21743,HIV,,,0.0,8003
21744,HIV,,,0.0,4421
21745,HIV,,,0.0,4421
21746,HIV,,,0.0,1016
21747,HIV,,,0.0,1016
21748,HIV,,,0.0,1016
21749,HIV,,,0.0,1016
21750,HIV,,,0.0,5363
21751,HIV,,,0.0,5363
21752,HIV,,,0.0,5730
21753,HIV,,,0.0,9808
21754,HIV,,,0.0,9808
21755,HIV,,,0.0,9808
21756,HIV,,,0.0,9808
21757,HIV,,,1.0,9808
21758,HIV,,,0.0,9808
21759,HIV,,,0.0,9808
21760,HIV,,,0.0,8004
21761,HIV,,,0.0,8005
21762,HIV,,,0.0,8006
21763,HIV,,,0.0,8007
21764,HIV,,,0.0,8007
21765,HIV,,,0.0,8008
21766,HIV,,,0.0,8009
21767,HIV,,,0.0,7356
21768,HIV,,,0.0,1729
21769,HIV,,,0.0,8010
21770,HIV,,,0.0,10746
21771,HIV,,,0.0,8011
21772,HIV,,,0.0,8011
21773,HIV,,,0.0,11407
21774,HIV,,,0.0,11407
21775,HIV,,,0.0,11407
21776,HIV,,,0.0,11407
21777,HIV,,,0.0,2053
21778,HIV,,,0.0,10746
21779,HIV,,,0.0,10746
21780,HIV,,,0.0,10746
21781,HIV,,,0.0,10746
21782,HIV,,,0.0,10746
21783,HIV,,,0.0,10746
21784,HIV,,,0.0,10746
21785,HIV,,,0.0,8012
21786,HIV,,,0.0,8012
21787,HIV,,,0.0,8012
21788,HIV,,,0.0,8012
21789,HIV,,,0.0,8012
21790,HIV,,,0.0,8012
21791,HIV,,,0.0,8012
21792,HIV,,,0.0,8012
21793,HIV,,,0.0,8012
21794,HIV,,,0.0,8012
21795,HIV,,,0.0,8013
21796,HIV,,,0.0,8014
21797,HIV,,,0.0,8015
21798,HIV,,,0.0,8015
21799,HIV,,,1.0,434
21800,HIV,,,1.0,434
21801,HIV,,,1.0,434
21802,HIV,,,1.0,434
21803,HIV,,,0.0,11202
21804,HIV,,,0.0,8075
21805,HIV,,,0.0,8016
21806,HIV,,,0.0,8017
21807,HIV,,,0.0,9809
21808,HIV,,,0.0,9809
21809,HIV,,,0.0,8018
21810,HIV,,,0.0,7994
21811,HIV,,,0.0,8019
21812,HIV,,,0.0,8020
21813,HIV,,,0.0,1695
21814,HIV,,,0.0,8021
21815,HIV,,,0.0,7932
21816,HIV,,,0.0,13204
21817,HIV,,,0.0,8022
21818,HIV,,,0.0,8023
21819,HIV,,,0.0,7943
21820,HIV,,,0.0,7943
21821,HIV,,,0.0,12533
21822,HIV,,,0.0,5165
21823,HIV,,,0.0,10753
21824,HIV,,,0.0,10753
21825,HIV,,,0.0,8024
21826,HIV,,,0.0,10753
21827,HIV,,,0.0,8025
21828,HIV,,,0.0,8026
21829,HIV,,,0.0,7946
21830,HIV,,,0.0,8027
21831,HIV,,,0.0,3937
21832,HIV,,,0.0,3309
21833,HIV,,,0.0,3309
21834,HIV,,,0.0,3309
21835,HIV,,,0.0,3309
21836,HIV,,,0.0,3309
21837,HIV,,,0.0,3309
21838,HIV,,,0.0,8028
21839,HIV,,,0.0,8341
21840,HIV,,,0.0,1016
21841,HIV,,,0.0,1016
21842,HIV,,,0.0,1016
21843,HIV,,,0.0,8029
21844,HIV,,,0.0,8030
21845,HIV,,,0.0,11202
21846,HIV,,,0.0,7946
21847,HIV,,,0.0,8031
21848,HIV,,,0.0,7946
21849,HIV,,,0.0,8032
21850,HIV,,,0.0,8032
21851,HIV,,,0.0,8033
21852,HIV,,,0.0,7350
21853,HIV,,,0.0,7350
21854,HIV,,,0.0,9449
21855,HIV,,,0.0,9449
21856,HIV,,,0.0,9449
21857,HIV,,,0.0,8034
21858,HIV,,,0.0,8035
21859,HIV,,,0.0,8036
21860,HIV,,,0.0,7877
21861,HIV,,,0.0,7877
21862,HIV,,,0.0,7877
21863,HIV,,,0.0,7877
21864,HIV,,,0.0,7877
21865,HIV,,,0.0,7877
21866,HIV,,,0.0,10409
21867,HIV,,,0.0,8341
21868,HIV,,,0.0,5501
21869,HIV,,,0.0,5501
21870,HIV,,,0.0,8037
21871,HIV,,,0.0,5501
21872,HIV,,,0.0,10409
21873,HIV,,,0.0,9799
21874,HIV,,,0.0,8038
21875,HIV,,,0.0,8039
21876,HIV,,,0.0,7591
21877,HIV,,,0.0,8040
21878,HIV,,,0.0,7591
21879,HIV,,,0.0,7591
21880,HIV,,,0.0,8272
21881,HIV,,,0.0,8272
21882,HIV,,,0.0,8272
21883,HIV,,,0.0,8272
21884,HIV,,,0.0,3759
21885,HIV,,,0.0,3759
21886,HIV,,,0.0,3759
21887,HIV,,,0.0,3759
21888,HIV,,,0.0,3759
21889,HIV,,,0.0,3759
21890,HIV,,,0.0,3759
21891,HIV,,,0.0,3759
21892,HIV,,,0.0,3759
21893,HIV,,,0.0,8041
21894,HIV,,,0.0,12597
21895,HIV,,,0.0,8042
21896,HIV,,,0.0,11339
21897,HIV,,,0.0,8043
21898,HIV,,,0.0,8044
21899,HIV,,,0.0,7088
21900,HIV,,,0.0,8045
21901,HIV,,,1.0,6890
21902,HIV,,,1.0,6891
21903,HIV,,,1.0,6890
21904,HIV,,,1.0,6890
21905,HIV,,,0.0,8046
21906,HIV,,,0.0,8046
21907,HIV,,,0.0,98
21908,HIV,,,0.0,8047
21909,HIV,,,0.0,8048
21910,HIV,,,0.0,8051
21911,HIV,,,0.0,8049
21912,HIV,,,0.0,8050
21913,HIV,,,0.0,8050
21914,HIV,,,0.0,8051
21915,HIV,,,0.0,8049
21916,HIV,,,0.0,8050
21917,HIV,,,0.0,8052
21918,HIV,,,0.0,8053
21919,HIV,,,0.0,8054
21920,HIV,,,0.0,8055
21921,HIV,,,0.0,8056
21922,HIV,,,0.0,8057
21923,HIV,,,0.0,8058
21924,HIV,,,1.0,12667
21925,HIV,,,0.0,8059
21926,HIV,,,0.0,8060
21927,HIV,,,0.0,8061
21928,HIV,,,0.0,8062
21929,HIV,,,0.0,8062
21930,HIV,,,0.0,8063
21931,HIV,,,0.0,8064
21932,HIV,,,0.0,8341
21933,HIV,,,0.0,8341
21934,HIV,,,0.0,8065
21935,HIV,,,0.0,8341
21936,HIV,,,0.0,5501
21937,HIV,,,0.0,5501
21938,HIV,,,0.0,5501
21939,HIV,,,0.0,5501
21940,HIV,,,0.0,5501
21941,HIV,,,0.0,8066
21942,HIV,,,0.0,7946
21943,HIV,,,0.0,2546
21944,HIV,,,0.0,8067
21945,HIV,,,0.0,7946
21946,HIV,,,0.0,8068
21947,HIV,,,0.0,2546
21948,HIV,,,0.0,7946
21949,HIV,,,0.0,1830
21950,HIV,,,0.0,8069
21951,HIV,,,0.0,8070
21952,HIV,,,0.0,8071
21953,HIV,,,0.0,8072
21954,HIV,,,0.0,8845
21955,HIV,,,0.0,5363
21956,HIV,,,0.0,8073
21957,HIV,,,0.0,8074
21958,HIV,,,0.0,8075
21959,HIV,,,0.0,8075
21960,HIV,,,0.0,8075
21961,HIV,,,0.0,6801
21962,HIV,,,0.0,6801
21963,HIV,,,0.0,6801
21964,HIV,,,0.0,8076
21965,HIV,,,0.0,8076
21966,HIV,,,0.0,8077
21967,HIV,,,0.0,8078
21968,HIV,,,0.0,8079
21969,HIV,,,0.0,7995
21970,HIV,,,0.0,8080
21971,HIV,,,0.0,8081
21972,HIV,,,0.0,5363
21973,HIV,,,0.0,8082
21974,HIV,,,0.0,8083
21975,HIV,,,0.0,8084
21976,HIV,,,0.0,14106
21977,HIV,,,0.0,8085
21978,HIV,,,0.0,8085
21979,HIV,,,0.0,8085
21980,HIV,,,0.0,10409
21981,HIV,,,0.0,8086
21982,HIV,,,0.0,8086
21983,HIV,,,1.0,6918
21984,HIV,,,1.0,6918
21985,HIV,,,0.0,1016
21986,HIV,,,0.0,12533
21987,HIV,,,0.0,7388
21988,HIV,,,0.0,441
21989,HIV,,,0.0,441
21990,HIV,,,0.0,441
21991,HIV,,,0.0,335
21992,HIV,,,0.0,7356
21993,HIV,,,0.0,8087
21994,HIV,,,0.0,8088
21995,HIV,,,0.0,8089
21996,HIV,,,0.0,8090
21997,HIV,,,0.0,8091
21998,HIV,,,0.0,8092
21999,HIV,,,0.0,8093
22000,HIV,,,0.0,8094
22001,HIV,,,0.0,7289
22002,HIV,,,0.0,7289
22003,HIV,,,0.0,7289
22004,HIV,,,0.0,7043
22005,HIV,,,0.0,7289
22006,HIV,,,0.0,7289
22007,HIV,,,0.0,7535
22008,HIV,,,0.0,7535
22009,HIV,,,0.0,7535
22010,HIV,,,0.0,7928
22011,HIV,,,0.0,8095
22012,HIV,,,0.0,7098
22013,HIV,,,0.0,7928
22014,HIV,,,0.0,7928
22015,HIV,,,0.0,7535
22016,HIV,,,0.0,10400
22017,HIV,,,0.0,6412
22018,HIV,,,0.0,7535
22019,HIV,,,0.0,2546
22020,HIV,,,0.0,3170
22021,HIV,,,0.0,7535
22022,HIV,,,0.0,7535
22023,HIV,,,0.0,8096
22024,HIV,,,0.0,7535
22025,HIV,,,0.0,8097
22026,HIV,,,0.0,7535
22027,HIV,,,0.0,7535
22028,HIV,,,0.0,7535
22029,HIV,,,0.0,7928
22030,HIV,,,0.0,8098
22031,HIV,,,0.0,8099
22032,HIV,,,0.0,7535
22033,HIV,,,0.0,2546
22034,HIV,,,0.0,8100
22035,HIV,,,0.0,12408
22036,HIV,,,0.0,11406
22037,HIV,,,0.0,2546
22038,HIV,,,0.0,7098
22039,HIV,,,0.0,8101
22040,HIV,,,0.0,7180
22041,HIV,,,0.0,7535
22042,HIV,,,0.0,8102
22043,HIV,,,0.0,8103
22044,HIV,,,0.0,8104
22045,HIV,,,0.0,2546
22046,HIV,,,0.0,7535
22047,HIV,,,0.0,7928
22048,HIV,,,0.0,10633
22049,HIV,,,0.0,8105
22050,HIV,,,0.0,7928
22051,HIV,,,0.0,8106
22052,HIV,,,0.0,7928
22053,HIV,,,0.0,8104
22054,HIV,,,0.0,7928
22055,HIV,,,0.0,7928
22056,HIV,,,0.0,2546
22057,HIV,,,0.0,7535
22058,HIV,,,0.0,8107
22059,HIV,,,0.0,7535
22060,HIV,,,0.0,11406
22061,HIV,,,0.0,5970
22062,HIV,,,0.0,7928
22063,HIV,,,0.0,7174
22064,HIV,,,0.0,5970
22065,HIV,,,0.0,7928
22066,HIV,,,0.0,7539
22067,HIV,,,0.0,8108
22068,HIV,,,0.0,7928
22069,HIV,,,0.0,7535
22070,HIV,,,0.0,7928
22071,HIV,,,0.0,7535
22072,HIV,,,0.0,7535
22073,HIV,,,0.0,8109
22074,HIV,,,0.0,7535
22075,HIV,,,0.0,7535
22076,HIV,,,0.0,7543
22077,HIV,,,0.0,7535
22078,HIV,,,0.0,7928
22079,HIV,,,0.0,7928
22080,HIV,,,0.0,8110
22081,HIV,,,0.0,8111
22082,HIV,,,0.0,7928
22083,HIV,,,0.0,7928
22084,HIV,,,0.0,7928
22085,HIV,,,0.0,8672
22086,HIV,,,0.0,8112
22087,HIV,,,0.0,8113
22088,HIV,,,0.0,8114
22089,HIV,,,0.0,8114
22090,HIV,,,0.0,6752
22091,HIV,,,0.0,6752
22092,HIV,,,0.0,6752
22093,HIV,,,0.0,9352
22094,HIV,,,0.0,3021
22095,HIV,,,0.0,8115
22096,HIV,,,0.0,3021
22097,HIV,,,0.0,7420
22098,HIV,,,0.0,8116
22099,HIV,,,0.0,8117
22100,HIV,,,0.0,8117
22101,HIV,,,0.0,3021
22102,HIV,,,0.0,8118
22103,HIV,,,0.0,8119
22104,HIV,,,0.0,8120
22105,HIV,,,0.0,8696
22106,HIV,,,0.0,434
22107,HIV,,,0.0,434
22108,HIV,,,0.0,434
22109,HIV,,,1.0,434
22110,HIV,,,0.0,8121
22111,HIV,,,0.0,8122
22112,HIV,,,0.0,8123
22113,HIV,,,0.0,3279
22114,HIV,,,0.0,3279
22115,HIV,,,0.0,3279
22116,HIV,,,0.0,8124
22117,HIV,,,0.0,3279
22118,HIV,,,1.0,10352
22119,HIV,,,0.0,8125
22120,HIV,,,0.0,8126
22121,HIV,,,0.0,8128
22122,HIV,,,0.0,8128
22123,HIV,,,0.0,8128
22124,HIV,,,0.0,8127
22125,HIV,,,0.0,8128
22126,HIV,,,0.0,8128
22127,HIV,,,0.0,8128
22128,HIV,,,0.0,9378
22129,HIV,,,0.0,8544
22130,HIV,,,1.0,8129
22131,HIV,,,0.0,8132
22132,HIV,,,0.0,8129
22133,HIV,,,0.0,8130
22134,HIV,,,0.0,8130
22135,HIV,,,0.0,8131
22136,HIV,,,0.0,8132
22137,HIV,,,0.0,8132
22138,HIV,,,0.0,8284
22139,HIV,,,0.0,8133
22140,HIV,,,0.0,8134
22141,HIV,,,0.0,8135
22142,HIV,,,0.0,8284
22143,HIV,,,0.0,8134
22144,HIV,,,0.0,8284
22145,HIV,,,0.0,8133
22146,HIV,,,0.0,8136
22147,HIV,,,0.0,8284
22148,HIV,,,0.0,2546
22149,HIV,,,0.0,2546
22150,HIV,,,0.0,2546
22151,HIV,,,0.0,8137
22152,HIV,,,0.0,2546
22153,HIV,,,0.0,2546
22154,HIV,,,0.0,8139
22155,HIV,,,0.0,5165
22156,HIV,,,0.0,5165
22157,HIV,,,0.0,5165
22158,HIV,,,0.0,5165
22159,HIV,,,0.0,2546
22160,HIV,,,0.0,2546
22161,HIV,,,0.0,8138
22162,HIV,,,0.0,8139
22163,HIV,,,0.0,8139
22164,HIV,,,0.0,8139
22165,HIV,,,0.0,8139
22166,HIV,,,0.0,8140
22167,HIV,,,0.0,8140
22168,HIV,,,0.0,8141
22169,HIV,,,0.0,8141
22170,HIV,,,0.0,8141
22171,HIV,,,0.0,8142
22172,HIV,,,0.0,8142
22173,HIV,,,0.0,13419
22174,HIV,,,0.0,8143
22175,HIV,,,0.0,8144
22176,HIV,,,0.0,8145
22177,HIV,,,0.0,8146
22178,HIV,,,0.0,8146
22179,HIV,,,0.0,11681
22180,HIV,,,0.0,8147
22181,HIV,,,0.0,8148
22182,HIV,,,0.0,8149
22183,HIV,,,0.0,5501
22184,HIV,,,0.0,5747
22185,HIV,,,0.0,8150
22186,HIV,,,0.0,8151
22187,HIV,,,0.0,8152
22188,HIV,,,0.0,5282
22189,HIV,,,0.0,8153
22190,HIV,,,0.0,8154
22191,HIV,,,0.0,5718
22192,HIV,,,0.0,8155
22193,HIV,,,0.0,8156
22194,HIV,,,0.0,5457
22195,HIV,,,0.0,5457
22196,HIV,,,0.0,8157
22197,HIV,,,0.0,8203
22198,HIV,,,0.0,8158
22199,HIV,,,0.0,8159
22200,HIV,,,0.0,8160
22201,HIV,,,0.0,8160
22202,HIV,,,0.0,8160
22203,HIV,,,0.0,8161
22204,HIV,,,0.0,8161
22205,HIV,,,0.0,8162
22206,HIV,,,0.0,8163
22207,HIV,,,0.0,8164
22208,HIV,,,0.0,8165
22209,HIV,,,0.0,8166
22210,HIV,,,0.0,8167
22211,HIV,,,0.0,8168
22212,HIV,,,0.0,8169
22213,HIV,,,0.0,8170
22214,HIV,,,0.0,8171
22215,HIV,,,0.0,8172
22216,HIV,,,0.0,8173
22217,HIV,,,0.0,8174
22218,HIV,,,0.0,8175
22219,HIV,,,0.0,8176
22220,HIV,,,0.0,8177
22221,HIV,,,0.0,8178
22222,HIV,,,0.0,8179
22223,HIV,,,0.0,8180
22224,HIV,,,0.0,8181
22225,HIV,,,0.0,8182
22226,HIV,,,0.0,8183
22227,HIV,,,0.0,13924
22228,HIV,,,0.0,8184
22229,HIV,,,0.0,8341
22230,HIV,,,0.0,8185
22231,HIV,,,0.0,13419
22232,HIV,,,0.0,13419
22233,HIV,,,0.0,13419
22234,HIV,,,0.0,8186
22235,HIV,,,0.0,5363
22236,HIV,,,0.0,3114
22237,HIV,,,0.0,312
22238,HIV,,,0.0,8189
22239,HIV,,,0.0,8187
22240,HIV,,,0.0,8188
22241,HIV,,,0.0,8188
22242,HIV,,,0.0,8188
22243,HIV,,,0.0,8189
22244,HIV,,,0.0,8190
22245,HIV,,,0.0,8191
22246,HIV,,,0.0,8191
22247,HIV,,,0.0,8194
22248,HIV,,,0.0,8192
22249,HIV,,,0.0,8193
22250,HIV,,,0.0,8193
22251,HIV,,,0.0,8193
22252,HIV,,,0.0,8193
22253,HIV,,,0.0,8193
22254,HIV,,,0.0,8194
22255,HIV,,,0.0,8194
22256,HIV,,,0.0,8194
22257,HIV,,,0.0,8195
22258,HIV,,,0.0,8198
22259,HIV,,,0.0,8195
22260,HIV,,,0.0,8196
22261,HIV,,,0.0,8196
22262,HIV,,,0.0,8197
22263,HIV,,,0.0,8198
22264,HIV,,,0.0,8199
22265,HIV,,,0.0,1016
22266,HIV,,,0.0,8200
22267,HIV,,,0.0,5747
22268,HIV,,,0.0,8201
22269,HIV,,,0.0,8202
22270,HIV,,,0.0,8202
22271,HIV,,,0.0,8202
22272,HIV,,,0.0,8203
22273,HIV,,,0.0,13419
22274,HIV,,,0.0,13419
22275,HIV,,,0.0,8204
22276,HIV,,,0.0,8206
22277,HIV,,,0.0,8205
22278,HIV,,,0.0,8206
22279,HIV,,,0.0,5165
22280,HIV,,,0.0,8207
22281,HIV,,,0.0,8208
22282,HIV,,,0.0,8209
22283,HIV,,,0.0,8210
22284,HIV,,,0.0,8211
22285,HIV,,,0.0,2546
22286,HIV,,,0.0,45
22287,HIV,,,0.0,155
22288,HIV,,,0.0,8212
22289,HIV,,,0.0,343
22290,HIV,,,0.0,8213
22291,HIV,,,0.0,3279
22292,HIV,,,0.0,8214
22293,HIV,,,0.0,8214
22294,HIV,,,0.0,8215
22295,HIV,,,0.0,8216
22296,HIV,,,0.0,8217
22297,HIV,,,0.0,8217
22298,HIV,,,0.0,8220
22299,HIV,,,0.0,8220
22300,HIV,,,0.0,8218
22301,HIV,,,0.0,8219
22302,HIV,,,0.0,8219
22303,HIV,,,0.0,8220
22304,HIV,,,0.0,8221
22305,HIV,,,0.0,8226
22306,HIV,,,0.0,8222
22307,HIV,,,0.0,8223
22308,HIV,,,0.0,8226
22309,HIV,,,0.0,8224
22310,HIV,,,0.0,8225
22311,HIV,,,0.0,8226
22312,HIV,,,0.0,8227
22313,HIV,,,0.0,8228
22314,HIV,,,0.0,8228
22315,HIV,,,0.0,8229
22316,HIV,,,0.0,8230
22317,HIV,,,0.0,8231
22318,HIV,,,0.0,5992
22319,HIV,,,0.0,4763
22320,HIV,,,0.0,5992
22321,HIV,,,0.0,5992
22322,HIV,,,0.0,5992
22323,HIV,,,0.0,5992
22324,HIV,,,0.0,13694
22325,HIV,,,0.0,8232
22326,HIV,,,0.0,8233
22327,HIV,,,0.0,5992
22328,HIV,,,0.0,8234
22329,HIV,,,0.0,175
22330,HIV,,,0.0,8242
22331,HIV,,,0.0,14106
22332,HIV,,,0.0,8235
22333,HIV,,,0.0,8236
22334,HIV,,,0.0,8237
22335,HIV,,,0.0,8238
22336,HIV,,,0.0,8239
22337,HIV,,,0.0,8240
22338,HIV,,,0.0,8241
22339,HIV,,,0.0,8242
22340,HIV,,,0.0,4761
22341,HIV,,,0.0,8243
22342,HIV,,,0.0,8244
22343,HIV,,,0.0,8244
22344,HIV,,,0.0,8245
22345,HIV,,,0.0,8246
22346,HIV,,,0.0,8247
22347,HIV,,,0.0,8248
22348,HIV,,,0.0,14106
22349,HIV,,,0.0,14106
22350,HIV,,,0.0,8250
22351,HIV,,,0.0,8249
22352,HIV,,,0.0,8250
22353,HIV,,,0.0,8251
22354,HIV,,,0.0,8252
22355,HIV,,,0.0,7892
22356,HIV,,,0.0,8253
22357,HIV,,,0.0,5718
22358,HIV,,,0.0,8301
22359,HIV,,,0.0,7535
22360,HIV,,,0.0,7535
22361,HIV,,,0.0,5363
22362,HIV,,,0.0,5718
22363,HIV,,,0.0,7928
22364,HIV,,,0.0,8254
22365,HIV,,,0.0,8255
22366,HIV,,,0.0,7928
22367,HIV,,,0.0,8256
22368,HIV,,,0.0,8257
22369,HIV,,,0.0,8258
22370,HIV,,,0.0,7928
22371,HIV,,,0.0,8259
22372,HIV,,,0.0,7928
22373,HIV,,,0.0,5970
22374,HIV,,,0.0,8260
22375,HIV,,,0.0,8261
22376,HIV,,,0.0,5718
22377,HIV,,,0.0,8262
22378,HIV,,,0.0,8303
22379,HIV,,,0.0,8263
22380,HIV,,,0.0,8264
22381,HIV,,,0.0,8265
22382,HIV,,,0.0,7535
22383,HIV,,,0.0,7535
22384,HIV,,,0.0,8266
22385,HIV,,,0.0,7928
22386,HIV,,,0.0,5363
22387,HIV,,,0.0,8287
22388,HIV,,,0.0,8267
22389,HIV,,,0.0,8268
22390,HIV,,,0.0,8269
22391,HIV,,,0.0,8270
22392,HIV,,,0.0,8270
22393,HIV,,,0.0,8271
22394,HIV,,,0.0,8272
22395,HIV,,,0.0,8272
22396,HIV,,,0.0,8272
22397,HIV,,,0.0,8273
22398,HIV,,,0.0,36
22399,HIV,,,0.0,13761
22400,HIV,,,0.0,5747
22401,HIV,,,0.0,5747
22402,HIV,,,0.0,5747
22403,HIV,,,0.0,5747
22404,HIV,,,0.0,5747
22405,HIV,,,0.0,335
22406,HIV,,,0.0,335
22407,HIV,,,1.0,7420
22408,HIV,,,0.0,335
22409,HIV,,,1.0,335
22410,HIV,,,0.0,335
22411,HIV,,,0.0,8274
22412,HIV,,,0.0,8275
22413,HIV,,,0.0,8276
22414,HIV,,,0.0,8277
22415,HIV,,,0.0,8278
22416,HIV,,,0.0,8279
22417,HIV,,,0.0,8280
22418,HIV,,,0.0,8281
22419,HIV,,,0.0,8282
22420,HIV,,,0.0,2546
22421,HIV,,,0.0,14106
22422,HIV,,,0.0,434
22423,HIV,,,0.0,11049
22424,HIV,,,0.0,11049
22425,HIV,,,0.0,11049
22426,HIV,,,0.0,5992
22427,HIV,,,0.0,5992
22428,HIV,,,0.0,5992
22429,HIV,,,0.0,8283
22430,HIV,,,0.0,8135
22431,HIV,,,0.0,8135
22432,HIV,,,0.0,8135
22433,HIV,,,0.0,8284
22434,HIV,,,0.0,8284
22435,HIV,,,0.0,8285
22436,HIV,,,0.0,8286
22437,HIV,,,0.0,8286
22438,HIV,,,0.0,8286
22439,HIV,,,0.0,8286
22440,HIV,,,0.0,8286
22441,HIV,,,0.0,8286
22442,HIV,,,0.0,8286
22443,HIV,,,0.0,8286
22444,HIV,,,0.0,2546
22445,HIV,,,0.0,7928
22446,HIV,,,0.0,8287
22447,HIV,,,0.0,7892
22448,HIV,,,0.0,8288
22449,HIV,,,0.0,7928
22450,HIV,,,0.0,8289
22451,HIV,,,0.0,8290
22452,HIV,,,0.0,7535
22453,HIV,,,0.0,7928
22454,HIV,,,0.0,7928
22455,HIV,,,0.0,8291
22456,HIV,,,0.0,8300
22457,HIV,,,0.0,7884
22458,HIV,,,0.0,7535
22459,HIV,,,0.0,8292
22460,HIV,,,0.0,8293
22461,HIV,,,0.0,8294
22462,HIV,,,0.0,8295
22463,HIV,,,0.0,7884
22464,HIV,,,0.0,8296
22465,HIV,,,0.0,7928
22466,HIV,,,0.0,8295
22467,HIV,,,0.0,7535
22468,HIV,,,0.0,8297
22469,HIV,,,0.0,8298
22470,HIV,,,0.0,8299
22471,HIV,,,0.0,8300
22472,HIV,,,0.0,8301
22473,HIV,,,0.0,8302
22474,HIV,,,0.0,8303
22475,HIV,,,0.0,7884
22476,HIV,,,0.0,8295
22477,HIV,,,0.0,8304
22478,HIV,,,0.0,8305
22479,HIV,,,0.0,8251
22480,HIV,,,0.0,8258
22481,HIV,,,0.0,7535
22482,HIV,,,0.0,7928
22483,HIV,,,0.0,8306
22484,HIV,,,0.0,8307
22485,HIV,,,0.0,8308
22486,HIV,,,0.0,8309
22487,HIV,,,0.0,604
22488,HIV,,,0.0,604
22489,HIV,,,0.0,604
22490,HIV,,,0.0,10946
22491,HIV,,,0.0,604
22492,HIV,,,0.0,8310
22493,HIV,,,0.0,8310
22494,HIV,,,0.0,8311
22495,HIV,,,0.0,9846
22496,HIV,,,0.0,8312
22497,HIV,,,0.0,2546
22498,HIV,,,0.0,8313
22499,HIV,,,0.0,8314
22500,HIV,,,0.0,8314
22501,HIV,,,0.0,8314
22502,HIV,,,0.0,8314
22503,HIV,,,0.0,8315
22504,HIV,,,0.0,12557
22505,HIV,,,0.0,12557
22506,HIV,,,1.0,12557
22507,HIV,,,0.0,12557
22508,HIV,,,0.0,8319
22509,HIV,,,0.0,8319
22510,HIV,,,0.0,8316
22511,HIV,,,0.0,8316
22512,HIV,,,0.0,8316
22513,HIV,,,0.0,8316
22514,HIV,,,0.0,8316
22515,HIV,,,0.0,8316
22516,HIV,,,0.0,8316
22517,HIV,,,0.0,8317
22518,HIV,,,0.0,8317
22519,HIV,,,0.0,8318
22520,HIV,,,0.0,8318
22521,HIV,,,0.0,8317
22522,HIV,,,0.0,8318
22523,HIV,,,0.0,8318
22524,HIV,,,0.0,8318
22525,HIV,,,0.0,8318
22526,HIV,,,0.0,8319
22527,HIV,,,0.0,8319
22528,HIV,,,0.0,8320
22529,HIV,,,0.0,8320
22530,HIV,,,0.0,8320
22531,HIV,,,0.0,8320
22532,HIV,,,0.0,8321
22533,HIV,,,0.0,8491
22534,HIV,,,0.0,8491
22535,HIV,,,0.0,8491
22536,HIV,,,0.0,8322
22537,HIV,,,0.0,8322
22538,HIV,,,0.0,8491
22539,HIV,,,0.0,8491
22540,HIV,,,0.0,8491
22541,HIV,,,0.0,8491
22542,HIV,,,0.0,8491
22543,HIV,,,0.0,8491
22544,HIV,,,0.0,8491
22545,HIV,,,0.0,8491
22546,HIV,,,0.0,8491
22547,HIV,,,0.0,8491
22548,HIV,,,0.0,8323
22549,HIV,,,0.0,8323
22550,HIV,,,0.0,8323
22551,HIV,,,0.0,8323
22552,HIV,,,0.0,8324
22553,HIV,,,0.0,8324
22554,HIV,,,0.0,8323
22555,HIV,,,0.0,8323
22556,HIV,,,0.0,8323
22557,HIV,,,0.0,8323
22558,HIV,,,0.0,8323
22559,HIV,,,0.0,8323
22560,HIV,,,0.0,8323
22561,HIV,,,0.0,8323
22562,HIV,,,0.0,8323
22563,HIV,,,0.0,8323
22564,HIV,,,0.0,8325
22565,HIV,,,0.0,14106
22566,HIV,,,0.0,3138
22567,HIV,,,0.0,3138
22568,HIV,,,0.0,3138
22569,HIV,,,0.0,3138
22570,HIV,,,0.0,3138
22571,HIV,,,0.0,8326
22572,HIV,,,0.0,8327
22573,HIV,,,1.0,6890
22574,HIV,,,1.0,8328
22575,HIV,,,1.0,6891
22576,HIV,,,1.0,8329
22577,HIV,,,1.0,8329
22578,HIV,,,0.0,8330
22579,HIV,,,0.0,8331
22580,HIV,,,0.0,8332
22581,HIV,,,0.0,8333
22582,HIV,,,0.0,8334
22583,HIV,,,0.0,14106
22584,HIV,,,0.0,8335
22585,HIV,,,0.0,5501
22586,HIV,,,0.0,9462
22587,HIV,,,0.0,5
22588,HIV,,,0.0,5
22589,HIV,,,0.0,8336
22590,HIV,,,0.0,8336
22591,HIV,,,0.0,8337
22592,HIV,,,0.0,8338
22593,HIV,,,0.0,335
22594,HIV,,,0.0,335
22595,HIV,,,0.0,3021
22596,HIV,,,0.0,3309
22597,HIV,,,0.0,3309
22598,HIV,,,0.0,8339
22599,HIV,,,0.0,8340
22600,HIV,,,0.0,8341
22601,HIV,,,0.0,8341
22602,HIV,,,0.0,8341
22603,HIV,,,0.0,8341
22604,HIV,,,0.0,8341
22605,HIV,,,0.0,8341
22606,HIV,,,0.0,8341
22607,HIV,,,0.0,8341
22608,HIV,,,0.0,8341
22609,HIV,,,0.0,8341
22610,HIV,,,0.0,8341
22611,HIV,,,0.0,8341
22612,HIV,,,0.0,8341
22613,HIV,,,0.0,3309
22614,HIV,,,0.0,8342
22615,HIV,,,0.0,5501
22616,HIV,,,0.0,8343
22617,HIV,,,0.0,434
22618,HIV,,,0.0,434
22619,HIV,,,0.0,434
22620,HIV,,,0.0,8344
22621,HIV,,,0.0,8344
22622,HIV,,,0.0,8345
22623,HIV,,,0.0,8346
22624,HIV,,,0.0,7356
22625,HIV,,,0.0,8347
22626,HIV,,,0.0,8347
22627,HIV,,,0.0,8348
22628,HIV,,,0.0,5747
22629,HIV,,,0.0,12145
22630,HIV,,,0.0,12145
22631,HIV,,,0.0,7871
22632,HIV,,,0.0,8349
22633,HIV,,,0.0,8349
22634,HIV,,,0.0,14106
22635,HIV,,,0.0,8350
22636,HIV,,,0.0,8351
22637,HIV,,,0.0,7337
22638,HIV,,,0.0,7337
22639,HIV,,,0.0,7337
22640,HIV,,,0.0,8541
22641,HIV,,,0.0,8352
22642,HIV,,,0.0,8353
22643,HIV,,,0.0,5363
22644,HIV,,,0.0,8354
22645,HIV,,,0.0,8355
22646,HIV,,,0.0,8356
22647,HIV,,,0.0,8355
22648,HIV,,,0.0,5363
22649,HIV,,,0.0,8357
22650,HIV,,,0.0,5363
22651,HIV,,,0.0,8530
22652,HIV,,,0.0,5363
22653,HIV,,,0.0,5363
22654,HIV,,,0.0,5363
22655,HIV,,,0.0,5165
22656,HIV,,,0.0,5165
22657,HIV,,,0.0,5165
22658,HIV,,,0.0,5165
22659,HIV,,,0.0,5165
22660,HIV,,,0.0,414
22661,HIV,,,0.0,8959
22662,HIV,,,0.0,8959
22663,HIV,,,0.0,8959
22664,HIV,,,0.0,8358
22665,HIV,,,0.0,8359
22666,HIV,,,0.0,8359
22667,HIV,,,0.0,8360
22668,HIV,,,0.0,8361
22669,HIV,,,0.0,343
22670,HIV,,,0.0,8362
22671,HIV,,,0.0,3279
22672,HIV,,,0.0,1343
22673,HIV,,,0.0,5992
22674,HIV,,,0.0,5992
22675,HIV,,,0.0,14043
22676,HIV,,,0.0,14043
22677,HIV,,,0.0,5992
22678,HIV,,,0.0,98
22679,HIV,,,0.0,98
22680,HIV,,,0.0,8390
22681,HIV,,,0.0,5992
22682,HIV,,,0.0,5992
22683,HIV,,,0.0,5992
22684,HIV,,,0.0,5992
22685,HIV,,,0.0,5597
22686,HIV,,,0.0,5597
22687,HIV,,,0.0,8363
22688,HIV,,,0.0,5992
22689,HIV,,,0.0,1016
22690,HIV,,,0.0,343
22691,HIV,,,0.0,1016
22692,HIV,,,0.0,1016
22693,HIV,,,0.0,1016
22694,HIV,,,0.0,1016
22695,HIV,,,0.0,1016
22696,HIV,,,0.0,1016
22697,HIV,,,0.0,8364
22698,HIV,,,0.0,8365
22699,HIV,,,0.0,8366
22700,HIV,,,0.0,1016
22701,HIV,,,0.0,1016
22702,HIV,,,0.0,8392
22703,HIV,,,0.0,8367
22704,HIV,,,0.0,8392
22705,HIV,,,0.0,8368
22706,HIV,,,0.0,8369
22707,HIV,,,0.0,8370
22708,HIV,,,0.0,8371
22709,HIV,,,0.0,8372
22710,HIV,,,0.0,8373
22711,HIV,,,0.0,7356
22712,HIV,,,0.0,8374
22713,HIV,,,0.0,8375
22714,HIV,,,0.0,3279
22715,HIV,,,0.0,8376
22716,HIV,,,0.0,8376
22717,HIV,,,0.0,4885
22718,HIV,,,0.0,8377
22719,HIV,,,0.0,5165
22720,HIV,,,0.0,8378
22721,HIV,,,0.0,10746
22722,HIV,,,0.0,10746
22723,HIV,,,0.0,7356
22724,HIV,,,0.0,7356
22725,HIV,,,0.0,8387
22726,HIV,,,0.0,8387
22727,HIV,,,0.0,8387
22728,HIV,,,0.0,8379
22729,HIV,,,0.0,8380
22730,HIV,,,0.0,14106
22731,HIV,,,0.0,8381
22732,HIV,,,0.0,8382
22733,HIV,,,0.0,8387
22734,HIV,,,0.0,8387
22735,HIV,,,0.0,8383
22736,HIV,,,0.0,8384
22737,HIV,,,0.0,8385
22738,HIV,,,0.0,8387
22739,HIV,,,0.0,8387
22740,HIV,,,0.0,8386
22741,HIV,,,0.0,8387
22742,HIV,,,0.0,8387
22743,HIV,,,0.0,7601
22744,HIV,,,0.0,8387
22745,HIV,,,0.0,8388
22746,HIV,,,0.0,5992
22747,HIV,,,0.0,12533
22748,HIV,,,0.0,12533
22749,HIV,,,0.0,12533
22750,HIV,,,0.0,12533
22751,HIV,,,0.0,12533
22752,HIV,,,0.0,12533
22753,HIV,,,0.0,12533
22754,HIV,,,0.0,12533
22755,HIV,,,0.0,12533
22756,HIV,,,0.0,12533
22757,HIV,,,0.0,5165
22758,HIV,,,0.0,5165
22759,HIV,,,0.0,5165
22760,HIV,,,0.0,8392
22761,HIV,,,0.0,14043
22762,HIV,,,0.0,14043
22763,HIV,,,0.0,14043
22764,HIV,,,0.0,14043
22765,HIV,,,0.0,8392
22766,HIV,,,0.0,14043
22767,HIV,,,0.0,8392
22768,HIV,,,0.0,8392
22769,HIV,,,0.0,8392
22770,HIV,,,0.0,8389
22771,HIV,,,0.0,8392
22772,HIV,,,0.0,8390
22773,HIV,,,0.0,8392
22774,HIV,,,0.0,8390
22775,HIV,,,0.0,14043
22776,HIV,,,0.0,14043
22777,HIV,,,0.0,1016
22778,HIV,,,0.0,14043
22779,HIV,,,0.0,8391
22780,HIV,,,0.0,8392
22781,HIV,,,0.0,8392
22782,HIV,,,0.0,8392
22783,HIV,,,0.0,8392
22784,HIV,,,0.0,8392
22785,HIV,,,0.0,8392
22786,HIV,,,0.0,8392
22787,HIV,,,0.0,8392
22788,HIV,,,0.0,8392
22789,HIV,,,0.0,8392
22790,HIV,,,0.0,8392
22791,HIV,,,0.0,8392
22792,HIV,,,0.0,8686
22793,HIV,,,0.0,8686
22794,HIV,,,0.0,8393
22795,HIV,,,0.0,8686
22796,HIV,,,0.0,8686
22797,HIV,,,0.0,8393
22798,HIV,,,0.0,8686
22799,HIV,,,0.0,8686
22800,HIV,,,0.0,8686
22801,HIV,,,0.0,8686
22802,HIV,,,0.0,7411
22803,HIV,,,0.0,7411
22804,HIV,,,0.0,7411
22805,HIV,,,0.0,7411
22806,HIV,,,0.0,7411
22807,HIV,,,0.0,7411
22808,HIV,,,0.0,5363
22809,HIV,,,0.0,5363
22810,HIV,,,0.0,5363
22811,HIV,,,0.0,5363
22812,HIV,,,0.0,8394
22813,HIV,,,0.0,5363
22814,HIV,,,0.0,8395
22815,HIV,,,0.0,8396
22816,HIV,,,0.0,8397
22817,HIV,,,0.0,7411
22818,HIV,,,0.0,7411
22819,HIV,,,0.0,7411
22820,HIV,,,0.0,7411
22821,HIV,,,0.0,8398
22822,HIV,,,0.0,8398
22823,HIV,,,0.0,5363
22824,HIV,,,0.0,5363
22825,HIV,,,0.0,8399
22826,HIV,,,0.0,8400
22827,HIV,,,0.0,8400
22828,HIV,,,0.0,8401
22829,HIV,,,0.0,8402
22830,HIV,,,0.0,8403
22831,HIV,,,0.0,8404
22832,HIV,,,0.0,8405
22833,HIV,,,0.0,8406
22834,HIV,,,0.0,8407
22835,HIV,,,1.0,8710
22836,HIV,,,1.0,10924
22837,HIV,,,1.0,9477
22838,HIV,,,0.0,14111
22839,HIV,,,0.0,8408
22840,HIV,,,0.0,8272
22841,HIV,,,0.0,8409
22842,HIV,,,0.0,8410
22843,HIV,,,0.0,8411
22844,HIV,,,0.0,8440
22845,HIV,,,0.0,8412
22846,HIV,,,0.0,8413
22847,HIV,,,0.0,8414
22848,HIV,,,0.0,7337
22849,HIV,,,0.0,6764
22850,HIV,,,0.0,6764
22851,HIV,,,0.0,1729
22852,HIV,,,0.0,8415
22853,HIV,,,0.0,8526
22854,HIV,,,0.0,8416
22855,HIV,,,0.0,14106
22856,HIV,,,0.0,14106
22857,HIV,,,0.0,14106
22858,HIV,,,0.0,8417
22859,HIV,,,1.0,8419
22860,HIV,,,0.0,8419
22861,HIV,,,0.0,8419
22862,HIV,,,0.0,8419
22863,HIV,,,0.0,8419
22864,HIV,,,0.0,8419
22865,HIV,,,0.0,8419
22866,HIV,,,0.0,8419
22867,HIV,,,0.0,8418
22868,HIV,,,0.0,8419
22869,HIV,,,0.0,8419
22870,HIV,,,0.0,5165
22871,HIV,,,0.0,8419
22872,HIV,,,0.0,8419
22873,HIV,,,0.0,8420
22874,HIV,,,0.0,8421
22875,HIV,,,0.0,8422
22876,HIV,,,0.0,8423
22877,HIV,,,0.0,8424
22878,HIV,,,0.0,8425
22879,HIV,,,0.0,8426
22880,HIV,,,0.0,8596
22881,HIV,,,0.0,1016
22882,HIV,,,0.0,9384
22883,HIV,,,0.0,8427
22884,HIV,,,0.0,8428
22885,HIV,,,0.0,8429
22886,HIV,,,0.0,604
22887,HIV,,,0.0,8430
22888,HIV,,,0.0,10194
22889,HIV,,,0.0,8431
22890,HIV,,,0.0,8432
22891,HIV,,,0.0,8433
22892,HIV,,,0.0,3021
22893,HIV,,,0.0,3021
22894,HIV,,,0.0,335
22895,HIV,,,0.0,335
22896,HIV,,,0.0,10138
22897,HIV,,,0.0,10138
22898,HIV,,,0.0,10138
22899,HIV,,,0.0,5363
22900,HIV,,,0.0,10138
22901,HIV,,,0.0,5424
22902,HIV,,,0.0,8434
22903,HIV,,,0.0,10138
22904,HIV,,,0.0,8434
22905,HIV,,,0.0,10138
22906,HIV,,,0.0,5363
22907,HIV,,,0.0,8435
22908,HIV,,,0.0,8435
22909,HIV,,,0.0,8436
22910,HIV,,,0.0,8437
22911,HIV,,,0.0,14111
22912,HIV,,,0.0,14111
22913,HIV,,,0.0,8438
22914,HIV,,,0.0,14106
22915,HIV,,,0.0,8439
22916,HIV,,,0.0,9512
22917,HIV,,,1.0,434
22918,HIV,,,1.0,434
22919,HIV,,,1.0,434
22920,HIV,,,1.0,434
22921,HIV,,,0.0,5165
22922,HIV,,,0.0,5165
22923,HIV,,,0.0,5165
22924,HIV,,,1.0,8710
22925,HIV,,,0.0,335
22926,HIV,,,0.0,335
22927,HIV,,,0.0,335
22928,HIV,,,0.0,10400
22929,HIV,,,0.0,10400
22930,HIV,,,0.0,8440
22931,HIV,,,0.0,8440
22932,HIV,,,0.0,8441
22933,HIV,,,0.0,8442
22934,HIV,,,0.0,8443
22935,HIV,,,0.0,8444
22936,HIV,,,0.0,8444
22937,HIV,,,0.0,8444
22938,HIV,,,0.0,8444
22939,HIV,,,0.0,8444
22940,HIV,,,0.0,8444
22941,HIV,,,0.0,8444
22942,HIV,,,0.0,8444
22943,HIV,,,0.0,8444
22944,HIV,,,0.0,8445
22945,HIV,,,0.0,8445
22946,HIV,,,0.0,8445
22947,HIV,,,0.0,8446
22948,HIV,,,0.0,8447
22949,HIV,,,0.0,7356
22950,HIV,,,0.0,1729
22951,HIV,,,0.0,1729
22952,HIV,,,0.0,1729
22953,HIV,,,0.0,1729
22954,HIV,,,0.0,1729
22955,HIV,,,0.0,1729
22956,HIV,,,0.0,8448
22957,HIV,,,0.0,9384
22958,HIV,,,0.0,5363
22959,HIV,,,0.0,10130
22960,HIV,,,0.0,8449
22961,HIV,,,0.0,3309
22962,HIV,,,0.0,8450
22963,HIV,,,0.0,8450
22964,HIV,,,0.0,8451
22965,HIV,,,0.0,8452
22966,HIV,,,0.0,8453
22967,HIV,,,0.0,8454
22968,HIV,,,0.0,8454
22969,HIV,,,0.0,8455
22970,HIV,,,0.0,8455
22971,HIV,,,0.0,8456
22972,HIV,,,0.0,8457
22973,HIV,,,0.0,3279
22974,HIV,,,0.0,8458
22975,HIV,,,0.0,8459
22976,HIV,,,0.0,5363
22977,HIV,,,0.0,3792
22978,HIV,,,0.0,8665
22979,HIV,,,0.0,1344
22980,HIV,,,0.0,8460
22981,HIV,,,0.0,7356
22982,HIV,,,0.0,8461
22983,HIV,,,0.0,8462
22984,HIV,,,0.0,8463
22985,HIV,,,0.0,1016
22986,HIV,,,0.0,10235
22987,HIV,,,0.0,10235
22988,HIV,,,0.0,10235
22989,HIV,,,0.0,8464
22990,HIV,,,0.0,8465
22991,HIV,,,0.0,8466
22992,HIV,,,0.0,10235
22993,HIV,,,0.0,8467
22994,HIV,,,0.0,8467
22995,HIV,,,0.0,8467
22996,HIV,,,0.0,2713
22997,HIV,,,0.0,2713
22998,HIV,,,0.0,2713
22999,HIV,,,0.0,5165
23000,HIV,,,0.0,2713
23001,HIV,,,0.0,2713
23002,HIV,,,0.0,2713
23003,HIV,,,0.0,2713
23004,HIV,,,0.0,8468
23005,HIV,,,0.0,5165
23006,HIV,,,0.0,5165
23007,HIV,,,0.0,2713
23008,HIV,,,0.0,2713
23009,HIV,,,0.0,8468
23010,HIV,,,0.0,5165
23011,HIV,,,0.0,8468
23012,HIV,,,0.0,12177
23013,HIV,,,0.0,12177
23014,HIV,,,0.0,12177
23015,HIV,,,0.0,8469
23016,HIV,,,0.0,12177
23017,HIV,,,0.0,12177
23018,HIV,,,0.0,12177
23019,HIV,,,0.0,12177
23020,HIV,,,0.0,12177
23021,HIV,,,0.0,8471
23022,HIV,,,0.0,8470
23023,HIV,,,0.0,8471
23024,HIV,,,0.0,8471
23025,HIV,,,0.0,8472
23026,HIV,,,0.0,8473
23027,HIV,,,0.0,8786
23028,HIV,,,0.0,8786
23029,HIV,,,0.0,335
23030,HIV,,,0.0,3021
23031,HIV,,,0.0,10138
23032,HIV,,,0.0,8474
23033,HIV,,,1.0,10705
23034,HIV,,,0.0,5597
23035,HIV,,,0.0,10138
23036,HIV,,,0.0,10138
23037,HIV,,,0.0,7794
23038,HIV,,,0.0,8475
23039,HIV,,,0.0,8476
23040,HIV,,,0.0,8477
23041,HIV,,,0.0,45
23042,HIV,,,0.0,8478
23043,HIV,,,0.0,8479
23044,HIV,,,0.0,4175
23045,HIV,,,0.0,8480
23046,HIV,,,0.0,8481
23047,HIV,,,0.0,8482
23048,HIV,,,0.0,8657
23049,HIV,,,0.0,6120
23050,HIV,,,0.0,6121
23051,HIV,,,0.0,5740
23052,HIV,,,0.0,4662
23053,HIV,,,0.0,8483
23054,HIV,,,0.0,5363
23055,HIV,,,0.0,8484
23056,HIV,,,0.0,7801
23057,HIV,,,0.0,7801
23058,HIV,,,0.0,7801
23059,HIV,,,0.0,8485
23060,HIV,,,0.0,7801
23061,HIV,,,0.0,7801
23062,HIV,,,0.0,8486
23063,HIV,,,0.0,8486
23064,HIV,,,0.0,8487
23065,HIV,,,0.0,8486
23066,HIV,,,0.0,8488
23067,HIV,,,0.0,8489
23068,HIV,,,0.0,8486
23069,HIV,,,0.0,13419
23070,HIV,,,0.0,8490
23071,HIV,,,0.0,13419
23072,HIV,,,0.0,13419
23073,HIV,,,0.0,13419
23074,HIV,,,0.0,8491
23075,HIV,,,0.0,8491
23076,HIV,,,0.0,8491
23077,HIV,,,0.0,8491
23078,HIV,,,0.0,8322
23079,HIV,,,0.0,8322
23080,HIV,,,0.0,8491
23081,HIV,,,0.0,8491
23082,HIV,,,0.0,8491
23083,HIV,,,0.0,8491
23084,HIV,,,0.0,8491
23085,HIV,,,0.0,8491
23086,HIV,,,0.0,8491
23087,HIV,,,0.0,8491
23088,HIV,,,0.0,8491
23089,HIV,,,0.0,8491
23090,HIV,,,0.0,8491
23091,HIV,,,0.0,8491
23092,HIV,,,0.0,8491
23093,HIV,,,0.0,8322
23094,HIV,,,0.0,8491
23095,HIV,,,0.0,8491
23096,HIV,,,0.0,8491
23097,HIV,,,1.0,8491
23098,HIV,,,0.0,8491
23099,HIV,,,0.0,8491
23100,HIV,,,0.0,8491
23101,HIV,,,0.0,8491
23102,HIV,,,0.0,8491
23103,HIV,,,0.0,8322
23104,HIV,,,0.0,8492
23105,HIV,,,0.0,434
23106,HIV,,,0.0,8493
23107,HIV,,,1.0,8493
23108,HIV,,,1.0,8493
23109,HIV,,,1.0,434
23110,HIV,,,1.0,434
23111,HIV,,,0.0,8494
23112,HIV,,,0.0,8495
23113,HIV,,,0.0,8495
23114,HIV,,,0.0,8496
23115,HIV,,,0.0,8686
23116,HIV,,,0.0,8686
23117,HIV,,,0.0,8686
23118,HIV,,,0.0,8686
23119,HIV,,,0.0,5363
23120,HIV,,,0.0,5363
23121,HIV,,,0.0,5363
23122,HIV,,,0.0,8686
23123,HIV,,,0.0,8497
23124,HIV,,,0.0,8497
23125,HIV,,,0.0,8686
23126,HIV,,,0.0,8686
23127,HIV,,,0.0,8498
23128,HIV,,,0.0,8499
23129,HIV,,,0.0,8500
23130,HIV,,,0.0,7337
23131,HIV,,,0.0,8501
23132,HIV,,,1.0,8502
23133,HIV,,,0.0,8623
23134,HIV,,,0.0,8503
23135,HIV,,,0.0,8503
23136,HIV,,,0.0,8504
23137,HIV,,,0.0,8505
23138,HIV,,,0.0,8505
23139,HIV,,,0.0,9462
23140,HIV,,,0.0,9462
23141,HIV,,,0.0,9462
23142,HIV,,,0.0,8506
23143,HIV,,,0.0,8507
23144,HIV,,,0.0,11913
23145,HIV,,,0.0,8508
23146,HIV,,,0.0,5165
23147,HIV,,,0.0,5165
23148,HIV,,,0.0,8348
23149,HIV,,,0.0,5165
23150,HIV,,,0.0,5165
23151,HIV,,,0.0,8509
23152,HIV,,,0.0,8510
23153,HIV,,,0.0,5165
23154,HIV,,,0.0,5165
23155,HIV,,,1.0,11202
23156,HIV,,,1.0,8511
23157,HIV,,,1.0,5992
23158,HIV,,,0.0,2912
23159,HIV,,,0.0,8512
23160,HIV,,,0.0,8513
23161,HIV,,,0.0,7388
23162,HIV,,,1.0,335
23163,HIV,,,0.0,335
23164,HIV,,,0.0,3169
23165,HIV,,,0.0,8094
23166,HIV,,,0.0,8517
23167,HIV,,,0.0,8514
23168,HIV,,,0.0,8515
23169,HIV,,,0.0,8516
23170,HIV,,,0.0,8517
23171,HIV,,,0.0,8518
23172,HIV,,,0.0,5165
23173,HIV,,,0.0,205
23174,HIV,,,0.0,8519
23175,HIV,,,0.0,8521
23176,HIV,,,0.0,8519
23177,HIV,,,0.0,8520
23178,HIV,,,0.0,8520
23179,HIV,,,0.0,8520
23180,HIV,,,0.0,8519
23181,HIV,,,0.0,8521
23182,HIV,,,0.0,8522
23183,HIV,,,0.0,8522
23184,HIV,,,0.0,8522
23185,HIV,,,0.0,8522
23186,HIV,,,0.0,8522
23187,HIV,,,0.0,8523
23188,HIV,,,0.0,8524
23189,HIV,,,0.0,10390
23190,HIV,,,0.0,10390
23191,HIV,,,0.0,8525
23192,HIV,,,0.0,10390
23193,HIV,,,0.0,10390
23194,HIV,,,0.0,10390
23195,HIV,,,0.0,10390
23196,HIV,,,0.0,10705
23197,HIV,,,0.0,8526
23198,HIV,,,0.0,8415
23199,HIV,,,0.0,8527
23200,HIV,,,0.0,8528
23201,HIV,,,0.0,8526
23202,HIV,,,0.0,8529
23203,HIV,,,0.0,5363
23204,HIV,,,0.0,8530
23205,HIV,,,0.0,5165
23206,HIV,,,0.0,5165
23207,HIV,,,0.0,5165
23208,HIV,,,0.0,8531
23209,HIV,,,0.0,8531
23210,HIV,,,0.0,8532
23211,HIV,,,0.0,8533
23212,HIV,,,0.0,5363
23213,HIV,,,0.0,5363
23214,HIV,,,0.0,8534
23215,HIV,,,0.0,8534
23216,HIV,,,0.0,8534
23217,HIV,,,0.0,8535
23218,HIV,,,0.0,8536
23219,HIV,,,0.0,8537
23220,HIV,,,0.0,8537
23221,HIV,,,0.0,8538
23222,HIV,,,0.0,8538
23223,HIV,,,0.0,8538
23224,HIV,,,0.0,8538
23225,HIV,,,0.0,8539
23226,HIV,,,0.0,8539
23227,HIV,,,0.0,8540
23228,HIV,,,0.0,8541
23229,HIV,,,0.0,8541
23230,HIV,,,0.0,8541
23231,HIV,,,0.0,8541
23232,HIV,,,0.0,8542
23233,HIV,,,0.0,8542
23234,HIV,,,0.0,7388
23235,HIV,,,0.0,8543
23236,HIV,,,0.0,8544
23237,HIV,,,0.0,8544
23238,HIV,,,0.0,8544
23239,HIV,,,0.0,8544
23240,HIV,,,0.0,8545
23241,HIV,,,0.0,8546
23242,HIV,,,0.0,7388
23243,HIV,,,0.0,7388
23244,HIV,,,0.0,8547
23245,HIV,,,0.0,7388
23246,HIV,,,0.0,7388
23247,HIV,,,0.0,8548
23248,HIV,,,0.0,8548
23249,HIV,,,0.0,8548
23250,HIV,,,0.0,8551
23251,HIV,,,0.0,8551
23252,HIV,,,0.0,8551
23253,HIV,,,0.0,8548
23254,HIV,,,0.0,8551
23255,HIV,,,0.0,8549
23256,HIV,,,0.0,8550
23257,HIV,,,0.0,8551
23258,HIV,,,0.0,8551
23259,HIV,,,0.0,8551
23260,HIV,,,0.0,8551
23261,HIV,,,0.0,8551
23262,HIV,,,0.0,8551
23263,HIV,,,0.0,8551
23264,HIV,,,0.0,8551
23265,HIV,,,0.0,8551
23266,HIV,,,0.0,8551
23267,HIV,,,0.0,8551
23268,HIV,,,0.0,8551
23269,HIV,,,0.0,8551
23270,HIV,,,0.0,8551
23271,HIV,,,0.0,8551
23272,HIV,,,0.0,8552
23273,HIV,,,0.0,8552
23274,HIV,,,0.0,8552
23275,HIV,,,0.0,8552
23276,HIV,,,0.0,8552
23277,HIV,,,0.0,8552
23278,HIV,,,0.0,8552
23279,HIV,,,0.0,8553
23280,HIV,,,0.0,5350
23281,HIV,,,0.0,1280
23282,HIV,,,0.0,1280
23283,HIV,,,0.0,1280
23284,HIV,,,0.0,1280
23285,HIV,,,1.0,5165
23286,HIV,,,0.0,5165
23287,HIV,,,0.0,1280
23288,HIV,,,0.0,8554
23289,HIV,,,0.0,5718
23290,HIV,,,0.0,5718
23291,HIV,,,0.0,5718
23292,HIV,,,0.0,5718
23293,HIV,,,0.0,5718
23294,HIV,,,0.0,5718
23295,HIV,,,0.0,5718
23296,HIV,,,0.0,5718
23297,HIV,,,0.0,5718
23298,HIV,,,0.0,5718
23299,HIV,,,0.0,5718
23300,HIV,,,0.0,5718
23301,HIV,,,0.0,5718
23302,HIV,,,0.0,5718
23303,HIV,,,0.0,5718
23304,HIV,,,0.0,5718
23305,HIV,,,0.0,5718
23306,HIV,,,0.0,5718
23307,HIV,,,0.0,5718
23308,HIV,,,0.0,5718
23309,HIV,,,0.0,5718
23310,HIV,,,0.0,5718
23311,HIV,,,0.0,5718
23312,HIV,,,0.0,5718
23313,HIV,,,0.0,5718
23314,HIV,,,0.0,5718
23315,HIV,,,0.0,5718
23316,HIV,,,0.0,5718
23317,HIV,,,0.0,5718
23318,HIV,,,0.0,5718
23319,HIV,,,0.0,5718
23320,HIV,,,0.0,5718
23321,HIV,,,0.0,5718
23322,HIV,,,0.0,5718
23323,HIV,,,0.0,5718
23324,HIV,,,0.0,5718
23325,HIV,,,0.0,5718
23326,HIV,,,0.0,5718
23327,HIV,,,0.0,5718
23328,HIV,,,0.0,5718
23329,HIV,,,0.0,5718
23330,HIV,,,0.0,5718
23331,HIV,,,0.0,8555
23332,HIV,,,0.0,8555
23333,HIV,,,0.0,3309
23334,HIV,,,0.0,3309
23335,HIV,,,0.0,3309
23336,HIV,,,0.0,8341
23337,HIV,,,0.0,8341
23338,HIV,,,0.0,8341
23339,HIV,,,0.0,8341
23340,HIV,,,0.0,8341
23341,HIV,,,0.0,8341
23342,HIV,,,0.0,8556
23343,HIV,,,0.0,7611
23344,HIV,,,0.0,5363
23345,HIV,,,0.0,1344
23346,HIV,,,0.0,8557
23347,HIV,,,0.0,8560
23348,HIV,,,0.0,8558
23349,HIV,,,0.0,8557
23350,HIV,,,0.0,8559
23351,HIV,,,0.0,8560
23352,HIV,,,0.0,8561
23353,HIV,,,0.0,8561
23354,HIV,,,0.0,8561
23355,HIV,,,0.0,8562
23356,HIV,,,0.0,8563
23357,HIV,,,0.0,8564
23358,HIV,,,0.0,8565
23359,HIV,,,0.0,8566
23360,HIV,,,0.0,5992
23361,HIV,,,0.0,8567
23362,HIV,,,0.0,8686
23363,HIV,,,0.0,8568
23364,HIV,,,0.0,8569
23365,HIV,,,0.0,8686
23366,HIV,,,0.0,8570
23367,HIV,,,0.0,2030
23368,HIV,,,0.0,1016
23369,HIV,,,0.0,8571
23370,HIV,,,0.0,14106
23371,HIV,,,0.0,8572
23372,HIV,,,0.0,8572
23373,HIV,,,0.0,8573
23374,HIV,,,0.0,8574
23375,HIV,,,0.0,11148
23376,HIV,,,0.0,2546
23377,HIV,,,0.0,2546
23378,HIV,,,0.0,2546
23379,HIV,,,0.0,441
23380,HIV,,,0.0,441
23381,HIV,,,0.0,5597
23382,HIV,,,0.0,8575
23383,HIV,,,0.0,8576
23384,HIV,,,0.0,8577
23385,HIV,,,0.0,2546
23386,HIV,,,0.0,2546
23387,HIV,,,0.0,2546
23388,HIV,,,0.0,2546
23389,HIV,,,0.0,6968
23390,HIV,,,0.0,8578
23391,HIV,,,0.0,8579
23392,HIV,,,0.0,8580
23393,HIV,,,0.0,8581
23394,HIV,,,0.0,8582
23395,HIV,,,0.0,7754
23396,HIV,,,0.0,8583
23397,HIV,,,0.0,9442
23398,HIV,,,0.0,11913
23399,HIV,,,0.0,11598
23400,HIV,,,0.0,5363
23401,HIV,,,0.0,8478
23402,HIV,,,0.0,7591
23403,HIV,,,0.0,8478
23404,HIV,,,0.0,8584
23405,HIV,,,0.0,8478
23406,HIV,,,0.0,8478
23407,HIV,,,0.0,8585
23408,HIV,,,0.0,8586
23409,HIV,,,0.0,8586
23410,HIV,,,0.0,11598
23411,HIV,,,0.0,4175
23412,HIV,,,0.0,4175
23413,HIV,,,0.0,4175
23414,HIV,,,0.0,4175
23415,HIV,,,0.0,5363
23416,HIV,,,0.0,8587
23417,HIV,,,0.0,8478
23418,HIV,,,0.0,8478
23419,HIV,,,0.0,8588
23420,HIV,,,0.0,8589
23421,HIV,,,0.0,8589
23422,HIV,,,0.0,8590
23423,HIV,,,0.0,12122
23424,HIV,,,0.0,8591
23425,HIV,,,0.0,8592
23426,HIV,,,0.0,8593
23427,HIV,,,0.0,8594
23428,HIV,,,0.0,8593
23429,HIV,,,0.0,8593
23430,HIV,,,0.0,8595
23431,HIV,,,0.0,8596
23432,HIV,,,0.0,8596
23433,HIV,,,0.0,8595
23434,HIV,,,0.0,8597
23435,HIV,,,0.0,8598
23436,HIV,,,0.0,8599
23437,HIV,,,0.0,8600
23438,HIV,,,0.0,8601
23439,HIV,,,0.0,8602
23440,HIV,,,0.0,8869
23441,HIV,,,0.0,8603
23442,HIV,,,0.0,8604
23443,HIV,,,0.0,8605
23444,HIV,,,0.0,8606
23445,HIV,,,0.0,8607
23446,HIV,,,0.0,8608
23447,HIV,,,0.0,8444
23448,HIV,,,0.0,8444
23449,HIV,,,0.0,8444
23450,HIV,,,0.0,8444
23451,HIV,,,0.0,8609
23452,HIV,,,0.0,8526
23453,HIV,,,0.0,2546
23454,HIV,,,0.0,13419
23455,HIV,,,0.0,13419
23456,HIV,,,0.0,13419
23457,HIV,,,0.0,13419
23458,HIV,,,0.0,13419
23459,HIV,,,0.0,13419
23460,HIV,,,0.0,13419
23461,HIV,,,0.0,13419
23462,HIV,,,0.0,13419
23463,HIV,,,0.0,13419
23464,HIV,,,0.0,13419
23465,HIV,,,0.0,13419
23466,HIV,,,0.0,13419
23467,HIV,,,0.0,13419
23468,HIV,,,0.0,13419
23469,HIV,,,0.0,8610
23470,HIV,,,0.0,2546
23471,HIV,,,0.0,2546
23472,HIV,,,0.0,2546
23473,HIV,,,0.0,2546
23474,HIV,,,0.0,2546
23475,HIV,,,0.0,2546
23476,HIV,,,0.0,8611
23477,HIV,,,0.0,7591
23478,HIV,,,0.0,7591
23479,HIV,,,0.0,7591
23480,HIV,,,0.0,7591
23481,HIV,,,0.0,7591
23482,HIV,,,0.0,7591
23483,HIV,,,0.0,8612
23484,HIV,,,0.0,8613
23485,HIV,,,0.0,8614
23486,HIV,,,0.0,8615
23487,HIV,,,0.0,3309
23488,HIV,,,0.0,8616
23489,HIV,,,0.0,2546
23490,HIV,,,0.0,8617
23491,HIV,,,0.0,8618
23492,HIV,,,0.0,5992
23493,HIV,,,0.0,5992
23494,HIV,,,0.0,5992
23495,HIV,,,0.0,10956
23496,HIV,,,0.0,8686
23497,HIV,,,0.0,8686
23498,HIV,,,0.0,5363
23499,HIV,,,0.0,5363
23500,HIV,,,0.0,5363
23501,HIV,,,0.0,5363
23502,HIV,,,0.0,8619
23503,HIV,,,0.0,8686
23504,HIV,,,0.0,8686
23505,HIV,,,0.0,5363
23506,HIV,,,0.0,5363
23507,HIV,,,0.0,5363
23508,HIV,,,0.0,5363
23509,HIV,,,0.0,5363
23510,HIV,,,0.0,5363
23511,HIV,,,0.0,12934
23512,HIV,,,0.0,5363
23513,HIV,,,0.0,8686
23514,HIV,,,0.0,8686
23515,HIV,,,0.0,8620
23516,HIV,,,0.0,8620
23517,HIV,,,0.0,8620
23518,HIV,,,0.0,5363
23519,HIV,,,0.0,3021
23520,HIV,,,0.0,12709
23521,HIV,,,0.0,335
23522,HIV,,,1.0,335
23523,HIV,,,0.0,8621
23524,HIV,,,0.0,8959
23525,HIV,,,0.0,8622
23526,HIV,,,0.0,8623
23527,HIV,,,0.0,12621
23528,HIV,,,0.0,8624
23529,HIV,,,0.0,8625
23530,HIV,,,0.0,8626
23531,HIV,,,0.0,8627
23532,HIV,,,0.0,8627
23533,HIV,,,0.0,8627
23534,HIV,,,0.0,8628
23535,HIV,,,0.0,8628
23536,HIV,,,0.0,8627
23537,HIV,,,0.0,8627
23538,HIV,,,0.0,8627
23539,HIV,,,0.0,8627
23540,HIV,,,0.0,8627
23541,HIV,,,0.0,8627
23542,HIV,,,0.0,8630
23543,HIV,,,0.0,8630
23544,HIV,,,0.0,8630
23545,HIV,,,0.0,8630
23546,HIV,,,0.0,8630
23547,HIV,,,0.0,8630
23548,HIV,,,0.0,8630
23549,HIV,,,0.0,8629
23550,HIV,,,0.0,8629
23551,HIV,,,0.0,8629
23552,HIV,,,0.0,8630
23553,HIV,,,0.0,8630
23554,HIV,,,0.0,8491
23555,HIV,,,0.0,8491
23556,HIV,,,0.0,8322
23557,HIV,,,0.0,8322
23558,HIV,,,0.0,8491
23559,HIV,,,0.0,8491
23560,HIV,,,0.0,8491
23561,HIV,,,0.0,8491
23562,HIV,,,0.0,8491
23563,HIV,,,0.0,8491
23564,HIV,,,0.0,8491
23565,HIV,,,0.0,8491
23566,HIV,,,0.0,8631
23567,HIV,,,0.0,8632
23568,HIV,,,0.0,465
23569,HIV,,,0.0,6380
23570,HIV,,,0.0,8633
23571,HIV,,,0.0,9413
23572,HIV,,,0.0,8634
23573,HIV,,,0.0,8635
23574,HIV,,,0.0,8959
23575,HIV,,,0.0,3309
23576,HIV,,,0.0,8636
23577,HIV,,,0.0,8637
23578,HIV,,,0.0,8638
23579,HIV,,,0.0,8638
23580,HIV,,,0.0,8638
23581,HIV,,,0.0,8639
23582,HIV,,,0.0,8639
23583,HIV,,,0.0,8640
23584,HIV,,,0.0,8640
23585,HIV,,,0.0,8641
23586,HIV,,,0.0,8642
23587,HIV,,,0.0,8643
23588,HIV,,,0.0,5363
23589,HIV,,,0.0,5363
23590,HIV,,,0.0,13419
23591,HIV,,,0.0,8644
23592,HIV,,,0.0,13419
23593,HIV,,,0.0,8644
23594,HIV,,,0.0,13419
23595,HIV,,,1.0,3309
23596,HIV,,,1.0,3309
23597,HIV,,,1.0,8645
23598,HIV,,,0.0,8646
23599,HIV,,,0.0,6764
23600,HIV,,,0.0,8647
23601,HIV,,,0.0,9539
23602,HIV,,,0.0,8648
23603,HIV,,,0.0,8648
23604,HIV,,,0.0,8648
23605,HIV,,,0.0,8649
23606,HIV,,,0.0,8649
23607,HIV,,,0.0,5165
23608,HIV,,,0.0,8959
23609,HIV,,,0.0,8959
23610,HIV,,,0.0,8650
23611,HIV,,,0.0,13096
23612,HIV,,,0.0,441
23613,HIV,,,0.0,5363
23614,HIV,,,0.0,5363
23615,HIV,,,0.0,8536
23616,HIV,,,0.0,8535
23617,HIV,,,0.0,8651
23618,HIV,,,0.0,8652
23619,HIV,,,0.0,5424
23620,HIV,,,0.0,5424
23621,HIV,,,0.0,5424
23622,HIV,,,0.0,8198
23623,HIV,,,0.0,8198
23624,HIV,,,0.0,8653
23625,HIV,,,0.0,5992
23626,HIV,,,0.0,5992
23627,HIV,,,0.0,8654
23628,HIV,,,0.0,434
23629,HIV,,,0.0,8654
23630,HIV,,,0.0,434
23631,HIV,,,0.0,8654
23632,HIV,,,0.0,5992
23633,HIV,,,0.0,8655
23634,HIV,,,0.0,8656
23635,HIV,,,0.0,9461
23636,HIV,,,0.0,8657
23637,HIV,,,0.0,5165
23638,HIV,,,0.0,5165
23639,HIV,,,0.0,3021
23640,HIV,,,0.0,3021
23641,HIV,,,0.0,335
23642,HIV,,,0.0,335
23643,HIV,,,0.0,335
23644,HIV,,,0.0,3021
23645,HIV,,,0.0,3021
23646,HIV,,,0.0,11406
23647,HIV,,,0.0,8658
23648,HIV,,,0.0,8659
23649,HIV,,,0.0,8660
23650,HIV,,,0.0,10633
23651,HIV,,,0.0,8662
23652,HIV,,,0.0,8662
23653,HIV,,,0.0,8662
23654,HIV,,,0.0,8663
23655,HIV,,,0.0,8661
23656,HIV,,,0.0,8662
23657,HIV,,,0.0,8662
23658,HIV,,,0.0,8663
23659,HIV,,,0.0,8664
23660,HIV,,,0.0,8665
23661,HIV,,,0.0,8665
23662,HIV,,,0.0,8666
23663,HIV,,,0.0,8667
23664,HIV,,,0.0,8667
23665,HIV,,,0.0,2546
23666,HIV,,,0.0,8668
23667,HIV,,,0.0,7632
23668,HIV,,,0.0,7632
23669,HIV,,,0.0,7632
23670,HIV,,,0.0,7632
23671,HIV,,,0.0,8669
23672,HIV,,,0.0,7851
23673,HIV,,,0.0,8670
23674,HIV,,,0.0,1016
23675,HIV,,,0.0,7632
23676,HIV,,,0.0,7632
23677,HIV,,,0.0,8671
23678,HIV,,,0.0,7591
23679,HIV,,,0.0,7591
23680,HIV,,,0.0,7591
23681,HIV,,,0.0,7591
23682,HIV,,,0.0,8672
23683,HIV,,,0.0,8551
23684,HIV,,,0.0,8673
23685,HIV,,,0.0,3279
23686,HIV,,,0.0,3279
23687,HIV,,,0.0,3279
23688,HIV,,,0.0,3279
23689,HIV,,,0.0,3279
23690,HIV,,,0.0,11202
23691,HIV,,,0.0,8674
23692,HIV,,,0.0,6583
23693,HIV,,,0.0,6801
23694,HIV,,,0.0,6583
23695,HIV,,,0.0,6583
23696,HIV,,,0.0,6583
23697,HIV,,,0.0,6583
23698,HIV,,,0.0,6583
23699,HIV,,,0.0,6583
23700,HIV,,,0.0,8675
23701,HIV,,,0.0,8675
23702,HIV,,,0.0,8675
23703,HIV,,,0.0,8676
23704,HIV,,,0.0,8676
23705,HIV,,,0.0,8675
23706,HIV,,,0.0,8675
23707,HIV,,,0.0,8675
23708,HIV,,,0.0,8675
23709,HIV,,,0.0,8675
23710,HIV,,,0.0,6583
23711,HIV,,,0.0,6583
23712,HIV,,,0.0,6583
23713,HIV,,,0.0,6583
23714,HIV,,,0.0,6583
23715,HIV,,,0.0,6583
23716,HIV,,,0.0,6583
23717,HIV,,,0.0,8739
23718,HIV,,,0.0,8739
23719,HIV,,,0.0,8677
23720,HIV,,,0.0,12955
23721,HIV,,,0.0,8678
23722,HIV,,,0.0,5363
23723,HIV,,,0.0,8062
23724,HIV,,,0.0,8062
23725,HIV,,,0.0,8062
23726,HIV,,,0.0,8679
23727,HIV,,,0.0,8680
23728,HIV,,,0.0,8681
23729,HIV,,,0.0,8682
23730,HIV,,,0.0,8997
23731,HIV,,,0.0,36
23732,HIV,,,0.0,36
23733,HIV,,,0.0,36
23734,HIV,,,0.0,36
23735,HIV,,,0.0,8683
23736,HIV,,,0.0,8683
23737,HIV,,,0.0,36
23738,HIV,,,0.0,36
23739,HIV,,,0.0,36
23740,HIV,,,0.0,36
23741,HIV,,,0.0,8686
23742,HIV,,,0.0,8686
23743,HIV,,,0.0,8686
23744,HIV,,,0.0,7591
23745,HIV,,,0.0,8684
23746,HIV,,,0.0,8686
23747,HIV,,,0.0,8686
23748,HIV,,,0.0,8686
23749,HIV,,,0.0,7591
23750,HIV,,,0.0,8685
23751,HIV,,,0.0,8686
23752,HIV,,,0.0,10231
23753,HIV,,,0.0,8687
23754,HIV,,,0.0,8688
23755,HIV,,,0.0,8689
23756,HIV,,,0.0,8690
23757,HIV,,,0.0,8691
23758,HIV,,,0.0,5733
23759,HIV,,,0.0,8692
23760,HIV,,,0.0,1280
23761,HIV,,,0.0,1280
23762,HIV,,,0.0,1280
23763,HIV,,,1.0,6801
23764,HIV,,,0.0,8693
23765,HIV,,,0.0,8694
23766,HIV,,,0.0,8695
23767,HIV,,,0.0,8696
23768,HIV,,,0.0,8697
23769,HIV,,,0.0,8697
23770,HIV,,,0.0,8698
23771,HIV,,,0.0,8698
23772,HIV,,,0.0,8699
23773,HIV,,,0.0,8700
23774,HIV,,,0.0,12557
23775,HIV,,,0.0,8701
23776,HIV,,,0.0,2546
23777,HIV,,,0.0,8702
23778,HIV,,,0.0,7388
23779,HIV,,,0.0,7356
23780,HIV,,,0.0,8703
23781,HIV,,,0.0,8704
23782,HIV,,,0.0,8705
23783,HIV,,,0.0,8706
23784,HIV,,,0.0,8707
23785,HIV,,,0.0,8708
23786,HIV,,,0.0,2030
23787,HIV,,,0.0,8709
23788,HIV,,,1.0,8710
23789,HIV,,,1.0,8710
23790,HIV,,,1.0,8710
23791,HIV,,,1.0,8710
23792,HIV,,,0.0,780
23793,HIV,,,0.0,5992
23794,HIV,,,0.0,8711
23795,HIV,,,0.0,8712
23796,HIV,,,0.0,3279
23797,HIV,,,0.0,10352
23798,HIV,,,0.0,10352
23799,HIV,,,0.0,10352
23800,HIV,,,0.0,8713
23801,HIV,,,0.0,55
23802,HIV,,,0.0,217
23803,HIV,,,0.0,217
23804,HIV,,,0.0,217
23805,HIV,,,0.0,217
23806,HIV,,,0.0,8714
23807,HIV,,,0.0,7388
23808,HIV,,,0.0,7388
23809,HIV,,,0.0,7388
23810,HIV,,,0.0,7388
23811,HIV,,,0.0,7388
23812,HIV,,,0.0,7388
23813,HIV,,,0.0,7388
23814,HIV,,,0.0,7388
23815,HIV,,,0.0,7388
23816,HIV,,,0.0,7388
23817,HIV,,,0.0,7388
23818,HIV,,,0.0,7388
23819,HIV,,,0.0,7388
23820,HIV,,,0.0,7388
23821,HIV,,,0.0,7388
23822,HIV,,,0.0,7388
23823,HIV,,,0.0,7388
23824,HIV,,,0.0,7388
23825,HIV,,,0.0,7388
23826,HIV,,,0.0,7388
23827,HIV,,,0.0,7388
23828,HIV,,,0.0,7388
23829,HIV,,,0.0,7388
23830,HIV,,,0.0,7388
23831,HIV,,,0.0,7388
23832,HIV,,,0.0,7388
23833,HIV,,,0.0,7388
23834,HIV,,,0.0,7388
23835,HIV,,,0.0,7388
23836,HIV,,,0.0,7388
23837,HIV,,,0.0,5597
23838,HIV,,,0.0,5597
23839,HIV,,,0.0,5597
23840,HIV,,,0.0,5597
23841,HIV,,,0.0,5597
23842,HIV,,,0.0,5597
23843,HIV,,,0.0,5597
23844,HIV,,,0.0,5597
23845,HIV,,,0.0,8718
23846,HIV,,,0.0,11814
23847,HIV,,,0.0,11814
23848,HIV,,,0.0,8715
23849,HIV,,,0.0,8716
23850,HIV,,,0.0,8717
23851,HIV,,,0.0,11814
23852,HIV,,,0.0,8718
23853,HIV,,,0.0,11814
23854,HIV,,,0.0,11814
23855,HIV,,,0.0,8719
23856,HIV,,,0.0,8720
23857,HIV,,,0.0,2546
23858,HIV,,,0.0,2546
23859,HIV,,,0.0,8721
23860,HIV,,,0.0,2546
23861,HIV,,,0.0,8722
23862,HIV,,,0.0,8723
23863,HIV,,,0.0,8139
23864,HIV,,,0.0,8139
23865,HIV,,,0.0,5165
23866,HIV,,,0.0,8724
23867,HIV,,,1.0,11133
23868,HIV,,,0.0,8725
23869,HIV,,,0.0,8419
23870,HIV,,,0.0,8419
23871,HIV,,,0.0,11133
23872,HIV,,,0.0,6139
23873,HIV,,,0.0,8726
23874,HIV,,,0.0,8727
23875,HIV,,,0.0,441
23876,HIV,,,1.0,434
23877,HIV,,,1.0,8728
23878,HIV,,,0.0,8729
23879,HIV,,,0.0,8730
23880,HIV,,,0.0,8730
23881,HIV,,,0.0,8730
23882,HIV,,,0.0,8730
23883,HIV,,,0.0,8730
23884,HIV,,,0.0,8730
23885,HIV,,,0.0,8731
23886,HIV,,,0.0,8734
23887,HIV,,,0.0,8734
23888,HIV,,,0.0,8734
23889,HIV,,,0.0,8731
23890,HIV,,,0.0,8731
23891,HIV,,,0.0,8731
23892,HIV,,,0.0,8731
23893,HIV,,,0.0,8731
23894,HIV,,,0.0,8731
23895,HIV,,,0.0,8731
23896,HIV,,,0.0,8731
23897,HIV,,,0.0,8731
23898,HIV,,,0.0,8733
23899,HIV,,,0.0,8732
23900,HIV,,,0.0,8732
23901,HIV,,,0.0,8733
23902,HIV,,,0.0,8733
23903,HIV,,,0.0,8733
23904,HIV,,,0.0,8733
23905,HIV,,,0.0,8733
23906,HIV,,,0.0,8733
23907,HIV,,,0.0,8733
23908,HIV,,,0.0,8733
23909,HIV,,,0.0,8733
23910,HIV,,,0.0,8733
23911,HIV,,,0.0,8733
23912,HIV,,,0.0,8732
23913,HIV,,,0.0,8735
23914,HIV,,,0.0,8734
23915,HIV,,,0.0,8734
23916,HIV,,,0.0,8734
23917,HIV,,,0.0,8735
23918,HIV,,,0.0,8735
23919,HIV,,,0.0,8735
23920,HIV,,,0.0,8735
23921,HIV,,,0.0,8735
23922,HIV,,,0.0,8735
23923,HIV,,,0.0,8735
23924,HIV,,,0.0,8735
23925,HIV,,,0.0,8735
23926,HIV,,,0.0,4270
23927,HIV,,,1.0,4885
23928,HIV,,,0.0,4885
23929,HIV,,,0.0,7611
23930,HIV,,,0.0,13
23931,HIV,,,0.0,7388
23932,HIV,,,0.0,7388
23933,HIV,,,0.0,8736
23934,HIV,,,0.0,8737
23935,HIV,,,0.0,8737
23936,HIV,,,0.0,8738
23937,HIV,,,0.0,8739
23938,HIV,,,0.0,8739
23939,HIV,,,0.0,8739
23940,HIV,,,0.0,12955
23941,HIV,,,0.0,8740
23942,HIV,,,0.0,8062
23943,HIV,,,0.0,12955
23944,HIV,,,0.0,12955
23945,HIV,,,0.0,12955
23946,HIV,,,0.0,8679
23947,HIV,,,0.0,8741
23948,HIV,,,0.0,4526
23949,HIV,,,0.0,8742
23950,HIV,,,0.0,8743
23951,HIV,,,0.0,8744
23952,HIV,,,0.0,6918
23953,HIV,,,0.0,6918
23954,HIV,,,1.0,6918
23955,HIV,,,1.0,6918
23956,HIV,,,1.0,8745
23957,HIV,,,0.0,8746
23958,HIV,,,0.0,8747
23959,HIV,,,0.0,2546
23960,HIV,,,0.0,5363
23961,HIV,,,0.0,8748
23962,HIV,,,0.0,8749
23963,HIV,,,0.0,13239
23964,HIV,,,0.0,7591
23965,HIV,,,0.0,5992
23966,HIV,,,0.0,8750
23967,HIV,,,0.0,8751
23968,HIV,,,0.0,8752
23969,HIV,,,0.0,8753
23970,HIV,,,0.0,5992
23971,HIV,,,0.0,5992
23972,HIV,,,0.0,5992
23973,HIV,,,0.0,11296
23974,HIV,,,0.0,8754
23975,HIV,,,0.0,8755
23976,HIV,,,0.0,13462
23977,HIV,,,0.0,8756
23978,HIV,,,0.0,8756
23979,HIV,,,0.0,8757
23980,HIV,,,0.0,8756
23981,HIV,,,0.0,10400
23982,HIV,,,0.0,10400
23983,HIV,,,0.0,2546
23984,HIV,,,0.0,6801
23985,HIV,,,0.0,8758
23986,HIV,,,0.0,8759
23987,HIV,,,0.0,8760
23988,HIV,,,0.0,13997
23989,HIV,,,0.0,11527
23990,HIV,,,1.0,13997
23991,HIV,,,0.0,13997
23992,HIV,,,0.0,8761
23993,HIV,,,0.0,8762
23994,HIV,,,0.0,8763
23995,HIV,,,0.0,8764
23996,HIV,,,1.0,8765
23997,HIV,,,0.0,7356
23998,HIV,,,0.0,8766
23999,HIV,,,0.0,8767
24000,HIV,,,1.0,8768
24001,HIV,,,0.0,8769
24002,HIV,,,0.0,1016
24003,HIV,,,0.0,3279
24004,HIV,,,0.0,3279
24005,HIV,,,0.0,3279
24006,HIV,,,0.0,3279
24007,HIV,,,1.0,3279
24008,HIV,,,0.0,8770
24009,HIV,,,0.0,1016
24010,HIV,,,0.0,1016
24011,HIV,,,0.0,8198
24012,HIV,,,0.0,8198
24013,HIV,,,0.0,5992
24014,HIV,,,0.0,5992
24015,HIV,,,0.0,8771
24016,HIV,,,0.0,3294
24017,HIV,,,0.0,3294
24018,HIV,,,0.0,8772
24019,HIV,,,0.0,8773
24020,HIV,,,0.0,205
24021,HIV,,,0.0,8774
24022,HIV,,,0.0,8775
24023,HIV,,,0.0,8774
24024,HIV,,,0.0,14111
24025,HIV,,,0.0,8776
24026,HIV,,,0.0,8777
24027,HIV,,,0.0,8777
24028,HIV,,,1.0,335
24029,HIV,,,0.0,335
24030,HIV,,,0.0,8778
24031,HIV,,,0.0,8779
24032,HIV,,,0.0,8780
24033,HIV,,,0.0,8780
24034,HIV,,,0.0,8781
24035,HIV,,,0.0,8782
24036,HIV,,,0.0,4715
24037,HIV,,,0.0,1344
24038,HIV,,,0.0,1344
24039,HIV,,,0.0,8783
24040,HIV,,,0.0,9317
24041,HIV,,,0.0,8784
24042,HIV,,,0.0,8785
24043,HIV,,,0.0,5992
24044,HIV,,,0.0,2546
24045,HIV,,,0.0,8786
24046,HIV,,,0.0,8786
24047,HIV,,,0.0,8786
24048,HIV,,,0.0,8786
24049,HIV,,,0.0,8786
24050,HIV,,,0.0,8786
24051,HIV,,,0.0,8787
24052,HIV,,,0.0,8786
24053,HIV,,,0.0,8786
24054,HIV,,,0.0,8786
24055,HIV,,,0.0,5165
24056,HIV,,,0.0,5165
24057,HIV,,,0.0,441
24058,HIV,,,0.0,3021
24059,HIV,,,0.0,3021
24060,HIV,,,1.0,3021
24061,HIV,,,0.0,3021
24062,HIV,,,0.0,3021
24063,HIV,,,0.0,3021
24064,HIV,,,0.0,3021
24065,HIV,,,0.0,8788
24066,HIV,,,0.0,8789
24067,HIV,,,0.0,2800
24068,HIV,,,0.0,8790
24069,HIV,,,0.0,98
24070,HIV,,,0.0,98
24071,HIV,,,0.0,12762
24072,HIV,,,0.0,7356
24073,HIV,,,0.0,98
24074,HIV,,,0.0,98
24075,HIV,,,0.0,8601
24076,HIV,,,0.0,8791
24077,HIV,,,0.0,98
24078,HIV,,,0.0,8392
24079,HIV,,,0.0,8392
24080,HIV,,,0.0,13201
24081,HIV,,,0.0,8392
24082,HIV,,,0.0,8392
24083,HIV,,,0.0,8392
24084,HIV,,,0.0,8792
24085,HIV,,,0.0,8392
24086,HIV,,,0.0,8797
24087,HIV,,,0.0,8793
24088,HIV,,,0.0,8794
24089,HIV,,,0.0,8392
24090,HIV,,,0.0,8392
24091,HIV,,,0.0,8793
24092,HIV,,,0.0,8795
24093,HIV,,,0.0,8796
24094,HIV,,,1.0,8797
24095,HIV,,,1.0,8392
24096,HIV,,,0.0,8392
24097,HIV,,,0.0,8798
24098,HIV,,,0.0,8392
24099,HIV,,,0.0,8392
24100,HIV,,,0.0,8801
24101,HIV,,,0.0,8392
24102,HIV,,,0.0,8799
24103,HIV,,,0.0,8801
24104,HIV,,,0.0,8392
24105,HIV,,,0.0,8392
24106,HIV,,,0.0,8392
24107,HIV,,,0.0,8392
24108,HIV,,,0.0,8392
24109,HIV,,,0.0,8392
24110,HIV,,,0.0,8392
24111,HIV,,,0.0,8800
24112,HIV,,,1.0,8801
24113,HIV,,,0.0,8392
24114,HIV,,,0.0,8392
24115,HIV,,,0.0,8802
24116,HIV,,,1.0,8803
24117,HIV,,,0.0,8392
24118,HIV,,,0.0,8804
24119,HIV,,,0.0,7611
24120,HIV,,,0.0,8805
24121,HIV,,,0.0,8491
24122,HIV,,,0.0,8491
24123,HIV,,,0.0,8491
24124,HIV,,,0.0,8322
24125,HIV,,,0.0,8491
24126,HIV,,,0.0,8491
24127,HIV,,,0.0,36
24128,HIV,,,0.0,36
24129,HIV,,,0.0,36
24130,HIV,,,0.0,36
24131,HIV,,,0.0,8683
24132,HIV,,,0.0,8683
24133,HIV,,,0.0,36
24134,HIV,,,0.0,36
24135,HIV,,,0.0,10443
24136,HIV,,,0.0,10443
24137,HIV,,,0.0,10443
24138,HIV,,,0.0,10443
24139,HIV,,,0.0,10443
24140,HIV,,,0.0,8806
24141,HIV,,,0.0,8806
24142,HIV,,,0.0,10443
24143,HIV,,,0.0,8807
24144,HIV,,,0.0,8808
24145,HIV,,,0.0,8809
24146,HIV,,,0.0,8810
24147,HIV,,,0.0,8811
24148,HIV,,,0.0,8812
24149,HIV,,,0.0,8813
24150,HIV,,,0.0,8813
24151,HIV,,,0.0,6308
24152,HIV,,,1.0,8814
24153,HIV,,,0.0,10409
24154,HIV,,,0.0,3279
24155,HIV,,,0.0,8815
24156,HIV,,,0.0,8815
24157,HIV,,,0.0,8815
24158,HIV,,,0.0,8816
24159,HIV,,,0.0,8538
24160,HIV,,,0.0,8817
24161,HIV,,,0.0,9047
24162,HIV,,,1.0,9808
24163,HIV,,,0.0,5165
24164,HIV,,,1.0,5165
24165,HIV,,,0.0,217
24166,HIV,,,0.0,8316
24167,HIV,,,0.0,5165
24168,HIV,,,0.0,14106
24169,HIV,,,0.0,14106
24170,HIV,,,0.0,8818
24171,HIV,,,0.0,8819
24172,HIV,,,0.0,5363
24173,HIV,,,0.0,12481
24174,HIV,,,0.0,3279
24175,HIV,,,0.0,8820
24176,HIV,,,0.0,8820
24177,HIV,,,0.0,8820
24178,HIV,,,0.0,3279
24179,HIV,,,0.0,8821
24180,HIV,,,0.0,8822
24181,HIV,,,0.0,8822
24182,HIV,,,0.0,8822
24183,HIV,,,0.0,3279
24184,HIV,,,0.0,3279
24185,HIV,,,0.0,5597
24186,HIV,,,0.0,3279
24187,HIV,,,0.0,3279
24188,HIV,,,0.0,5597
24189,HIV,,,0.0,5597
24190,HIV,,,0.0,8823
24191,HIV,,,0.0,8824
24192,HIV,,,0.0,10279
24193,HIV,,,0.0,8825
24194,HIV,,,0.0,8826
24195,HIV,,,0.0,6433
24196,HIV,,,0.0,8827
24197,HIV,,,0.0,8827
24198,HIV,,,0.0,8829
24199,HIV,,,0.0,8827
24200,HIV,,,0.0,8829
24201,HIV,,,0.0,8828
24202,HIV,,,0.0,8827
24203,HIV,,,0.0,8829
24204,HIV,,,0.0,3279
24205,HIV,,,0.0,3279
24206,HIV,,,0.0,4492
24207,HIV,,,0.0,3279
24208,HIV,,,0.0,8830
24209,HIV,,,0.0,8831
24210,HIV,,,0.0,8832
24211,HIV,,,0.0,1280
24212,HIV,,,0.0,8833
24213,HIV,,,0.0,8834
24214,HIV,,,0.0,8835
24215,HIV,,,0.0,8836
24216,HIV,,,0.0,8836
24217,HIV,,,0.0,8836
24218,HIV,,,0.0,4466
24219,HIV,,,0.0,8837
24220,HIV,,,0.0,8837
24221,HIV,,,0.0,8838
24222,HIV,,,0.0,8839
24223,HIV,,,0.0,8840
24224,HIV,,,0.0,3279
24225,HIV,,,0.0,3279
24226,HIV,,,0.0,3279
24227,HIV,,,0.0,3279
24228,HIV,,,0.0,8841
24229,HIV,,,0.0,8842
24230,HIV,,,0.0,8843
24231,HIV,,,0.0,7267
24232,HIV,,,0.0,6975
24233,HIV,,,0.0,6975
24234,HIV,,,0.0,7267
24235,HIV,,,0.0,6975
24236,HIV,,,0.0,6975
24237,HIV,,,0.0,10812
24238,HIV,,,0.0,10812
24239,HIV,,,0.0,10812
24240,HIV,,,0.0,10812
24241,HIV,,,0.0,10812
24242,HIV,,,0.0,10812
24243,HIV,,,0.0,10812
24244,HIV,,,0.0,5165
24245,HIV,,,0.0,5165
24246,HIV,,,0.0,5165
24247,HIV,,,0.0,2473
24248,HIV,,,0.0,2473
24249,HIV,,,0.0,10812
24250,HIV,,,0.0,8844
24251,HIV,,,0.0,8844
24252,HIV,,,0.0,2473
24253,HIV,,,0.0,3021
24254,HIV,,,0.0,3021
24255,HIV,,,0.0,8845
24256,HIV,,,0.0,8845
24257,HIV,,,0.0,335
24258,HIV,,,0.0,335
24259,HIV,,,0.0,335
24260,HIV,,,0.0,335
24261,HIV,,,0.0,8272
24262,HIV,,,0.0,8272
24263,HIV,,,0.0,8272
24264,HIV,,,0.0,8272
24265,HIV,,,0.0,8846
24266,HIV,,,0.0,8847
24267,HIV,,,0.0,8847
24268,HIV,,,0.0,8847
24269,HIV,,,0.0,8846
24270,HIV,,,0.0,3034
24271,HIV,,,0.0,8526
24272,HIV,,,1.0,434
24273,HIV,,,1.0,434
24274,HIV,,,0.0,434
24275,HIV,,,0.0,434
24276,HIV,,,0.0,434
24277,HIV,,,1.0,434
24278,HIV,,,0.0,7420
24279,HIV,,,0.0,8848
24280,HIV,,,0.0,8849
24281,HIV,,,0.0,8849
24282,HIV,,,0.0,5363
24283,HIV,,,0.0,5363
24284,HIV,,,0.0,8850
24285,HIV,,,0.0,8851
24286,HIV,,,0.0,8852
24287,HIV,,,0.0,14106
24288,HIV,,,0.0,8341
24289,HIV,,,0.0,3309
24290,HIV,,,0.0,3309
24291,HIV,,,0.0,3309
24292,HIV,,,0.0,3309
24293,HIV,,,0.0,3309
24294,HIV,,,0.0,5597
24295,HIV,,,0.0,1016
24296,HIV,,,0.0,1016
24297,HIV,,,0.0,8853
24298,HIV,,,0.0,8854
24299,HIV,,,0.0,10400
24300,HIV,,,0.0,5165
24301,HIV,,,0.0,8855
24302,HIV,,,0.0,5165
24303,HIV,,,0.0,5165
24304,HIV,,,0.0,8959
24305,HIV,,,0.0,8856
24306,HIV,,,0.0,8857
24307,HIV,,,0.0,3324
24308,HIV,,,0.0,3324
24309,HIV,,,0.0,14106
24310,HIV,,,0.0,14106
24311,HIV,,,0.0,8858
24312,HIV,,,0.0,14106
24313,HIV,,,0.0,91
24314,HIV,,,0.0,14106
24315,HIV,,,0.0,8858
24316,HIV,,,0.0,8859
24317,HIV,,,0.0,14106
24318,HIV,,,0.0,8860
24319,HIV,,,0.0,6752
24320,HIV,,,0.0,6752
24321,HIV,,,0.0,6752
24322,HIV,,,0.0,6752
24323,HIV,,,0.0,9352
24324,HIV,,,0.0,9352
24325,HIV,,,0.0,9352
24326,HIV,,,0.0,6752
24327,HIV,,,0.0,6752
24328,HIV,,,0.0,9352
24329,HIV,,,0.0,6752
24330,HIV,,,0.0,6752
24331,HIV,,,0.0,9352
24332,HIV,,,0.0,6752
24333,HIV,,,0.0,8861
24334,HIV,,,0.0,6752
24335,HIV,,,0.0,5718
24336,HIV,,,0.0,6752
24337,HIV,,,0.0,9352
24338,HIV,,,0.0,7576
24339,HIV,,,0.0,7576
24340,HIV,,,0.0,5747
24341,HIV,,,0.0,7576
24342,HIV,,,0.0,7576
24343,HIV,,,0.0,7576
24344,HIV,,,0.0,12533
24345,HIV,,,0.0,8862
24346,HIV,,,0.0,8862
24347,HIV,,,0.0,12533
24348,HIV,,,0.0,8863
24349,HIV,,,1.0,8862
24350,HIV,,,0.0,8959
24351,HIV,,,0.0,217
24352,HIV,,,0.0,7851
24353,HIV,,,0.0,8864
24354,HIV,,,0.0,8865
24355,HIV,,,0.0,8866
24356,HIV,,,0.0,8866
24357,HIV,,,0.0,8866
24358,HIV,,,0.0,8866
24359,HIV,,,0.0,1280
24360,HIV,,,0.0,8867
24361,HIV,,,0.0,10633
24362,HIV,,,0.0,10633
24363,HIV,,,0.0,8869
24364,HIV,,,0.0,8868
24365,HIV,,,0.0,8869
24366,HIV,,,0.0,8869
24367,HIV,,,0.0,8870
24368,HIV,,,0.0,8871
24369,HIV,,,0.0,8872
24370,HIV,,,0.0,5363
24371,HIV,,,0.0,8873
24372,HIV,,,0.0,8873
24373,HIV,,,0.0,8873
24374,HIV,,,0.0,8873
24375,HIV,,,0.0,8873
24376,HIV,,,0.0,8873
24377,HIV,,,0.0,8874
24378,HIV,,,0.0,8873
24379,HIV,,,0.0,8875
24380,HIV,,,0.0,8876
24381,HIV,,,0.0,8877
24382,HIV,,,0.0,8877
24383,HIV,,,0.0,8878
24384,HIV,,,0.0,8879
24385,HIV,,,0.0,8880
24386,HIV,,,0.0,8881
24387,HIV,,,0.0,6752
24388,HIV,,,0.0,6752
24389,HIV,,,0.0,217
24390,HIV,,,0.0,217
24391,HIV,,,0.0,434
24392,HIV,,,1.0,434
24393,HIV,,,0.0,1250
24394,HIV,,,0.0,210
24395,HIV,,,0.0,8882
24396,HIV,,,0.0,10138
24397,HIV,,,0.0,10138
24398,HIV,,,0.0,10138
24399,HIV,,,0.0,10138
24400,HIV,,,0.0,10138
24401,HIV,,,0.0,10138
24402,HIV,,,0.0,10138
24403,HIV,,,0.0,2546
24404,HIV,,,0.0,441
24405,HIV,,,0.0,2546
24406,HIV,,,0.0,9156
24407,HIV,,,0.0,2546
24408,HIV,,,0.0,8971
24409,HIV,,,0.0,9328
24410,HIV,,,0.0,9459
24411,HIV,,,0.0,5165
24412,HIV,,,0.0,5165
24413,HIV,,,0.0,9274
24414,HIV,,,0.0,5747
24415,HIV,,,0.0,5747
24416,HIV,,,0.0,5747
24417,HIV,,,0.0,9458
24418,HIV,,,0.0,9328
24419,HIV,,,0.0,9328
24420,HIV,,,0.0,3021
24421,HIV,,,0.0,8883
24422,HIV,,,0.0,3021
24423,HIV,,,1.0,3021
24424,HIV,,,0.0,1280
24425,HIV,,,0.0,14106
24426,HIV,,,0.0,1280
24427,HIV,,,0.0,1280
24428,HIV,,,0.0,9384
24429,HIV,,,0.0,9384
24430,HIV,,,0.0,9384
24431,HIV,,,0.0,9384
24432,HIV,,,1.0,9384
24433,HIV,,,0.0,9384
24434,HIV,,,0.0,9384
24435,HIV,,,1.0,9384
24436,HIV,,,1.0,9384
24437,HIV,,,0.0,8884
24438,HIV,,,0.0,8884
24439,HIV,,,0.0,8884
24440,HIV,,,0.0,8884
24441,HIV,,,0.0,8884
24442,HIV,,,0.0,8884
24443,HIV,,,0.0,8884
24444,HIV,,,0.0,6608
24445,HIV,,,0.0,8885
24446,HIV,,,0.0,8885
24447,HIV,,,0.0,6608
24448,HIV,,,0.0,8885
24449,HIV,,,1.0,8886
24450,HIV,,,0.0,8886
24451,HIV,,,0.0,8886
24452,HIV,,,1.0,8887
24453,HIV,,,0.0,8888
24454,HIV,,,0.0,8889
24455,HIV,,,0.0,8890
24456,HIV,,,0.0,13286
24457,HIV,,,0.0,8891
24458,HIV,,,0.0,8892
24459,HIV,,,0.0,8893
24460,HIV,,,0.0,8895
24461,HIV,,,0.0,9915
24462,HIV,,,0.0,2800
24463,HIV,,,0.0,14106
24464,HIV,,,0.0,14106
24465,HIV,,,0.0,4974
24466,HIV,,,0.0,8894
24467,HIV,,,0.0,14106
24468,HIV,,,0.0,8898
24469,HIV,,,0.0,8894
24470,HIV,,,0.0,8895
24471,HIV,,,0.0,2800
24472,HIV,,,0.0,8896
24473,HIV,,,0.0,8897
24474,HIV,,,0.0,22
24475,HIV,,,0.0,8894
24476,HIV,,,0.0,8898
24477,HIV,,,0.0,8899
24478,HIV,,,0.0,8899
24479,HIV,,,0.0,8899
24480,HIV,,,0.0,8899
24481,HIV,,,0.0,8899
24482,HIV,,,0.0,8899
24483,HIV,,,0.0,8900
24484,HIV,,,0.0,8900
24485,HIV,,,0.0,8900
24486,HIV,,,0.0,5
24487,HIV,,,0.0,5
24488,HIV,,,0.0,5
24489,HIV,,,0.0,5
24490,HIV,,,0.0,5
24491,HIV,,,0.0,5
24492,HIV,,,0.0,8901
24493,HIV,,,0.0,8901
24494,HIV,,,0.0,8901
24495,HIV,,,0.0,8902
24496,HIV,,,0.0,8902
24497,HIV,,,0.0,8902
24498,HIV,,,0.0,8903
24499,HIV,,,0.0,8903
24500,HIV,,,0.0,8903
24501,HIV,,,0.0,8903
24502,HIV,,,0.0,8903
24503,HIV,,,0.0,8903
24504,HIV,,,0.0,8902
24505,HIV,,,0.0,8902
24506,HIV,,,0.0,8902
24507,HIV,,,0.0,8903
24508,HIV,,,0.0,8903
24509,HIV,,,0.0,8903
24510,HIV,,,0.0,8903
24511,HIV,,,0.0,8903
24512,HIV,,,0.0,8903
24513,HIV,,,0.0,8902
24514,HIV,,,0.0,8902
24515,HIV,,,0.0,8902
24516,HIV,,,0.0,8903
24517,HIV,,,0.0,8903
24518,HIV,,,0.0,8903
24519,HIV,,,0.0,8904
24520,HIV,,,0.0,8905
24521,HIV,,,0.0,8906
24522,HIV,,,0.0,8899
24523,HIV,,,1.0,8907
24524,HIV,,,0.0,8272
24525,HIV,,,0.0,8908
24526,HIV,,,0.0,8909
24527,HIV,,,0.0,3941
24528,HIV,,,0.0,8910
24529,HIV,,,0.0,8911
24530,HIV,,,0.0,8911
24531,HIV,,,0.0,8911
24532,HIV,,,0.0,12011
24533,HIV,,,0.0,14106
24534,HIV,,,0.0,14106
24535,HIV,,,0.0,14106
24536,HIV,,,0.0,1280
24537,HIV,,,0.0,8912
24538,HIV,,,0.0,7356
24539,HIV,,,0.0,8913
24540,HIV,,,0.0,13419
24541,HIV,,,0.0,13419
24542,HIV,,,0.0,8186
24543,HIV,,,0.0,8914
24544,HIV,,,0.0,8914
24545,HIV,,,0.0,8914
24546,HIV,,,0.0,8915
24547,HIV,,,0.0,8915
24548,HIV,,,0.0,8915
24549,HIV,,,0.0,3021
24550,HIV,,,0.0,335
24551,HIV,,,0.0,3021
24552,HIV,,,0.0,3021
24553,HIV,,,0.0,3021
24554,HIV,,,0.0,335
24555,HIV,,,0.0,8916
24556,HIV,,,0.0,8917
24557,HIV,,,0.0,8917
24558,HIV,,,0.0,8917
24559,HIV,,,0.0,8918
24560,HIV,,,0.0,2268
24561,HIV,,,0.0,8919
24562,HIV,,,0.0,10765
24563,HIV,,,0.0,8919
24564,HIV,,,0.0,8919
24565,HIV,,,0.0,8920
24566,HIV,,,0.0,8920
24567,HIV,,,0.0,6918
24568,HIV,,,1.0,6918
24569,HIV,,,1.0,6918
24570,HIV,,,0.0,6918
24571,HIV,,,0.0,5747
24572,HIV,,,1.0,10922
24573,HIV,,,0.0,8921
24574,HIV,,,0.0,8922
24575,HIV,,,0.0,8922
24576,HIV,,,0.0,8922
24577,HIV,,,0.0,8922
24578,HIV,,,0.0,8922
24579,HIV,,,0.0,4885
24580,HIV,,,0.0,8923
24581,HIV,,,0.0,8924
24582,HIV,,,0.0,8925
24583,HIV,,,0.0,9679
24584,HIV,,,0.0,8926
24585,HIV,,,0.0,8926
24586,HIV,,,0.0,8926
24587,HIV,,,0.0,8926
24588,HIV,,,0.0,8927
24589,HIV,,,0.0,8928
24590,HIV,,,0.0,5363
24591,HIV,,,0.0,8929
24592,HIV,,,0.0,8930
24593,HIV,,,0.0,8931
24594,HIV,,,0.0,1016
24595,HIV,,,0.0,8932
24596,HIV,,,0.0,1016
24597,HIV,,,0.0,11776
24598,HIV,,,0.0,8933
24599,HIV,,,0.0,6801
24600,HIV,,,0.0,6801
24601,HIV,,,0.0,335
24602,HIV,,,0.0,335
24603,HIV,,,0.0,8934
24604,HIV,,,0.0,13261
24605,HIV,,,0.0,8935
24606,HIV,,,0.0,8936
24607,HIV,,,0.0,8937
24608,HIV,,,0.0,8937
24609,HIV,,,0.0,8938
24610,HIV,,,0.0,8939
24611,HIV,,,0.0,8940
24612,HIV,,,0.0,8941
24613,HIV,,,0.0,8942
24614,HIV,,,0.0,8943
24615,HIV,,,0.0,8944
24616,HIV,,,0.0,8945
24617,HIV,,,0.0,8946
24618,HIV,,,0.0,5597
24619,HIV,,,0.0,8947
24620,HIV,,,0.0,10358
24621,HIV,,,0.0,8948
24622,HIV,,,0.0,8949
24623,HIV,,,0.0,8950
24624,HIV,,,0.0,8951
24625,HIV,,,0.0,8952
24626,HIV,,,0.0,8953
24627,HIV,,,0.0,604
24628,HIV,,,0.0,5363
24629,HIV,,,1.0,8954
24630,HIV,,,1.0,8955
24631,HIV,,,0.0,8956
24632,HIV,,,0.0,8957
24633,HIV,,,0.0,2546
24634,HIV,,,0.0,8958
24635,HIV,,,0.0,5992
24636,HIV,,,0.0,5268
24637,HIV,,,0.0,5268
24638,HIV,,,0.0,5268
24639,HIV,,,0.0,5268
24640,HIV,,,0.0,1464
24641,HIV,,,0.0,10392
24642,HIV,,,0.0,8959
24643,HIV,,,0.0,8959
24644,HIV,,,0.0,8959
24645,HIV,,,0.0,8959
24646,HIV,,,0.0,8959
24647,HIV,,,0.0,8959
24648,HIV,,,0.0,8959
24649,HIV,,,0.0,10633
24650,HIV,,,0.0,8959
24651,HIV,,,0.0,8959
24652,HIV,,,0.0,8959
24653,HIV,,,0.0,8959
24654,HIV,,,0.0,8960
24655,HIV,,,0.0,8341
24656,HIV,,,1.0,8341
24657,HIV,,,0.0,8341
24658,HIV,,,0.0,8341
24659,HIV,,,0.0,8341
24660,HIV,,,0.0,8341
24661,HIV,,,1.0,8341
24662,HIV,,,0.0,13889
24663,HIV,,,1.0,8961
24664,HIV,,,0.0,10443
24665,HIV,,,0.0,3309
24666,HIV,,,0.0,8962
24667,HIV,,,0.0,8962
24668,HIV,,,0.0,3309
24669,HIV,,,0.0,3309
24670,HIV,,,0.0,8963
24671,HIV,,,0.0,1280
24672,HIV,,,0.0,8964
24673,HIV,,,1.0,8965
24674,HIV,,,0.0,8965
24675,HIV,,,0.0,8966
24676,HIV,,,0.0,7794
24677,HIV,,,0.0,5718
24678,HIV,,,0.0,5718
24679,HIV,,,0.0,8967
24680,HIV,,,0.0,5718
24681,HIV,,,0.0,5718
24682,HIV,,,0.0,5718
24683,HIV,,,0.0,8967
24684,HIV,,,0.0,5718
24685,HIV,,,0.0,8968
24686,HIV,,,0.0,8969
24687,HIV,,,0.0,13419
24688,HIV,,,0.0,5363
24689,HIV,,,1.0,3021
24690,HIV,,,0.0,8970
24691,HIV,,,0.0,8970
24692,HIV,,,0.0,7388
24693,HIV,,,0.0,7388
24694,HIV,,,0.0,12145
24695,HIV,,,0.0,8971
24696,HIV,,,0.0,12145
24697,HIV,,,0.0,9328
24698,HIV,,,0.0,8971
24699,HIV,,,0.0,8971
24700,HIV,,,0.0,8348
24701,HIV,,,0.0,12146
24702,HIV,,,0.0,13761
24703,HIV,,,0.0,5747
24704,HIV,,,0.0,13761
24705,HIV,,,0.0,5747
24706,HIV,,,0.0,7604
24707,HIV,,,0.0,10138
24708,HIV,,,0.0,8972
24709,HIV,,,0.0,8973
24710,HIV,,,0.0,8974
24711,HIV,,,0.0,8975
24712,HIV,,,0.0,8976
24713,HIV,,,1.0,8977
24714,HIV,,,0.0,8978
24715,HIV,,,0.0,8979
24716,HIV,,,0.0,8980
24717,HIV,,,0.0,8981
24718,HIV,,,1.0,8982
24719,HIV,,,0.0,8686
24720,HIV,,,1.0,8686
24721,HIV,,,0.0,8686
24722,HIV,,,0.0,8686
24723,HIV,,,0.0,8686
24724,HIV,,,0.0,8686
24725,HIV,,,0.0,8686
24726,HIV,,,0.0,7591
24727,HIV,,,0.0,7591
24728,HIV,,,0.0,8686
24729,HIV,,,0.0,8686
24730,HIV,,,0.0,8686
24731,HIV,,,0.0,8686
24732,HIV,,,0.0,7591
24733,HIV,,,0.0,7591
24734,HIV,,,0.0,8686
24735,HIV,,,0.0,8686
24736,HIV,,,0.0,8686
24737,HIV,,,0.0,8686
24738,HIV,,,0.0,7591
24739,HIV,,,0.0,7591
24740,HIV,,,0.0,7591
24741,HIV,,,0.0,8686
24742,HIV,,,0.0,8686
24743,HIV,,,0.0,8686
24744,HIV,,,0.0,8983
24745,HIV,,,0.0,8983
24746,HIV,,,0.0,8983
24747,HIV,,,0.0,8983
24748,HIV,,,0.0,8983
24749,HIV,,,0.0,8983
24750,HIV,,,0.0,8983
24751,HIV,,,0.0,8983
24752,HIV,,,0.0,8983
24753,HIV,,,0.0,8983
24754,HIV,,,0.0,8983
24755,HIV,,,0.0,8983
24756,HIV,,,0.0,8983
24757,HIV,,,0.0,8983
24758,HIV,,,0.0,8983
24759,HIV,,,0.0,8983
24760,HIV,,,1.0,8984
24761,HIV,,,1.0,8984
24762,HIV,,,1.0,8984
24763,HIV,,,1.0,8984
24764,HIV,,,1.0,9069
24765,HIV,,,1.0,8984
24766,HIV,,,1.0,9069
24767,HIV,,,1.0,8984
24768,HIV,,,1.0,8984
24769,HIV,,,1.0,8984
24770,HIV,,,1.0,8984
24771,HIV,,,0.0,8985
24772,HIV,,,0.0,8984
24773,HIV,,,1.0,8984
24774,HIV,,,0.0,7576
24775,HIV,,,0.0,5718
24776,HIV,,,0.0,8987
24777,HIV,,,0.0,8986
24778,HIV,,,0.0,5718
24779,HIV,,,0.0,8986
24780,HIV,,,0.0,8986
24781,HIV,,,0.0,7576
24782,HIV,,,0.0,8986
24783,HIV,,,0.0,5718
24784,HIV,,,0.0,13815
24785,HIV,,,0.0,5363
24786,HIV,,,0.0,8987
24787,HIV,,,0.0,5718
24788,HIV,,,0.0,9288
24789,HIV,,,0.0,8988
24790,HIV,,,0.0,7576
24791,HIV,,,0.0,8989
24792,HIV,,,0.0,8990
24793,HIV,,,0.0,8991
24794,HIV,,,0.0,9015
24795,HIV,,,0.0,8992
24796,HIV,,,0.0,8993
24797,HIV,,,0.0,5718
24798,HIV,,,0.0,7591
24799,HIV,,,0.0,7591
24800,HIV,,,0.0,5718
24801,HIV,,,0.0,7576
24802,HIV,,,0.0,7576
24803,HIV,,,0.0,8994
24804,HIV,,,0.0,8995
24805,HIV,,,0.0,7576
24806,HIV,,,0.0,8996
24807,HIV,,,0.0,5718
24808,HIV,,,0.0,9015
24809,HIV,,,0.0,9174
24810,HIV,,,0.0,8996
24811,HIV,,,0.0,7576
24812,HIV,,,0.0,7576
24813,HIV,,,0.0,7576
24814,HIV,,,0.0,7576
24815,HIV,,,0.0,5718
24816,HIV,,,0.0,8997
24817,HIV,,,0.0,8997
24818,HIV,,,0.0,8997
24819,HIV,,,0.0,8997
24820,HIV,,,0.0,8998
24821,HIV,,,0.0,8997
24822,HIV,,,0.0,8997
24823,HIV,,,0.0,8997
24824,HIV,,,0.0,8999
24825,HIV,,,0.0,8999
24826,HIV,,,0.0,9000
24827,HIV,,,1.0,12557
24828,HIV,,,1.0,12557
24829,HIV,,,0.0,9001
24830,HIV,,,0.0,9002
24831,HIV,,,0.0,9003
24832,HIV,,,0.0,5165
24833,HIV,,,0.0,3279
24834,HIV,,,0.0,9004
24835,HIV,,,0.0,9122
24836,HIV,,,0.0,5363
24837,HIV,,,0.0,9005
24838,HIV,,,0.0,9006
24839,HIV,,,0.0,9007
24840,HIV,,,0.0,9008
24841,HIV,,,0.0,7576
24842,HIV,,,0.0,8987
24843,HIV,,,0.0,9284
24844,HIV,,,0.0,7576
24845,HIV,,,0.0,5718
24846,HIV,,,0.0,7576
24847,HIV,,,0.0,9009
24848,HIV,,,0.0,5718
24849,HIV,,,0.0,7576
24850,HIV,,,1.0,9010
24851,HIV,,,0.0,9009
24852,HIV,,,0.0,9115
24853,HIV,,,0.0,5718
24854,HIV,,,0.0,7576
24855,HIV,,,0.0,9011
24856,HIV,,,0.0,9174
24857,HIV,,,0.0,7576
24858,HIV,,,0.0,9174
24859,HIV,,,0.0,9009
24860,HIV,,,1.0,9012
24861,HIV,,,0.0,7576
24862,HIV,,,0.0,9013
24863,HIV,,,0.0,9014
24864,HIV,,,0.0,5747
24865,HIV,,,0.0,7576
24866,HIV,,,0.0,7591
24867,HIV,,,0.0,7576
24868,HIV,,,0.0,5718
24869,HIV,,,0.0,9036
24870,HIV,,,0.0,5718
24871,HIV,,,0.0,7591
24872,HIV,,,0.0,9115
24873,HIV,,,0.0,5718
24874,HIV,,,0.0,7576
24875,HIV,,,0.0,9174
24876,HIV,,,0.0,9036
24877,HIV,,,0.0,9015
24878,HIV,,,0.0,9016
24879,HIV,,,0.0,9017
24880,HIV,,,0.0,9017
24881,HIV,,,0.0,9018
24882,HIV,,,0.0,9016
24883,HIV,,,0.0,9019
24884,HIV,,,0.0,9019
24885,HIV,,,0.0,9020
24886,HIV,,,0.0,9020
24887,HIV,,,0.0,9021
24888,HIV,,,0.0,9021
24889,HIV,,,0.0,9022
24890,HIV,,,0.0,820
24891,HIV,,,0.0,7535
24892,HIV,,,0.0,7535
24893,HIV,,,0.0,4749
24894,HIV,,,1.0,1729
24895,HIV,,,0.0,5
24896,HIV,,,0.0,9033
24897,HIV,,,0.0,9023
24898,HIV,,,0.0,9024
24899,HIV,,,0.0,5
24900,HIV,,,0.0,9033
24901,HIV,,,0.0,9025
24902,HIV,,,0.0,5165
24903,HIV,,,0.0,7535
24904,HIV,,,0.0,11406
24905,HIV,,,1.0,6056
24906,HIV,,,0.0,11406
24907,HIV,,,0.0,5
24908,HIV,,,0.0,7535
24909,HIV,,,0.0,9026
24910,HIV,,,0.0,7535
24911,HIV,,,0.0,7535
24912,HIV,,,0.0,9027
24913,HIV,,,0.0,10400
24914,HIV,,,0.0,9028
24915,HIV,,,0.0,9029
24916,HIV,,,0.0,7535
24917,HIV,,,0.0,9033
24918,HIV,,,0.0,5
24919,HIV,,,0.0,7535
24920,HIV,,,0.0,9030
24921,HIV,,,0.0,9031
24922,HIV,,,0.0,9032
24923,HIV,,,0.0,9033
24924,HIV,,,1.0,7576
24925,HIV,,,0.0,9033
24926,HIV,,,0.0,11406
24927,HIV,,,0.0,5
24928,HIV,,,0.0,6801
24929,HIV,,,0.0,9034
24930,HIV,,,0.0,9174
24931,HIV,,,0.0,9283
24932,HIV,,,0.0,9115
24933,HIV,,,0.0,1729
24934,HIV,,,0.0,5718
24935,HIV,,,0.0,9174
24936,HIV,,,0.0,5718
24937,HIV,,,0.0,9174
24938,HIV,,,0.0,7576
24939,HIV,,,0.0,7576
24940,HIV,,,0.0,9035
24941,HIV,,,0.0,5718
24942,HIV,,,0.0,1729
24943,HIV,,,0.0,7576
24944,HIV,,,0.0,8987
24945,HIV,,,0.0,7576
24946,HIV,,,0.0,7576
24947,HIV,,,0.0,9036
24948,HIV,,,0.0,7576
24949,HIV,,,0.0,7591
24950,HIV,,,0.0,9288
24951,HIV,,,0.0,9037
24952,HIV,,,0.0,7591
24953,HIV,,,0.0,5718
24954,HIV,,,1.0,9038
24955,HIV,,,0.0,7591
24956,HIV,,,0.0,5718
24957,HIV,,,0.0,9039
24958,HIV,,,0.0,5165
24959,HIV,,,0.0,9040
24960,HIV,,,0.0,9041
24961,HIV,,,0.0,5718
24962,HIV,,,0.0,5363
24963,HIV,,,0.0,9042
24964,HIV,,,1.0,6918
24965,HIV,,,1.0,6918
24966,HIV,,,0.0,6918
24967,HIV,,,0.0,8959
24968,HIV,,,0.0,5165
24969,HIV,,,0.0,5165
24970,HIV,,,0.0,13958
24971,HIV,,,0.0,13958
24972,HIV,,,0.0,10956
24973,HIV,,,0.0,13958
24974,HIV,,,0.0,5165
24975,HIV,,,0.0,10956
24976,HIV,,,0.0,9384
24977,HIV,,,0.0,5165
24978,HIV,,,0.0,5165
24979,HIV,,,0.0,5165
24980,HIV,,,0.0,5165
24981,HIV,,,0.0,5165
24982,HIV,,,0.0,5165
24983,HIV,,,0.0,10956
24984,HIV,,,0.0,10956
24985,HIV,,,0.0,10956
24986,HIV,,,0.0,5165
24987,HIV,,,0.0,10956
24988,HIV,,,0.0,5165
24989,HIV,,,0.0,10956
24990,HIV,,,0.0,10956
24991,HIV,,,0.0,6801
24992,HIV,,,0.0,9384
24993,HIV,,,0.0,10956
24994,HIV,,,0.0,5165
24995,HIV,,,0.0,10956
24996,HIV,,,0.0,10956
24997,HIV,,,0.0,9384
24998,HIV,,,0.0,9384
24999,HIV,,,0.0,9384
25000,HIV,,,0.0,9384
25001,HIV,,,0.0,9384
25002,HIV,,,0.0,5165
25003,HIV,,,0.0,5165
25004,HIV,,,0.0,9384
25005,HIV,,,0.0,4306
25006,HIV,,,0.0,4306
25007,HIV,,,1.0,4306
25008,HIV,,,1.0,4306
25009,HIV,,,1.0,4306
25010,HIV,,,1.0,4306
25011,HIV,,,1.0,4306
25012,HIV,,,0.0,4306
25013,HIV,,,1.0,4306
25014,HIV,,,0.0,10633
25015,HIV,,,0.0,8959
25016,HIV,,,0.0,8959
25017,HIV,,,0.0,9043
25018,HIV,,,0.0,9044
25019,HIV,,,0.0,9045
25020,HIV,,,0.0,10636
25021,HIV,,,0.0,14114
25022,HIV,,,0.0,14114
25023,HIV,,,0.0,9046
25024,HIV,,,0.0,9046
25025,HIV,,,0.0,764
25026,HIV,,,0.0,9047
25027,HIV,,,0.0,3279
25028,HIV,,,0.0,9048
25029,HIV,,,0.0,9049
25030,HIV,,,0.0,3279
25031,HIV,,,0.0,8058
25032,HIV,,,0.0,14114
25033,HIV,,,0.0,9915
25034,HIV,,,0.0,14114
25035,HIV,,,0.0,9050
25036,HIV,,,0.0,14114
25037,HIV,,,0.0,9051
25038,HIV,,,0.0,10027
25039,HIV,,,0.0,9052
25040,HIV,,,0.0,9053
25041,HIV,,,0.0,9054
25042,HIV,,,0.0,9050
25043,HIV,,,0.0,2800
25044,HIV,,,0.0,9050
25045,HIV,,,0.0,9055
25046,HIV,,,0.0,9056
25047,HIV,,,0.0,2800
25048,HIV,,,0.0,9057
25049,HIV,,,0.0,3279
25050,HIV,,,0.0,10027
25051,HIV,,,0.0,3021
25052,HIV,,,0.0,9058
25053,HIV,,,0.0,9058
25054,HIV,,,0.0,9058
25055,HIV,,,0.0,9058
25056,HIV,,,0.0,9058
25057,HIV,,,0.0,5165
25058,HIV,,,0.0,5165
25059,HIV,,,0.0,5165
25060,HIV,,,0.0,5165
25061,HIV,,,0.0,5165
25062,HIV,,,0.0,5165
25063,HIV,,,0.0,9059
25064,HIV,,,0.0,9060
25065,HIV,,,0.0,9060
25066,HIV,,,0.0,9060
25067,HIV,,,0.0,9060
25068,HIV,,,0.0,5165
25069,HIV,,,0.0,7388
25070,HIV,,,0.0,13815
25071,HIV,,,0.0,13815
25072,HIV,,,0.0,5992
25073,HIV,,,0.0,5992
25074,HIV,,,0.0,13815
25075,HIV,,,0.0,9061
25076,HIV,,,0.0,9062
25077,HIV,,,0.0,1280
25078,HIV,,,0.0,434
25079,HIV,,,1.0,434
25080,HIV,,,0.0,7591
25081,HIV,,,0.0,7591
25082,HIV,,,0.0,9063
25083,HIV,,,0.0,7388
25084,HIV,,,0.0,7388
25085,HIV,,,0.0,7388
25086,HIV,,,0.0,7388
25087,HIV,,,0.0,7388
25088,HIV,,,0.0,7388
25089,HIV,,,0.0,7388
25090,HIV,,,0.0,7388
25091,HIV,,,0.0,7388
25092,HIV,,,0.0,7388
25093,HIV,,,0.0,9064
25094,HIV,,,0.0,9065
25095,HIV,,,0.0,9066
25096,HIV,,,0.0,9067
25097,HIV,,,0.0,13419
25098,HIV,,,0.0,9068
25099,HIV,,,0.0,8984
25100,HIV,,,0.0,8984
25101,HIV,,,0.0,8984
25102,HIV,,,0.0,8984
25103,HIV,,,0.0,9069
25104,HIV,,,0.0,8984
25105,HIV,,,0.0,9069
25106,HIV,,,0.0,9069
25107,HIV,,,0.0,8984
25108,HIV,,,0.0,8984
25109,HIV,,,0.0,8984
25110,HIV,,,0.0,8984
25111,HIV,,,1.0,8984
25112,HIV,,,1.0,8984
25113,HIV,,,1.0,8984
25114,HIV,,,0.0,8984
25115,HIV,,,0.0,8984
25116,HIV,,,0.0,8984
25117,HIV,,,0.0,9069
25118,HIV,,,0.0,9069
25119,HIV,,,0.0,9069
25120,HIV,,,1.0,8984
25121,HIV,,,0.0,8984
25122,HIV,,,0.0,8984
25123,HIV,,,0.0,8984
25124,HIV,,,0.0,8984
25125,HIV,,,0.0,9069
25126,HIV,,,0.0,8984
25127,HIV,,,0.0,8984
25128,HIV,,,0.0,8984
25129,HIV,,,0.0,8984
25130,HIV,,,0.0,8984
25131,HIV,,,0.0,8984
25132,HIV,,,0.0,8984
25133,HIV,,,0.0,8984
25134,HIV,,,0.0,8984
25135,HIV,,,0.0,4885
25136,HIV,,,0.0,4885
25137,HIV,,,0.0,6801
25138,HIV,,,0.0,6801
25139,HIV,,,0.0,6801
25140,HIV,,,0.0,6801
25141,HIV,,,0.0,6801
25142,HIV,,,0.0,3998
25143,HIV,,,0.0,9070
25144,HIV,,,0.0,9179
25145,HIV,,,0.0,6801
25146,HIV,,,0.0,6801
25147,HIV,,,0.0,57
25148,HIV,,,0.0,9071
25149,HIV,,,0.0,9072
25150,HIV,,,0.0,5363
25151,HIV,,,0.0,9073
25152,HIV,,,0.0,5363
25153,HIV,,,0.0,9074
25154,HIV,,,0.0,9075
25155,HIV,,,0.0,9076
25156,HIV,,,0.0,9077
25157,HIV,,,0.0,2546
25158,HIV,,,0.0,9078
25159,HIV,,,0.0,9079
25160,HIV,,,0.0,9080
25161,HIV,,,0.0,9081
25162,HIV,,,0.0,9082
25163,HIV,,,0.0,5363
25164,HIV,,,0.0,1344
25165,HIV,,,0.0,1344
25166,HIV,,,0.0,1344
25167,HIV,,,0.0,1344
25168,HIV,,,0.0,1344
25169,HIV,,,0.0,9083
25170,HIV,,,0.0,6801
25171,HIV,,,0.0,2546
25172,HIV,,,1.0,279
25173,HIV,,,0.0,6801
25174,HIV,,,0.0,9084
25175,HIV,,,0.0,9084
25176,HIV,,,1.0,9084
25177,HIV,,,0.0,9084
25178,HIV,,,0.0,9144
25179,HIV,,,0.0,9084
25180,HIV,,,0.0,9085
25181,HIV,,,0.0,2546
25182,HIV,,,0.0,9085
25183,HIV,,,0.0,2546
25184,HIV,,,0.0,2546
25185,HIV,,,0.0,9086
25186,HIV,,,0.0,5363
25187,HIV,,,0.0,9085
25188,HIV,,,0.0,2546
25189,HIV,,,0.0,9085
25190,HIV,,,0.0,2546
25191,HIV,,,0.0,2546
25192,HIV,,,0.0,8486
25193,HIV,,,0.0,11814
25194,HIV,,,0.0,9087
25195,HIV,,,0.0,11814
25196,HIV,,,0.0,9088
25197,HIV,,,0.0,9089
25198,HIV,,,1.0,10471
25199,HIV,,,0.0,9090
25200,HIV,,,0.0,9090
25201,HIV,,,0.0,9090
25202,HIV,,,0.0,9090
25203,HIV,,,0.0,9091
25204,HIV,,,0.0,9092
25205,HIV,,,0.0,9092
25206,HIV,,,0.0,9095
25207,HIV,,,0.0,9093
25208,HIV,,,0.0,9094
25209,HIV,,,0.0,9095
25210,HIV,,,0.0,9090
25211,HIV,,,0.0,9095
25212,HIV,,,0.0,9096
25213,HIV,,,0.0,9090
25214,HIV,,,0.0,9090
25215,HIV,,,0.0,9097
25216,HIV,,,0.0,9098
25217,HIV,,,0.0,9099
25218,HIV,,,0.0,335
25219,HIV,,,1.0,8710
25220,HIV,,,1.0,8710
25221,HIV,,,0.0,5
25222,HIV,,,0.0,9033
25223,HIV,,,0.0,5
25224,HIV,,,0.0,9033
25225,HIV,,,0.0,9024
25226,HIV,,,0.0,10400
25227,HIV,,,0.0,9028
25228,HIV,,,0.0,9100
25229,HIV,,,0.0,6801
25230,HIV,,,0.0,7535
25231,HIV,,,0.0,7084
25232,HIV,,,0.0,9033
25233,HIV,,,0.0,1729
25234,HIV,,,0.0,7535
25235,HIV,,,0.0,7535
25236,HIV,,,0.0,7045
25237,HIV,,,0.0,6801
25238,HIV,,,0.0,11406
25239,HIV,,,0.0,10889
25240,HIV,,,0.0,9101
25241,HIV,,,0.0,9033
25242,HIV,,,0.0,7535
25243,HIV,,,0.0,9102
25244,HIV,,,0.0,14055
25245,HIV,,,0.0,9103
25246,HIV,,,0.0,9104
25247,HIV,,,0.0,9105
25248,HIV,,,0.0,3309
25249,HIV,,,0.0,9106
25250,HIV,,,0.0,3309
25251,HIV,,,0.0,3309
25252,HIV,,,0.0,3309
25253,HIV,,,0.0,3309
25254,HIV,,,0.0,7535
25255,HIV,,,0.0,6801
25256,HIV,,,0.0,7289
25257,HIV,,,0.0,10400
25258,HIV,,,0.0,7591
25259,HIV,,,1.0,5718
25260,HIV,,,0.0,7591
25261,HIV,,,1.0,9107
25262,HIV,,,0.0,5718
25263,HIV,,,0.0,7591
25264,HIV,,,0.0,7591
25265,HIV,,,0.0,5718
25266,HIV,,,0.0,7591
25267,HIV,,,0.0,9107
25268,HIV,,,0.0,9283
25269,HIV,,,0.0,9108
25270,HIV,,,0.0,7591
25271,HIV,,,0.0,5718
25272,HIV,,,0.0,9288
25273,HIV,,,0.0,5363
25274,HIV,,,1.0,9109
25275,HIV,,,0.0,5363
25276,HIV,,,0.0,10400
25277,HIV,,,0.0,10400
25278,HIV,,,0.0,10400
25279,HIV,,,0.0,9110
25280,HIV,,,1.0,9279
25281,HIV,,,0.0,9176
25282,HIV,,,0.0,7576
25283,HIV,,,0.0,10400
25284,HIV,,,0.0,7576
25285,HIV,,,0.0,9176
25286,HIV,,,0.0,9184
25287,HIV,,,0.0,5718
25288,HIV,,,0.0,5718
25289,HIV,,,0.0,10400
25290,HIV,,,0.0,9176
25291,HIV,,,0.0,9111
25292,HIV,,,0.0,10400
25293,HIV,,,0.0,7576
25294,HIV,,,0.0,10400
25295,HIV,,,0.0,9186
25296,HIV,,,0.0,7576
25297,HIV,,,0.0,9147
25298,HIV,,,0.0,10400
25299,HIV,,,0.0,9176
25300,HIV,,,0.0,9186
25301,HIV,,,0.0,7576
25302,HIV,,,0.0,7576
25303,HIV,,,0.0,9176
25304,HIV,,,0.0,9176
25305,HIV,,,0.0,6801
25306,HIV,,,0.0,9277
25307,HIV,,,0.0,10400
25308,HIV,,,0.0,9186
25309,HIV,,,0.0,10400
25310,HIV,,,0.0,10400
25311,HIV,,,0.0,10400
25312,HIV,,,0.0,9112
25313,HIV,,,0.0,9176
25314,HIV,,,0.0,6801
25315,HIV,,,0.0,7576
25316,HIV,,,0.0,9113
25317,HIV,,,0.0,6801
25318,HIV,,,0.0,7337
25319,HIV,,,0.0,9174
25320,HIV,,,0.0,7337
25321,HIV,,,0.0,5165
25322,HIV,,,0.0,10400
25323,HIV,,,0.0,9114
25324,HIV,,,0.0,9115
25325,HIV,,,0.0,10400
25326,HIV,,,0.0,9187
25327,HIV,,,0.0,9176
25328,HIV,,,0.0,7576
25329,HIV,,,0.0,6801
25330,HIV,,,0.0,9117
25331,HIV,,,0.0,9117
25332,HIV,,,0.0,9117
25333,HIV,,,0.0,9116
25334,HIV,,,0.0,9116
25335,HIV,,,0.0,9116
25336,HIV,,,0.0,9116
25337,HIV,,,0.0,7591
25338,HIV,,,0.0,7591
25339,HIV,,,0.0,7591
25340,HIV,,,0.0,7591
25341,HIV,,,0.0,7591
25342,HIV,,,0.0,7591
25343,HIV,,,0.0,7591
25344,HIV,,,0.0,7591
25345,HIV,,,0.0,7591
25346,HIV,,,0.0,7591
25347,HIV,,,0.0,7591
25348,HIV,,,0.0,7591
25349,HIV,,,0.0,9117
25350,HIV,,,0.0,4118
25351,HIV,,,0.0,9118
25352,HIV,,,0.0,9119
25353,HIV,,,0.0,9120
25354,HIV,,,0.0,9121
25355,HIV,,,0.0,1016
25356,HIV,,,0.0,9122
25357,HIV,,,0.0,9123
25358,HIV,,,0.0,9123
25359,HIV,,,0.0,3639
25360,HIV,,,0.0,4601
25361,HIV,,,0.0,9124
25362,HIV,,,0.0,8444
25363,HIV,,,0.0,8444
25364,HIV,,,0.0,10138
25365,HIV,,,0.0,9125
25366,HIV,,,0.0,9125
25367,HIV,,,0.0,9126
25368,HIV,,,0.0,9127
25369,HIV,,,0.0,9128
25370,HIV,,,0.0,3309
25371,HIV,,,0.0,9129
25372,HIV,,,1.0,434
25373,HIV,,,0.0,9130
25374,HIV,,,0.0,14080
25375,HIV,,,0.0,9131
25376,HIV,,,0.0,12894
25377,HIV,,,0.0,9132
25378,HIV,,,0.0,9133
25379,HIV,,,0.0,1729
25380,HIV,,,0.0,1729
25381,HIV,,,0.0,9134
25382,HIV,,,0.0,7337
25383,HIV,,,0.0,9135
25384,HIV,,,0.0,9136
25385,HIV,,,0.0,9136
25386,HIV,,,0.0,9137
25387,HIV,,,0.0,9138
25388,HIV,,,0.0,1280
25389,HIV,,,0.0,9139
25390,HIV,,,0.0,2800
25391,HIV,,,0.0,9140
25392,HIV,,,0.0,9141
25393,HIV,,,0.0,9143
25394,HIV,,,0.0,9142
25395,HIV,,,0.0,9142
25396,HIV,,,0.0,9143
25397,HIV,,,0.0,10390
25398,HIV,,,0.0,10390
25399,HIV,,,0.0,9084
25400,HIV,,,0.0,9144
25401,HIV,,,0.0,9145
25402,HIV,,,0.0,9084
25403,HIV,,,0.0,9146
25404,HIV,,,0.0,7576
25405,HIV,,,0.0,5718
25406,HIV,,,0.0,9176
25407,HIV,,,0.0,5718
25408,HIV,,,0.0,9147
25409,HIV,,,0.0,10400
25410,HIV,,,0.0,9174
25411,HIV,,,0.0,5718
25412,HIV,,,0.0,5718
25413,HIV,,,0.0,5718
25414,HIV,,,0.0,5718
25415,HIV,,,0.0,5718
25416,HIV,,,0.0,5718
25417,HIV,,,0.0,5718
25418,HIV,,,0.0,5718
25419,HIV,,,0.0,5718
25420,HIV,,,0.0,9176
25421,HIV,,,0.0,10400
25422,HIV,,,0.0,10400
25423,HIV,,,0.0,10400
25424,HIV,,,0.0,10400
25425,HIV,,,0.0,10400
25426,HIV,,,0.0,10400
25427,HIV,,,0.0,9148
25428,HIV,,,0.0,9176
25429,HIV,,,0.0,9186
25430,HIV,,,0.0,10400
25431,HIV,,,0.0,9147
25432,HIV,,,0.0,10400
25433,HIV,,,0.0,10400
25434,HIV,,,0.0,9148
25435,HIV,,,0.0,9176
25436,HIV,,,0.0,8311
25437,HIV,,,0.0,8311
25438,HIV,,,0.0,9149
25439,HIV,,,0.0,9150
25440,HIV,,,0.0,9150
25441,HIV,,,0.0,10119
25442,HIV,,,0.0,10119
25443,HIV,,,0.0,10119
25444,HIV,,,0.0,9151
25445,HIV,,,0.0,9152
25446,HIV,,,0.0,9377
25447,HIV,,,0.0,9153
25448,HIV,,,0.0,9154
25449,HIV,,,0.0,9154
25450,HIV,,,0.0,9155
25451,HIV,,,0.0,3309
25452,HIV,,,0.0,9156
25453,HIV,,,0.0,9156
25454,HIV,,,0.0,3309
25455,HIV,,,0.0,9157
25456,HIV,,,0.0,3309
25457,HIV,,,0.0,3309
25458,HIV,,,0.0,3309
25459,HIV,,,0.0,9158
25460,HIV,,,0.0,2546
25461,HIV,,,0.0,1016
25462,HIV,,,1.0,8710
25463,HIV,,,0.0,5718
25464,HIV,,,0.0,5718
25465,HIV,,,0.0,5718
25466,HIV,,,0.0,9159
25467,HIV,,,0.0,9160
25468,HIV,,,0.0,9159
25469,HIV,,,0.0,9159
25470,HIV,,,0.0,9161
25471,HIV,,,0.0,7356
25472,HIV,,,0.0,9162
25473,HIV,,,0.0,9162
25474,HIV,,,0.0,5745
25475,HIV,,,0.0,5165
25476,HIV,,,0.0,5165
25477,HIV,,,0.0,5165
25478,HIV,,,0.0,5165
25479,HIV,,,0.0,9533
25480,HIV,,,0.0,9163
25481,HIV,,,0.0,9164
25482,HIV,,,0.0,5747
25483,HIV,,,0.0,5747
25484,HIV,,,0.0,5747
25485,HIV,,,0.0,5747
25486,HIV,,,0.0,5747
25487,HIV,,,0.0,5747
25488,HIV,,,0.0,5747
25489,HIV,,,0.0,432
25490,HIV,,,0.0,5747
25491,HIV,,,0.0,9165
25492,HIV,,,0.0,5747
25493,HIV,,,0.0,5747
25494,HIV,,,0.0,9166
25495,HIV,,,0.0,5747
25496,HIV,,,0.0,5747
25497,HIV,,,0.0,5747
25498,HIV,,,0.0,5747
25499,HIV,,,0.0,9167
25500,HIV,,,0.0,5747
25501,HIV,,,0.0,5747
25502,HIV,,,0.0,14106
25503,HIV,,,0.0,9168
25504,HIV,,,0.0,9169
25505,HIV,,,0.0,9170
25506,HIV,,,0.0,10138
25507,HIV,,,0.0,1016
25508,HIV,,,0.0,1016
25509,HIV,,,0.0,5165
25510,HIV,,,0.0,98
25511,HIV,,,0.0,9171
25512,HIV,,,0.0,9172
25513,HIV,,,0.0,9173
25514,HIV,,,1.0,335
25515,HIV,,,0.0,335
25516,HIV,,,0.0,7576
25517,HIV,,,0.0,9176
25518,HIV,,,0.0,9176
25519,HIV,,,0.0,5165
25520,HIV,,,0.0,7337
25521,HIV,,,0.0,10400
25522,HIV,,,0.0,5165
25523,HIV,,,0.0,9187
25524,HIV,,,0.0,9174
25525,HIV,,,0.0,5165
25526,HIV,,,0.0,6801
25527,HIV,,,0.0,10400
25528,HIV,,,0.0,5165
25529,HIV,,,0.0,7576
25530,HIV,,,0.0,7576
25531,HIV,,,0.0,7576
25532,HIV,,,0.0,10400
25533,HIV,,,0.0,9176
25534,HIV,,,0.0,9176
25535,HIV,,,0.0,7576
25536,HIV,,,0.0,9115
25537,HIV,,,0.0,5718
25538,HIV,,,0.0,9174
25539,HIV,,,0.0,9186
25540,HIV,,,0.0,5718
25541,HIV,,,0.0,9175
25542,HIV,,,0.0,10400
25543,HIV,,,0.0,9175
25544,HIV,,,0.0,5718
25545,HIV,,,0.0,10400
25546,HIV,,,0.0,7337
25547,HIV,,,0.0,5718
25548,HIV,,,0.0,9176
25549,HIV,,,0.0,9177
25550,HIV,,,0.0,6783
25551,HIV,,,0.0,2800
25552,HIV,,,0.0,10138
25553,HIV,,,0.0,10138
25554,HIV,,,0.0,10138
25555,HIV,,,1.0,9178
25556,HIV,,,0.0,9179
25557,HIV,,,0.0,9180
25558,HIV,,,0.0,9181
25559,HIV,,,0.0,9182
25560,HIV,,,0.0,9182
25561,HIV,,,0.0,7576
25562,HIV,,,0.0,10400
25563,HIV,,,0.0,10400
25564,HIV,,,0.0,9176
25565,HIV,,,0.0,5165
25566,HIV,,,0.0,10400
25567,HIV,,,0.0,9187
25568,HIV,,,0.0,9183
25569,HIV,,,0.0,9184
25570,HIV,,,0.0,10400
25571,HIV,,,0.0,9185
25572,HIV,,,0.0,10400
25573,HIV,,,0.0,7576
25574,HIV,,,0.0,9351
25575,HIV,,,0.0,10400
25576,HIV,,,0.0,7576
25577,HIV,,,0.0,9186
25578,HIV,,,0.0,1729
25579,HIV,,,0.0,9187
25580,HIV,,,0.0,5165
25581,HIV,,,0.0,9187
25582,HIV,,,0.0,9188
25583,HIV,,,0.0,5363
25584,HIV,,,0.0,9189
25585,HIV,,,0.0,9190
25586,HIV,,,0.0,9191
25587,HIV,,,0.0,9192
25588,HIV,,,0.0,7591
25589,HIV,,,0.0,9193
25590,HIV,,,0.0,9193
25591,HIV,,,0.0,9194
25592,HIV,,,0.0,5165
25593,HIV,,,0.0,12533
25594,HIV,,,1.0,9195
25595,HIV,,,1.0,9808
25596,HIV,,,1.0,9196
25597,HIV,,,1.0,9196
25598,HIV,,,0.0,9196
25599,HIV,,,0.0,9196
25600,HIV,,,0.0,8911
25601,HIV,,,0.0,9197
25602,HIV,,,0.0,9197
25603,HIV,,,0.0,9198
25604,HIV,,,0.0,9199
25605,HIV,,,0.0,5747
25606,HIV,,,0.0,5747
25607,HIV,,,0.0,5747
25608,HIV,,,0.0,5747
25609,HIV,,,0.0,9200
25610,HIV,,,1.0,12243
25611,HIV,,,0.0,12243
25612,HIV,,,0.0,9201
25613,HIV,,,0.0,9200
25614,HIV,,,0.0,12243
25615,HIV,,,1.0,12243
25616,HIV,,,0.0,10478
25617,HIV,,,0.0,9202
25618,HIV,,,0.0,9319
25619,HIV,,,0.0,9203
25620,HIV,,,0.0,5
25621,HIV,,,0.0,9204
25622,HIV,,,0.0,9205
25623,HIV,,,0.0,9117
25624,HIV,,,0.0,9206
25625,HIV,,,0.0,10633
25626,HIV,,,0.0,9207
25627,HIV,,,0.0,9208
25628,HIV,,,0.0,9209
25629,HIV,,,0.0,9210
25630,HIV,,,0.0,1280
25631,HIV,,,0.0,434
25632,HIV,,,1.0,7794
25633,HIV,,,0.0,7794
25634,HIV,,,1.0,7794
25635,HIV,,,0.0,7794
25636,HIV,,,0.0,7794
25637,HIV,,,0.0,7794
25638,HIV,,,0.0,5165
25639,HIV,,,0.0,5165
25640,HIV,,,0.0,5165
25641,HIV,,,0.0,9211
25642,HIV,,,0.0,9212
25643,HIV,,,0.0,8991
25644,HIV,,,0.0,5718
25645,HIV,,,0.0,5165
25646,HIV,,,0.0,9213
25647,HIV,,,0.0,5165
25648,HIV,,,0.0,5718
25649,HIV,,,0.0,9214
25650,HIV,,,0.0,9011
25651,HIV,,,0.0,5718
25652,HIV,,,0.0,5718
25653,HIV,,,0.0,9215
25654,HIV,,,0.0,9216
25655,HIV,,,0.0,9217
25656,HIV,,,0.0,5165
25657,HIV,,,0.0,12205
25658,HIV,,,0.0,5165
25659,HIV,,,0.0,5165
25660,HIV,,,0.0,5165
25661,HIV,,,0.0,5718
25662,HIV,,,0.0,5363
25663,HIV,,,0.0,1444
25664,HIV,,,0.0,8387
25665,HIV,,,1.0,7337
25666,HIV,,,0.0,9218
25667,HIV,,,0.0,9219
25668,HIV,,,0.0,9220
25669,HIV,,,0.0,9221
25670,HIV,,,0.0,9222
25671,HIV,,,0.0,7337
25672,HIV,,,0.0,9223
25673,HIV,,,0.0,9622
25674,HIV,,,0.0,1354
25675,HIV,,,0.0,6906
25676,HIV,,,0.0,6906
25677,HIV,,,0.0,9224
25678,HIV,,,0.0,9225
25679,HIV,,,0.0,9631
25680,HIV,,,0.0,9633
25681,HIV,,,0.0,9226
25682,HIV,,,0.0,9227
25683,HIV,,,0.0,5992
25684,HIV,,,0.0,7337
25685,HIV,,,0.0,7337
25686,HIV,,,0.0,9228
25687,HIV,,,0.0,7337
25688,HIV,,,0.0,9229
25689,HIV,,,0.0,9633
25690,HIV,,,0.0,6582
25691,HIV,,,0.0,9230
25692,HIV,,,0.0,9231
25693,HIV,,,0.0,9232
25694,HIV,,,0.0,9631
25695,HIV,,,0.0,12145
25696,HIV,,,0.0,9232
25697,HIV,,,0.0,10746
25698,HIV,,,0.0,366
25699,HIV,,,0.0,5597
25700,HIV,,,0.0,13419
25701,HIV,,,0.0,13204
25702,HIV,,,0.0,8392
25703,HIV,,,0.0,9632
25704,HIV,,,0.0,12145
25705,HIV,,,0.0,5597
25706,HIV,,,0.0,5597
25707,HIV,,,0.0,7337
25708,HIV,,,0.0,11358
25709,HIV,,,0.0,5597
25710,HIV,,,0.0,5597
25711,HIV,,,0.0,9233
25712,HIV,,,0.0,8686
25713,HIV,,,0.0,7337
25714,HIV,,,0.0,10862
25715,HIV,,,0.0,3279
25716,HIV,,,0.0,10862
25717,HIV,,,0.0,10862
25718,HIV,,,0.0,9234
25719,HIV,,,0.0,9234
25720,HIV,,,0.0,9234
25721,HIV,,,0.0,10862
25722,HIV,,,0.0,10862
25723,HIV,,,0.0,10862
25724,HIV,,,0.0,9235
25725,HIV,,,0.0,9236
25726,HIV,,,0.0,10862
25727,HIV,,,0.0,10862
25728,HIV,,,0.0,10862
25729,HIV,,,0.0,10862
25730,HIV,,,0.0,10862
25731,HIV,,,0.0,1016
25732,HIV,,,0.0,1016
25733,HIV,,,0.0,9237
25734,HIV,,,0.0,9238
25735,HIV,,,0.0,9239
25736,HIV,,,0.0,9239
25737,HIV,,,0.0,9240
25738,HIV,,,0.0,9241
25739,HIV,,,0.0,9242
25740,HIV,,,0.0,9242
25741,HIV,,,0.0,9243
25742,HIV,,,0.0,9243
25743,HIV,,,0.0,9244
25744,HIV,,,0.0,1016
25745,HIV,,,0.0,10862
25746,HIV,,,0.0,10862
25747,HIV,,,0.0,10862
25748,HIV,,,0.0,10862
25749,HIV,,,0.0,10862
25750,HIV,,,0.0,10862
25751,HIV,,,0.0,10862
25752,HIV,,,0.0,9245
25753,HIV,,,0.0,1016
25754,HIV,,,0.0,10862
25755,HIV,,,0.0,10862
25756,HIV,,,0.0,10862
25757,HIV,,,0.0,10862
25758,HIV,,,0.0,9727
25759,HIV,,,0.0,10862
25760,HIV,,,0.0,10862
25761,HIV,,,0.0,9246
25762,HIV,,,0.0,9247
25763,HIV,,,0.0,9242
25764,HIV,,,0.0,10862
25765,HIV,,,0.0,10862
25766,HIV,,,0.0,10862
25767,HIV,,,0.0,10862
25768,HIV,,,0.0,10862
25769,HIV,,,0.0,10862
25770,HIV,,,0.0,1016
25771,HIV,,,0.0,10862
25772,HIV,,,0.0,10862
25773,HIV,,,0.0,10862
25774,HIV,,,0.0,9248
25775,HIV,,,0.0,9249
25776,HIV,,,0.0,98
25777,HIV,,,0.0,9250
25778,HIV,,,0.0,9251
25779,HIV,,,0.0,9252
25780,HIV,,,0.0,9253
25781,HIV,,,0.0,9254
25782,HIV,,,0.0,10862
25783,HIV,,,0.0,10862
25784,HIV,,,0.0,9727
25785,HIV,,,1.0,9727
25786,HIV,,,0.0,9241
25787,HIV,,,0.0,9242
25788,HIV,,,0.0,7337
25789,HIV,,,0.0,9255
25790,HIV,,,0.0,10862
25791,HIV,,,0.0,9242
25792,HIV,,,0.0,10862
25793,HIV,,,0.0,9256
25794,HIV,,,0.0,9257
25795,HIV,,,0.0,10862
25796,HIV,,,0.0,10862
25797,HIV,,,0.0,9254
25798,HIV,,,0.0,10862
25799,HIV,,,0.0,9258
25800,HIV,,,0.0,5424
25801,HIV,,,0.0,9250
25802,HIV,,,0.0,9259
25803,HIV,,,0.0,9259
25804,HIV,,,0.0,9260
25805,HIV,,,0.0,9243
25806,HIV,,,0.0,10862
25807,HIV,,,0.0,10862
25808,HIV,,,0.0,10862
25809,HIV,,,0.0,9254
25810,HIV,,,0.0,9254
25811,HIV,,,0.0,9261
25812,HIV,,,0.0,9262
25813,HIV,,,0.0,57
25814,HIV,,,0.0,9263
25815,HIV,,,0.0,6801
25816,HIV,,,0.0,2546
25817,HIV,,,0.0,9264
25818,HIV,,,0.0,6991
25819,HIV,,,0.0,7356
25820,HIV,,,0.0,9265
25821,HIV,,,0.0,9265
25822,HIV,,,0.0,7356
25823,HIV,,,0.0,3279
25824,HIV,,,0.0,1280
25825,HIV,,,0.0,9267
25826,HIV,,,0.0,6016
25827,HIV,,,0.0,1280
25828,HIV,,,0.0,1280
25829,HIV,,,0.0,6016
25830,HIV,,,0.0,9266
25831,HIV,,,0.0,3279
25832,HIV,,,0.0,3279
25833,HIV,,,0.0,9267
25834,HIV,,,0.0,9268
25835,HIV,,,0.0,9268
25836,HIV,,,0.0,7337
25837,HIV,,,0.0,7337
25838,HIV,,,0.0,7337
25839,HIV,,,0.0,7337
25840,HIV,,,0.0,7337
25841,HIV,,,0.0,7337
25842,HIV,,,0.0,7337
25843,HIV,,,0.0,7337
25844,HIV,,,0.0,12435
25845,HIV,,,0.0,9384
25846,HIV,,,0.0,9384
25847,HIV,,,0.0,6801
25848,HIV,,,0.0,6801
25849,HIV,,,0.0,9269
25850,HIV,,,0.0,9270
25851,HIV,,,0.0,9271
25852,HIV,,,0.0,9272
25853,HIV,,,0.0,9176
25854,HIV,,,0.0,10647
25855,HIV,,,0.0,9273
25856,HIV,,,0.0,9273
25857,HIV,,,0.0,805
25858,HIV,,,0.0,9274
25859,HIV,,,0.0,9274
25860,HIV,,,0.0,9274
25861,HIV,,,0.0,9274
25862,HIV,,,0.0,9274
25863,HIV,,,0.0,8348
25864,HIV,,,0.0,9275
25865,HIV,,,0.0,9275
25866,HIV,,,0.0,9275
25867,HIV,,,0.0,11170
25868,HIV,,,0.0,11170
25869,HIV,,,0.0,11170
25870,HIV,,,0.0,11170
25871,HIV,,,0.0,11170
25872,HIV,,,0.0,11170
25873,HIV,,,0.0,10753
25874,HIV,,,0.0,9276
25875,HIV,,,0.0,9176
25876,HIV,,,0.0,5165
25877,HIV,,,0.0,4548
25878,HIV,,,0.0,9176
25879,HIV,,,0.0,9176
25880,HIV,,,0.0,9351
25881,HIV,,,0.0,1957
25882,HIV,,,0.0,7337
25883,HIV,,,0.0,10400
25884,HIV,,,0.0,7576
25885,HIV,,,0.0,7576
25886,HIV,,,0.0,9187
25887,HIV,,,0.0,9277
25888,HIV,,,0.0,9174
25889,HIV,,,0.0,9278
25890,HIV,,,0.0,10400
25891,HIV,,,0.0,5165
25892,HIV,,,0.0,10400
25893,HIV,,,0.0,9279
25894,HIV,,,0.0,7576
25895,HIV,,,0.0,5165
25896,HIV,,,0.0,9280
25897,HIV,,,0.0,5718
25898,HIV,,,0.0,5718
25899,HIV,,,0.0,5718
25900,HIV,,,0.0,5718
25901,HIV,,,0.0,9281
25902,HIV,,,0.0,7576
25903,HIV,,,0.0,12891
25904,HIV,,,0.0,7576
25905,HIV,,,0.0,5718
25906,HIV,,,0.0,9282
25907,HIV,,,0.0,9283
25908,HIV,,,0.0,9284
25909,HIV,,,0.0,9041
25910,HIV,,,0.0,7925
25911,HIV,,,0.0,5165
25912,HIV,,,1.0,9285
25913,HIV,,,0.0,5718
25914,HIV,,,0.0,12205
25915,HIV,,,0.0,5165
25916,HIV,,,0.0,5718
25917,HIV,,,0.0,5718
25918,HIV,,,0.0,5718
25919,HIV,,,1.0,5718
25920,HIV,,,0.0,5718
25921,HIV,,,0.0,866
25922,HIV,,,0.0,5165
25923,HIV,,,0.0,5165
25924,HIV,,,0.0,5165
25925,HIV,,,0.0,12205
25926,HIV,,,0.0,5165
25927,HIV,,,0.0,5165
25928,HIV,,,0.0,12891
25929,HIV,,,0.0,7591
25930,HIV,,,0.0,5718
25931,HIV,,,0.0,12205
25932,HIV,,,0.0,5718
25933,HIV,,,0.0,9212
25934,HIV,,,0.0,5165
25935,HIV,,,0.0,9286
25936,HIV,,,0.0,9287
25937,HIV,,,0.0,9288
25938,HIV,,,0.0,5165
25939,HIV,,,0.0,5165
25940,HIV,,,0.0,9289
25941,HIV,,,0.0,9290
25942,HIV,,,0.0,9320
25943,HIV,,,0.0,5718
25944,HIV,,,0.0,1344
25945,HIV,,,0.0,1344
25946,HIV,,,0.0,1344
25947,HIV,,,0.0,1344
25948,HIV,,,0.0,12955
25949,HIV,,,0.0,12955
25950,HIV,,,0.0,12955
25951,HIV,,,0.0,12955
25952,HIV,,,0.0,12955
25953,HIV,,,0.0,12955
25954,HIV,,,0.0,12955
25955,HIV,,,0.0,12955
25956,HIV,,,0.0,1016
25957,HIV,,,0.0,1016
25958,HIV,,,0.0,1016
25959,HIV,,,0.0,9291
25960,HIV,,,0.0,1016
25961,HIV,,,0.0,1016
25962,HIV,,,0.0,1016
25963,HIV,,,0.0,14106
25964,HIV,,,0.0,14106
25965,HIV,,,0.0,14106
25966,HIV,,,0.0,9292
25967,HIV,,,0.0,9293
25968,HIV,,,0.0,9294
25969,HIV,,,0.0,9295
25970,HIV,,,0.0,5718
25971,HIV,,,0.0,5718
25972,HIV,,,0.0,7576
25973,HIV,,,0.0,7576
25974,HIV,,,0.0,7576
25975,HIV,,,0.0,9294
25976,HIV,,,0.0,9148
25977,HIV,,,0.0,9347
25978,HIV,,,0.0,5718
25979,HIV,,,0.0,9347
25980,HIV,,,0.0,9347
25981,HIV,,,0.0,7337
25982,HIV,,,0.0,9314
25983,HIV,,,0.0,9296
25984,HIV,,,0.0,9297
25985,HIV,,,0.0,9299
25986,HIV,,,0.0,9015
25987,HIV,,,0.0,9312
25988,HIV,,,0.0,9115
25989,HIV,,,0.0,5718
25990,HIV,,,1.0,9298
25991,HIV,,,0.0,5718
25992,HIV,,,0.0,9299
25993,HIV,,,0.0,9300
25994,HIV,,,0.0,9347
25995,HIV,,,0.0,5718
25996,HIV,,,0.0,5718
25997,HIV,,,0.0,9301
25998,HIV,,,0.0,9176
25999,HIV,,,0.0,5718
26000,HIV,,,0.0,7576
26001,HIV,,,0.0,9302
26002,HIV,,,0.0,9303
26003,HIV,,,0.0,9303
26004,HIV,,,0.0,9303
26005,HIV,,,0.0,9304
26006,HIV,,,0.0,9303
26007,HIV,,,0.0,9175
26008,HIV,,,0.0,9305
26009,HIV,,,0.0,9306
26010,HIV,,,0.0,9175
26011,HIV,,,0.0,9307
26012,HIV,,,0.0,9302
26013,HIV,,,0.0,9308
26014,HIV,,,0.0,5165
26015,HIV,,,0.0,9309
26016,HIV,,,0.0,9309
26017,HIV,,,0.0,9309
26018,HIV,,,0.0,9309
26019,HIV,,,0.0,9309
26020,HIV,,,0.0,10746
26021,HIV,,,1.0,9310
26022,HIV,,,0.0,10746
26023,HIV,,,0.0,9309
26024,HIV,,,0.0,7576
26025,HIV,,,0.0,9176
26026,HIV,,,0.0,9186
26027,HIV,,,0.0,9176
26028,HIV,,,0.0,9314
26029,HIV,,,0.0,5718
26030,HIV,,,0.0,5718
26031,HIV,,,0.0,9311
26032,HIV,,,0.0,5718
26033,HIV,,,0.0,9312
26034,HIV,,,0.0,9148
26035,HIV,,,0.0,9015
26036,HIV,,,0.0,7576
26037,HIV,,,0.0,7576
26038,HIV,,,0.0,9313
26039,HIV,,,0.0,9314
26040,HIV,,,0.0,5718
26041,HIV,,,0.0,9314
26042,HIV,,,0.0,7576
26043,HIV,,,0.0,7576
26044,HIV,,,0.0,5718
26045,HIV,,,0.0,5718
26046,HIV,,,0.0,9315
26047,HIV,,,0.0,9316
26048,HIV,,,0.0,9317
26049,HIV,,,0.0,7576
26050,HIV,,,0.0,9318
26051,HIV,,,0.0,9277
26052,HIV,,,0.0,9347
26053,HIV,,,0.0,9312
26054,HIV,,,0.0,5718
26055,HIV,,,0.0,9347
26056,HIV,,,0.0,7337
26057,HIV,,,0.0,9351
26058,HIV,,,0.0,9176
26059,HIV,,,0.0,10400
26060,HIV,,,0.0,9325
26061,HIV,,,0.0,7337
26062,HIV,,,0.0,9314
26063,HIV,,,0.0,9320
26064,HIV,,,0.0,7576
26065,HIV,,,0.0,9314
26066,HIV,,,0.0,5718
26067,HIV,,,0.0,9347
26068,HIV,,,0.0,9321
26069,HIV,,,0.0,9349
26070,HIV,,,0.0,9314
26071,HIV,,,0.0,9347
26072,HIV,,,0.0,9320
26073,HIV,,,0.0,5718
26074,HIV,,,0.0,9176
26075,HIV,,,0.0,10400
26076,HIV,,,0.0,9322
26077,HIV,,,0.0,9176
26078,HIV,,,0.0,9176
26079,HIV,,,0.0,9176
26080,HIV,,,0.0,10400
26081,HIV,,,0.0,9176
26082,HIV,,,0.0,9176
26083,HIV,,,0.0,8710
26084,HIV,,,0.0,9343
26085,HIV,,,0.0,9186
26086,HIV,,,0.0,7576
26087,HIV,,,0.0,7576
26088,HIV,,,0.0,9176
26089,HIV,,,0.0,9176
26090,HIV,,,0.0,9323
26091,HIV,,,0.0,7576
26092,HIV,,,0.0,7576
26093,HIV,,,0.0,7576
26094,HIV,,,0.0,9186
26095,HIV,,,0.0,5747
26096,HIV,,,0.0,9176
26097,HIV,,,0.0,9176
26098,HIV,,,0.0,5718
26099,HIV,,,0.0,9176
26100,HIV,,,0.0,10400
26101,HIV,,,0.0,9324
26102,HIV,,,0.0,9176
26103,HIV,,,0.0,7576
26104,HIV,,,0.0,9176
26105,HIV,,,0.0,7337
26106,HIV,,,0.0,10400
26107,HIV,,,0.0,9325
26108,HIV,,,0.0,7576
26109,HIV,,,0.0,9186
26110,HIV,,,0.0,10400
26111,HIV,,,0.0,9176
26112,HIV,,,0.0,7576
26113,HIV,,,0.0,7576
26114,HIV,,,0.0,7576
26115,HIV,,,0.0,9176
26116,HIV,,,0.0,9326
26117,HIV,,,0.0,7576
26118,HIV,,,0.0,9327
26119,HIV,,,0.0,5718
26120,HIV,,,0.0,9186
26121,HIV,,,0.0,9176
26122,HIV,,,0.0,9350
26123,HIV,,,0.0,7576
26124,HIV,,,0.0,7576
26125,HIV,,,0.0,9176
26126,HIV,,,0.0,9176
26127,HIV,,,0.0,9323
26128,HIV,,,0.0,9176
26129,HIV,,,0.0,9176
26130,HIV,,,0.0,9323
26131,HIV,,,0.0,7601
26132,HIV,,,0.0,9328
26133,HIV,,,0.0,9328
26134,HIV,,,0.0,5165
26135,HIV,,,0.0,5165
26136,HIV,,,0.0,5165
26137,HIV,,,0.0,9461
26138,HIV,,,0.0,5747
26139,HIV,,,0.0,6801
26140,HIV,,,0.0,6801
26141,HIV,,,0.0,434
26142,HIV,,,0.0,5165
26143,HIV,,,0.0,3309
26144,HIV,,,0.0,3309
26145,HIV,,,0.0,9329
26146,HIV,,,0.0,9330
26147,HIV,,,0.0,9180
26148,HIV,,,0.0,10400
26149,HIV,,,0.0,9186
26150,HIV,,,0.0,10400
26151,HIV,,,0.0,7337
26152,HIV,,,0.0,10400
26153,HIV,,,0.0,10400
26154,HIV,,,0.0,10400
26155,HIV,,,0.0,10400
26156,HIV,,,0.0,9176
26157,HIV,,,0.0,10400
26158,HIV,,,0.0,9176
26159,HIV,,,0.0,9331
26160,HIV,,,0.0,7576
26161,HIV,,,0.0,9176
26162,HIV,,,0.0,7576
26163,HIV,,,0.0,5718
26164,HIV,,,0.0,9332
26165,HIV,,,0.0,10400
26166,HIV,,,0.0,7576
26167,HIV,,,0.0,9333
26168,HIV,,,0.0,7576
26169,HIV,,,0.0,7576
26170,HIV,,,0.0,7337
26171,HIV,,,0.0,7576
26172,HIV,,,0.0,7576
26173,HIV,,,0.0,9176
26174,HIV,,,0.0,7337
26175,HIV,,,0.0,9176
26176,HIV,,,0.0,7576
26177,HIV,,,0.0,7576
26178,HIV,,,0.0,7576
26179,HIV,,,0.0,9176
26180,HIV,,,0.0,7576
26181,HIV,,,0.0,7337
26182,HIV,,,0.0,9323
26183,HIV,,,0.0,7576
26184,HIV,,,0.0,9333
26185,HIV,,,0.0,9176
26186,HIV,,,0.0,9334
26187,HIV,,,0.0,11950
26188,HIV,,,1.0,6918
26189,HIV,,,1.0,6918
26190,HIV,,,1.0,6918
26191,HIV,,,0.0,9335
26192,HIV,,,0.0,9336
26193,HIV,,,0.0,9337
26194,HIV,,,0.0,205
26195,HIV,,,0.0,5747
26196,HIV,,,0.0,9338
26197,HIV,,,0.0,2546
26198,HIV,,,0.0,9339
26199,HIV,,,0.0,1016
26200,HIV,,,0.0,7356
26201,HIV,,,0.0,7356
26202,HIV,,,0.0,7356
26203,HIV,,,0.0,5597
26204,HIV,,,0.0,5597
26205,HIV,,,0.0,5597
26206,HIV,,,0.0,5597
26207,HIV,,,0.0,5597
26208,HIV,,,0.0,5597
26209,HIV,,,0.0,138
26210,HIV,,,0.0,138
26211,HIV,,,0.0,9340
26212,HIV,,,0.0,7337
26213,HIV,,,0.0,7576
26214,HIV,,,0.0,9176
26215,HIV,,,0.0,9176
26216,HIV,,,0.0,6801
26217,HIV,,,0.0,7337
26218,HIV,,,0.0,9303
26219,HIV,,,0.0,10400
26220,HIV,,,0.0,7576
26221,HIV,,,0.0,10400
26222,HIV,,,0.0,9341
26223,HIV,,,0.0,6801
26224,HIV,,,0.0,9342
26225,HIV,,,0.0,9176
26226,HIV,,,0.0,9186
26227,HIV,,,0.0,9343
26228,HIV,,,0.0,7337
26229,HIV,,,0.0,9303
26230,HIV,,,0.0,9176
26231,HIV,,,0.0,9344
26232,HIV,,,0.0,9176
26233,HIV,,,0.0,9176
26234,HIV,,,0.0,9345
26235,HIV,,,0.0,10400
26236,HIV,,,0.0,7576
26237,HIV,,,0.0,7576
26238,HIV,,,0.0,7576
26239,HIV,,,0.0,9346
26240,HIV,,,0.0,10633
26241,HIV,,,0.0,9347
26242,HIV,,,0.0,9348
26243,HIV,,,0.0,6801
26244,HIV,,,0.0,10400
26245,HIV,,,1.0,10400
26246,HIV,,,0.0,9347
26247,HIV,,,0.0,10400
26248,HIV,,,0.0,6801
26249,HIV,,,0.0,7576
26250,HIV,,,0.0,10400
26251,HIV,,,0.0,6801
26252,HIV,,,0.0,10400
26253,HIV,,,0.0,9348
26254,HIV,,,0.0,10400
26255,HIV,,,0.0,9186
26256,HIV,,,1.0,434
26257,HIV,,,0.0,6801
26258,HIV,,,0.0,9348
26259,HIV,,,0.0,10400
26260,HIV,,,0.0,6801
26261,HIV,,,0.0,6801
26262,HIV,,,0.0,7576
26263,HIV,,,0.0,5718
26264,HIV,,,0.0,9115
26265,HIV,,,0.0,9351
26266,HIV,,,0.0,9349
26267,HIV,,,0.0,10400
26268,HIV,,,0.0,5718
26269,HIV,,,0.0,7576
26270,HIV,,,0.0,5718
26271,HIV,,,0.0,10400
26272,HIV,,,0.0,5718
26273,HIV,,,0.0,9115
26274,HIV,,,0.0,9347
26275,HIV,,,0.0,7576
26276,HIV,,,0.0,9314
26277,HIV,,,0.0,9015
26278,HIV,,,0.0,5718
26279,HIV,,,0.0,7576
26280,HIV,,,0.0,14106
26281,HIV,,,0.0,14106
26282,HIV,,,0.0,2546
26283,HIV,,,0.0,2546
26284,HIV,,,0.0,9176
26285,HIV,,,0.0,7576
26286,HIV,,,0.0,7576
26287,HIV,,,0.0,7576
26288,HIV,,,0.0,10400
26289,HIV,,,0.0,7576
26290,HIV,,,0.0,9343
26291,HIV,,,0.0,9350
26292,HIV,,,0.0,7576
26293,HIV,,,0.0,10400
26294,HIV,,,1.0,9343
26295,HIV,,,0.0,9350
26296,HIV,,,0.0,9186
26297,HIV,,,0.0,10400
26298,HIV,,,0.0,7576
26299,HIV,,,0.0,7576
26300,HIV,,,0.0,9351
26301,HIV,,,0.0,9352
26302,HIV,,,0.0,9352
26303,HIV,,,0.0,9353
26304,HIV,,,0.0,9354
26305,HIV,,,0.0,9354
26306,HIV,,,0.0,6752
26307,HIV,,,0.0,9355
26308,HIV,,,0.0,6752
26309,HIV,,,0.0,9352
26310,HIV,,,0.0,6752
26311,HIV,,,0.0,7337
26312,HIV,,,1.0,9352
26313,HIV,,,1.0,6752
26314,HIV,,,0.0,6752
26315,HIV,,,0.0,6752
26316,HIV,,,0.0,7337
26317,HIV,,,0.0,6752
26318,HIV,,,1.0,6752
26319,HIV,,,0.0,7337
26320,HIV,,,0.0,9356
26321,HIV,,,0.0,7337
26322,HIV,,,0.0,7337
26323,HIV,,,0.0,12214
26324,HIV,,,0.0,45
26325,HIV,,,0.0,9357
26326,HIV,,,0.0,8959
26327,HIV,,,0.0,10633
26328,HIV,,,0.0,8959
26329,HIV,,,0.0,9358
26330,HIV,,,0.0,9359
26331,HIV,,,0.0,9360
26332,HIV,,,0.0,335
26333,HIV,,,0.0,9361
26334,HIV,,,0.0,9362
26335,HIV,,,0.0,9362
26336,HIV,,,0.0,9363
26337,HIV,,,0.0,3021
26338,HIV,,,0.0,9364
26339,HIV,,,0.0,9365
26340,HIV,,,0.0,9365
26341,HIV,,,1.0,5165
26342,HIV,,,0.0,5165
26343,HIV,,,0.0,5363
26344,HIV,,,0.0,9366
26345,HIV,,,0.0,4601
26346,HIV,,,0.0,9367
26347,HIV,,,0.0,9368
26348,HIV,,,0.0,9368
26349,HIV,,,0.0,7928
26350,HIV,,,0.0,7928
26351,HIV,,,0.0,7928
26352,HIV,,,0.0,7928
26353,HIV,,,0.0,7535
26354,HIV,,,0.0,14106
26355,HIV,,,0.0,155
26356,HIV,,,0.0,5165
26357,HIV,,,1.0,441
26358,HIV,,,0.0,9369
26359,HIV,,,0.0,9369
26360,HIV,,,1.0,5597
26361,HIV,,,1.0,5597
26362,HIV,,,0.0,9369
26363,HIV,,,0.0,9370
26364,HIV,,,0.0,5747
26365,HIV,,,0.0,9371
26366,HIV,,,0.0,9372
26367,HIV,,,0.0,9373
26368,HIV,,,0.0,9374
26369,HIV,,,0.0,9375
26370,HIV,,,0.0,9376
26371,HIV,,,0.0,9376
26372,HIV,,,0.0,9377
26373,HIV,,,0.0,9378
26374,HIV,,,0.0,9379
26375,HIV,,,0.0,9380
26376,HIV,,,1.0,6918
26377,HIV,,,1.0,6918
26378,HIV,,,1.0,6918
26379,HIV,,,1.0,1016
26380,HIV,,,1.0,1016
26381,HIV,,,0.0,3279
26382,HIV,,,0.0,3279
26383,HIV,,,0.0,205
26384,HIV,,,0.0,205
26385,HIV,,,0.0,205
26386,HIV,,,0.0,205
26387,HIV,,,0.0,205
26388,HIV,,,0.0,205
26389,HIV,,,0.0,205
26390,HIV,,,0.0,205
26391,HIV,,,0.0,1016
26392,HIV,,,0.0,1016
26393,HIV,,,0.0,9381
26394,HIV,,,0.0,11358
26395,HIV,,,0.0,9382
26396,HIV,,,0.0,9383
26397,HIV,,,0.0,434
26398,HIV,,,0.0,8198
26399,HIV,,,0.0,8959
26400,HIV,,,0.0,2546
26401,HIV,,,0.0,2546
26402,HIV,,,0.0,2546
26403,HIV,,,0.0,2546
26404,HIV,,,0.0,9385
26405,HIV,,,0.0,9386
26406,HIV,,,0.0,9386
26407,HIV,,,0.0,7989
26408,HIV,,,0.0,9388
26409,HIV,,,0.0,9387
26410,HIV,,,0.0,9388
26411,HIV,,,0.0,9389
26412,HIV,,,0.0,9390
26413,HIV,,,0.0,9391
26414,HIV,,,0.0,5597
26415,HIV,,,0.0,5597
26416,HIV,,,0.0,9392
26417,HIV,,,0.0,6166
26418,HIV,,,0.0,6166
26419,HIV,,,0.0,2546
26420,HIV,,,0.0,2546
26421,HIV,,,1.0,2546
26422,HIV,,,1.0,11913
26423,HIV,,,0.0,11913
26424,HIV,,,0.0,2546
26425,HIV,,,0.0,2546
26426,HIV,,,1.0,2546
26427,HIV,,,1.0,9514
26428,HIV,,,0.0,9514
26429,HIV,,,0.0,14106
26430,HIV,,,0.0,9393
26431,HIV,,,0.0,14106
26432,HIV,,,0.0,9394
26433,HIV,,,1.0,9394
26434,HIV,,,0.0,9394
26435,HIV,,,0.0,9394
26436,HIV,,,0.0,9394
26437,HIV,,,0.0,9394
26438,HIV,,,0.0,9394
26439,HIV,,,0.0,9394
26440,HIV,,,1.0,9394
26441,HIV,,,0.0,9395
26442,HIV,,,0.0,9396
26443,HIV,,,0.0,9397
26444,HIV,,,0.0,9398
26445,HIV,,,0.0,9398
26446,HIV,,,0.0,9399
26447,HIV,,,0.0,9400
26448,HIV,,,0.0,6436
26449,HIV,,,0.0,6436
26450,HIV,,,0.0,6436
26451,HIV,,,0.0,6436
26452,HIV,,,0.0,9401
26453,HIV,,,0.0,9403
26454,HIV,,,0.0,9403
26455,HIV,,,0.0,9402
26456,HIV,,,0.0,9403
26457,HIV,,,0.0,9403
26458,HIV,,,0.0,9404
26459,HIV,,,0.0,9407
26460,HIV,,,0.0,9407
26461,HIV,,,0.0,9405
26462,HIV,,,0.0,9406
26463,HIV,,,0.0,9407
26464,HIV,,,0.0,9407
26465,HIV,,,0.0,9408
26466,HIV,,,0.0,9409
26467,HIV,,,0.0,1729
26468,HIV,,,0.0,1729
26469,HIV,,,0.0,2546
26470,HIV,,,0.0,9410
26471,HIV,,,0.0,12533
26472,HIV,,,0.0,9411
26473,HIV,,,0.0,2546
26474,HIV,,,0.0,9412
26475,HIV,,,0.0,9413
26476,HIV,,,0.0,434
26477,HIV,,,1.0,434
26478,HIV,,,1.0,6918
26479,HIV,,,1.0,6918
26480,HIV,,,1.0,6918
26481,HIV,,,0.0,9384
26482,HIV,,,0.0,9384
26483,HIV,,,0.0,9384
26484,HIV,,,0.0,8272
26485,HIV,,,0.0,9414
26486,HIV,,,0.0,8272
26487,HIV,,,0.0,13539
26488,HIV,,,0.0,13539
26489,HIV,,,1.0,13539
26490,HIV,,,0.0,9415
26491,HIV,,,0.0,13539
26492,HIV,,,0.0,13539
26493,HIV,,,0.0,13539
26494,HIV,,,0.0,13539
26495,HIV,,,0.0,13539
26496,HIV,,,0.0,13539
26497,HIV,,,0.0,13539
26498,HIV,,,0.0,13539
26499,HIV,,,0.0,9416
26500,HIV,,,0.0,9416
26501,HIV,,,1.0,13539
26502,HIV,,,0.0,13539
26503,HIV,,,0.0,13539
26504,HIV,,,0.0,13539
26505,HIV,,,1.0,9416
26506,HIV,,,1.0,9416
26507,HIV,,,0.0,9416
26508,HIV,,,0.0,11062
26509,HIV,,,0.0,9417
26510,HIV,,,0.0,9417
26511,HIV,,,0.0,9418
26512,HIV,,,0.0,9417
26513,HIV,,,0.0,13793
26514,HIV,,,0.0,9415
26515,HIV,,,0.0,9419
26516,HIV,,,0.0,9419
26517,HIV,,,0.0,9419
26518,HIV,,,0.0,9420
26519,HIV,,,0.0,9421
26520,HIV,,,0.0,9422
26521,HIV,,,0.0,9423
26522,HIV,,,0.0,11060
26523,HIV,,,0.0,9424
26524,HIV,,,0.0,9425
26525,HIV,,,0.0,9425
26526,HIV,,,0.0,9425
26527,HIV,,,0.0,9425
26528,HIV,,,0.0,9425
26529,HIV,,,0.0,9426
26530,HIV,,,0.0,7388
26531,HIV,,,0.0,7388
26532,HIV,,,1.0,10924
26533,HIV,,,0.0,9427
26534,HIV,,,0.0,5363
26535,HIV,,,0.0,5363
26536,HIV,,,0.0,5363
26537,HIV,,,0.0,5363
26538,HIV,,,0.0,5363
26539,HIV,,,0.0,9428
26540,HIV,,,0.0,9429
26541,HIV,,,0.0,9429
26542,HIV,,,0.0,9429
26543,HIV,,,0.0,9430
26544,HIV,,,0.0,9431
26545,HIV,,,0.0,9432
26546,HIV,,,0.0,9433
26547,HIV,,,0.0,9434
26548,HIV,,,0.0,9434
26549,HIV,,,0.0,9435
26550,HIV,,,0.0,9436
26551,HIV,,,0.0,9436
26552,HIV,,,0.0,1344
26553,HIV,,,0.0,1344
26554,HIV,,,0.0,1344
26555,HIV,,,0.0,1344
26556,HIV,,,0.0,1344
26557,HIV,,,0.0,9437
26558,HIV,,,1.0,1344
26559,HIV,,,0.0,7624
26560,HIV,,,0.0,5165
26561,HIV,,,0.0,9438
26562,HIV,,,0.0,9439
26563,HIV,,,0.0,7623
26564,HIV,,,0.0,9508
26565,HIV,,,0.0,2355
26566,HIV,,,0.0,1016
26567,HIV,,,0.0,13419
26568,HIV,,,0.0,9440
26569,HIV,,,0.0,9441
26570,HIV,,,0.0,7811
26571,HIV,,,0.0,9442
26572,HIV,,,0.0,45
26573,HIV,,,0.0,9444
26574,HIV,,,0.0,9443
26575,HIV,,,0.0,6016
26576,HIV,,,0.0,6016
26577,HIV,,,0.0,6016
26578,HIV,,,0.0,6016
26579,HIV,,,0.0,9444
26580,HIV,,,0.0,2473
26581,HIV,,,0.0,3719
26582,HIV,,,0.0,2473
26583,HIV,,,0.0,9445
26584,HIV,,,0.0,9446
26585,HIV,,,0.0,3309
26586,HIV,,,0.0,3309
26587,HIV,,,0.0,3309
26588,HIV,,,0.0,8962
26589,HIV,,,0.0,3309
26590,HIV,,,0.0,3309
26591,HIV,,,0.0,9447
26592,HIV,,,0.0,8341
26593,HIV,,,0.0,8341
26594,HIV,,,0.0,8341
26595,HIV,,,0.0,9448
26596,HIV,,,0.0,5363
26597,HIV,,,0.0,5363
26598,HIV,,,0.0,1075
26599,HIV,,,0.0,5363
26600,HIV,,,0.0,9449
26601,HIV,,,0.0,9450
26602,HIV,,,0.0,9451
26603,HIV,,,0.0,5501
26604,HIV,,,0.0,2659
26605,HIV,,,0.0,11284
26606,HIV,,,0.0,8710
26607,HIV,,,0.0,8710
26608,HIV,,,1.0,9452
26609,HIV,,,0.0,9452
26610,HIV,,,0.0,9453
26611,HIV,,,0.0,9453
26612,HIV,,,0.0,9454
26613,HIV,,,0.0,9455
26614,HIV,,,0.0,9455
26615,HIV,,,0.0,9456
26616,HIV,,,0.0,7356
26617,HIV,,,0.0,9457
26618,HIV,,,0.0,2546
26619,HIV,,,0.0,9328
26620,HIV,,,0.0,9328
26621,HIV,,,0.0,9328
26622,HIV,,,0.0,9458
26623,HIV,,,0.0,9459
26624,HIV,,,0.0,9459
26625,HIV,,,0.0,9460
26626,HIV,,,0.0,8348
26627,HIV,,,0.0,5165
26628,HIV,,,0.0,9461
26629,HIV,,,0.0,9461
26630,HIV,,,0.0,9461
26631,HIV,,,0.0,5747
26632,HIV,,,0.0,8387
26633,HIV,,,0.0,8387
26634,HIV,,,0.0,7576
26635,HIV,,,0.0,9462
26636,HIV,,,0.0,9463
26637,HIV,,,0.0,9464
26638,HIV,,,0.0,9465
26639,HIV,,,0.0,9468
26640,HIV,,,0.0,9685
26641,HIV,,,0.0,9466
26642,HIV,,,0.0,9688
26643,HIV,,,0.0,9467
26644,HIV,,,0.0,9468
26645,HIV,,,0.0,9469
26646,HIV,,,0.0,9470
26647,HIV,,,0.0,9471
26648,HIV,,,0.0,3279
26649,HIV,,,0.0,9472
26650,HIV,,,0.0,9473
26651,HIV,,,0.0,8903
26652,HIV,,,0.0,8272
26653,HIV,,,0.0,2546
26654,HIV,,,0.0,2546
26655,HIV,,,0.0,2546
26656,HIV,,,0.0,2546
26657,HIV,,,0.0,2546
26658,HIV,,,0.0,2546
26659,HIV,,,0.0,2546
26660,HIV,,,0.0,2546
26661,HIV,,,0.0,9474
26662,HIV,,,0.0,14106
26663,HIV,,,0.0,45
26664,HIV,,,0.0,9156
26665,HIV,,,0.0,9475
26666,HIV,,,0.0,9476
26667,HIV,,,1.0,9477
26668,HIV,,,0.0,9478
26669,HIV,,,0.0,10400
26670,HIV,,,1.0,9479
26671,HIV,,,0.0,9479
26672,HIV,,,0.0,9479
26673,HIV,,,0.0,9479
26674,HIV,,,0.0,9479
26675,HIV,,,0.0,9479
26676,HIV,,,0.0,9480
26677,HIV,,,0.0,5363
26678,HIV,,,0.0,5363
26679,HIV,,,0.0,5363
26680,HIV,,,0.0,5363
26681,HIV,,,0.0,5363
26682,HIV,,,0.0,9481
26683,HIV,,,0.0,9481
26684,HIV,,,0.0,9482
26685,HIV,,,0.0,9482
26686,HIV,,,0.0,9483
26687,HIV,,,0.0,9483
26688,HIV,,,0.0,9483
26689,HIV,,,0.0,9484
26690,HIV,,,1.0,9485
26691,HIV,,,0.0,9486
26692,HIV,,,0.0,9487
26693,HIV,,,0.0,7289
26694,HIV,,,1.0,9488
26695,HIV,,,0.0,9489
26696,HIV,,,0.0,9490
26697,HIV,,,0.0,9491
26698,HIV,,,0.0,8132
26699,HIV,,,0.0,9492
26700,HIV,,,0.0,9493
26701,HIV,,,0.0,9494
26702,HIV,,,0.0,9495
26703,HIV,,,0.0,9496
26704,HIV,,,0.0,9497
26705,HIV,,,0.0,10794
26706,HIV,,,0.0,9831
26707,HIV,,,0.0,9831
26708,HIV,,,0.0,9831
26709,HIV,,,0.0,9831
26710,HIV,,,0.0,9831
26711,HIV,,,0.0,9831
26712,HIV,,,0.0,9831
26713,HIV,,,0.0,9831
26714,HIV,,,0.0,9831
26715,HIV,,,0.0,9831
26716,HIV,,,0.0,6093
26717,HIV,,,0.0,6093
26718,HIV,,,0.0,6093
26719,HIV,,,0.0,6093
26720,HIV,,,0.0,6093
26721,HIV,,,0.0,6093
26722,HIV,,,0.0,5891
26723,HIV,,,0.0,9831
26724,HIV,,,0.0,9831
26725,HIV,,,0.0,9831
26726,HIV,,,0.0,9831
26727,HIV,,,1.0,434
26728,HIV,,,1.0,434
26729,HIV,,,0.0,3021
26730,HIV,,,0.0,335
26731,HIV,,,0.0,335
26732,HIV,,,0.0,335
26733,HIV,,,0.0,9498
26734,HIV,,,0.0,9499
26735,HIV,,,0.0,2473
26736,HIV,,,0.0,9500
26737,HIV,,,1.0,9501
26738,HIV,,,0.0,9502
26739,HIV,,,0.0,9503
26740,HIV,,,0.0,9504
26741,HIV,,,0.0,9504
26742,HIV,,,0.0,9504
26743,HIV,,,0.0,9505
26744,HIV,,,0.0,9505
26745,HIV,,,0.0,9506
26746,HIV,,,0.0,9508
26747,HIV,,,0.0,9507
26748,HIV,,,0.0,9507
26749,HIV,,,0.0,9510
26750,HIV,,,0.0,9508
26751,HIV,,,0.0,9508
26752,HIV,,,0.0,9509
26753,HIV,,,0.0,9507
26754,HIV,,,0.0,9510
26755,HIV,,,0.0,9511
26756,HIV,,,0.0,9510
26757,HIV,,,0.0,9510
26758,HIV,,,0.0,9512
26759,HIV,,,0.0,9513
26760,HIV,,,0.0,11913
26761,HIV,,,0.0,11913
26762,HIV,,,0.0,9514
26763,HIV,,,0.0,9514
26764,HIV,,,0.0,2546
26765,HIV,,,0.0,2546
26766,HIV,,,0.0,2546
26767,HIV,,,0.0,2546
26768,HIV,,,0.0,2546
26769,HIV,,,0.0,2546
26770,HIV,,,0.0,2546
26771,HIV,,,0.0,11913
26772,HIV,,,0.0,11913
26773,HIV,,,0.0,9515
26774,HIV,,,0.0,9515
26775,HIV,,,0.0,9516
26776,HIV,,,0.0,9516
26777,HIV,,,0.0,9516
26778,HIV,,,0.0,9516
26779,HIV,,,0.0,9516
26780,HIV,,,0.0,10138
26781,HIV,,,0.0,10138
26782,HIV,,,0.0,10138
26783,HIV,,,0.0,9517
26784,HIV,,,0.0,9518
26785,HIV,,,0.0,9519
26786,HIV,,,1.0,434
26787,HIV,,,0.0,1280
26788,HIV,,,0.0,14106
26789,HIV,,,0.0,10390
26790,HIV,,,0.0,7591
26791,HIV,,,0.0,7591
26792,HIV,,,0.0,7591
26793,HIV,,,0.0,7591
26794,HIV,,,0.0,7591
26795,HIV,,,0.0,8710
26796,HIV,,,1.0,8710
26797,HIV,,,0.0,10279
26798,HIV,,,0.0,9520
26799,HIV,,,0.0,2473
26800,HIV,,,0.0,9521
26801,HIV,,,0.0,5597
26802,HIV,,,0.0,9522
26803,HIV,,,0.0,441
26804,HIV,,,0.0,9523
26805,HIV,,,0.0,9524
26806,HIV,,,0.0,9524
26807,HIV,,,0.0,2546
26808,HIV,,,0.0,2546
26809,HIV,,,0.0,9525
26810,HIV,,,0.0,9526
26811,HIV,,,0.0,5597
26812,HIV,,,0.0,9527
26813,HIV,,,0.0,9528
26814,HIV,,,0.0,2546
26815,HIV,,,0.0,2546
26816,HIV,,,0.0,7159
26817,HIV,,,1.0,434
26818,HIV,,,1.0,434
26819,HIV,,,0.0,9529
26820,HIV,,,0.0,10705
26821,HIV,,,0.0,6801
26822,HIV,,,0.0,6801
26823,HIV,,,0.0,6801
26824,HIV,,,0.0,9530
26825,HIV,,,0.0,9531
26826,HIV,,,0.0,2473
26827,HIV,,,0.0,1729
26828,HIV,,,1.0,6918
26829,HIV,,,1.0,6918
26830,HIV,,,0.0,1016
26831,HIV,,,0.0,335
26832,HIV,,,0.0,9532
26833,HIV,,,0.0,7337
26834,HIV,,,0.0,7337
26835,HIV,,,0.0,9533
26836,HIV,,,0.0,9533
26837,HIV,,,0.0,9533
26838,HIV,,,0.0,9534
26839,HIV,,,0.0,5165
26840,HIV,,,0.0,9535
26841,HIV,,,0.0,9536
26842,HIV,,,0.0,9538
26843,HIV,,,0.0,9538
26844,HIV,,,0.0,9537
26845,HIV,,,0.0,9538
26846,HIV,,,0.0,9538
26847,HIV,,,0.0,9539
26848,HIV,,,0.0,9539
26849,HIV,,,0.0,9540
26850,HIV,,,0.0,9540
26851,HIV,,,0.0,9541
26852,HIV,,,0.0,12273
26853,HIV,,,0.0,12273
26854,HIV,,,0.0,12273
26855,HIV,,,0.0,2546
26856,HIV,,,0.0,5718
26857,HIV,,,0.0,5718
26858,HIV,,,0.0,5718
26859,HIV,,,0.0,9542
26860,HIV,,,0.0,5165
26861,HIV,,,1.0,434
26862,HIV,,,0.0,434
26863,HIV,,,0.0,9614
26864,HIV,,,0.0,9543
26865,HIV,,,0.0,7591
26866,HIV,,,0.0,7591
26867,HIV,,,0.0,12533
26868,HIV,,,0.0,9544
26869,HIV,,,0.0,12533
26870,HIV,,,0.0,12533
26871,HIV,,,0.0,6801
26872,HIV,,,0.0,12533
26873,HIV,,,0.0,12533
26874,HIV,,,0.0,12533
26875,HIV,,,0.0,9545
26876,HIV,,,0.0,12533
26877,HIV,,,0.0,12533
26878,HIV,,,0.0,6801
26879,HIV,,,0.0,6801
26880,HIV,,,0.0,6801
26881,HIV,,,0.0,6801
26882,HIV,,,0.0,6801
26883,HIV,,,0.0,9546
26884,HIV,,,0.0,5
26885,HIV,,,0.0,9546
26886,HIV,,,0.0,9547
26887,HIV,,,0.0,5363
26888,HIV,,,0.0,5363
26889,HIV,,,0.0,5363
26890,HIV,,,0.0,5760
26891,HIV,,,0.0,5363
26892,HIV,,,0.0,5363
26893,HIV,,,0.0,5363
26894,HIV,,,0.0,5363
26895,HIV,,,0.0,9548
26896,HIV,,,0.0,9548
26897,HIV,,,0.0,6801
26898,HIV,,,0.0,9597
26899,HIV,,,0.0,9549
26900,HIV,,,1.0,10409
26901,HIV,,,1.0,9550
26902,HIV,,,0.0,9551
26903,HIV,,,0.0,9552
26904,HIV,,,0.0,9553
26905,HIV,,,1.0,9554
26906,HIV,,,0.0,8226
26907,HIV,,,0.0,8226
26908,HIV,,,0.0,5992
26909,HIV,,,0.0,9555
26910,HIV,,,0.0,8226
26911,HIV,,,0.0,9556
26912,HIV,,,0.0,9557
26913,HIV,,,0.0,9558
26914,HIV,,,0.0,5992
26915,HIV,,,0.0,9559
26916,HIV,,,0.0,5992
26917,HIV,,,0.0,5992
26918,HIV,,,0.0,9560
26919,HIV,,,0.0,9561
26920,HIV,,,1.0,9562
26921,HIV,,,0.0,9563
26922,HIV,,,0.0,5992
26923,HIV,,,0.0,9564
26924,HIV,,,0.0,9565
26925,HIV,,,0.0,8226
26926,HIV,,,0.0,13419
26927,HIV,,,0.0,13419
26928,HIV,,,0.0,13419
26929,HIV,,,0.0,9566
26930,HIV,,,0.0,1729
26931,HIV,,,0.0,4868
26932,HIV,,,0.0,4868
26933,HIV,,,0.0,14106
26934,HIV,,,1.0,6918
26935,HIV,,,1.0,6918
26936,HIV,,,1.0,6918
26937,HIV,,,0.0,9567
26938,HIV,,,0.0,9567
26939,HIV,,,0.0,9568
26940,HIV,,,0.0,9569
26941,HIV,,,0.0,9570
26942,HIV,,,0.0,9571
26943,HIV,,,0.0,9572
26944,HIV,,,0.0,1699
26945,HIV,,,0.0,9573
26946,HIV,,,0.0,9574
26947,HIV,,,0.0,9449
26948,HIV,,,0.0,9449
26949,HIV,,,0.0,9449
26950,HIV,,,0.0,9449
26951,HIV,,,0.0,9575
26952,HIV,,,0.0,9576
26953,HIV,,,0.0,9577
26954,HIV,,,0.0,9578
26955,HIV,,,0.0,2095
26956,HIV,,,0.0,2095
26957,HIV,,,0.0,2095
26958,HIV,,,0.0,8959
26959,HIV,,,0.0,9579
26960,HIV,,,0.0,8959
26961,HIV,,,0.0,434
26962,HIV,,,0.0,9580
26963,HIV,,,0.0,9581
26964,HIV,,,0.0,9582
26965,HIV,,,0.0,9583
26966,HIV,,,0.0,9584
26967,HIV,,,0.0,6752
26968,HIV,,,0.0,9585
26969,HIV,,,0.0,9586
26970,HIV,,,0.0,8959
26971,HIV,,,0.0,8959
26972,HIV,,,0.0,8959
26973,HIV,,,0.0,10633
26974,HIV,,,0.0,8959
26975,HIV,,,0.0,9587
26976,HIV,,,1.0,14017
26977,HIV,,,1.0,14017
26978,HIV,,,1.0,9588
26979,HIV,,,1.0,9588
26980,HIV,,,1.0,6918
26981,HIV,,,0.0,9589
26982,HIV,,,0.0,9590
26983,HIV,,,0.0,9591
26984,HIV,,,0.0,9377
26985,HIV,,,0.0,9377
26986,HIV,,,0.0,9592
26987,HIV,,,0.0,9153
26988,HIV,,,0.0,11231
26989,HIV,,,0.0,3689
26990,HIV,,,0.0,9593
26991,HIV,,,0.0,9594
26992,HIV,,,0.0,9595
26993,HIV,,,0.0,9595
26994,HIV,,,0.0,11170
26995,HIV,,,0.0,9596
26996,HIV,,,0.0,9597
26997,HIV,,,0.0,9598
26998,HIV,,,0.0,8219
26999,HIV,,,0.0,9599
27000,HIV,,,0.0,9600
27001,HIV,,,0.0,8220
27002,HIV,,,0.0,9601
27003,HIV,,,1.0,9602
27004,HIV,,,0.0,9603
27005,HIV,,,0.0,8234
27006,HIV,,,0.0,4761
27007,HIV,,,0.0,9604
27008,HIV,,,0.0,6801
27009,HIV,,,0.0,8226
27010,HIV,,,0.0,9605
27011,HIV,,,0.0,9606
27012,HIV,,,0.0,8226
27013,HIV,,,0.0,8226
27014,HIV,,,0.0,8226
27015,HIV,,,0.0,9607
27016,HIV,,,0.0,9608
27017,HIV,,,0.0,9609
27018,HIV,,,0.0,8225
27019,HIV,,,0.0,9610
27020,HIV,,,0.0,9611
27021,HIV,,,0.0,9612
27022,HIV,,,0.0,9613
27023,HIV,,,0.0,9614
27024,HIV,,,0.0,10924
27025,HIV,,,1.0,6918
27026,HIV,,,1.0,6918
27027,HIV,,,1.0,6918
27028,HIV,,,1.0,1016
27029,HIV,,,0.0,9615
27030,HIV,,,0.0,9616
27031,HIV,,,0.0,9617
27032,HIV,,,0.0,1444
27033,HIV,,,0.0,217
27034,HIV,,,0.0,1444
27035,HIV,,,0.0,9618
27036,HIV,,,0.0,9619
27037,HIV,,,0.0,1444
27038,HIV,,,0.0,9319
27039,HIV,,,0.0,9176
27040,HIV,,,0.0,6906
27041,HIV,,,0.0,9620
27042,HIV,,,0.0,5363
27043,HIV,,,0.0,9621
27044,HIV,,,0.0,9223
27045,HIV,,,0.0,9622
27046,HIV,,,0.0,1543
27047,HIV,,,0.0,12145
27048,HIV,,,0.0,9623
27049,HIV,,,1.0,9624
27050,HIV,,,0.0,9625
27051,HIV,,,0.0,9626
27052,HIV,,,0.0,2546
27053,HIV,,,0.0,9627
27054,HIV,,,0.0,9628
27055,HIV,,,0.0,9629
27056,HIV,,,0.0,9627
27057,HIV,,,0.0,9630
27058,HIV,,,0.0,9631
27059,HIV,,,0.0,5597
27060,HIV,,,0.0,9632
27061,HIV,,,0.0,9633
27062,HIV,,,0.0,9633
27063,HIV,,,0.0,8392
27064,HIV,,,0.0,9634
27065,HIV,,,0.0,9634
27066,HIV,,,0.0,9635
27067,HIV,,,0.0,9636
27068,HIV,,,0.0,9637
27069,HIV,,,0.0,9638
27070,HIV,,,0.0,8341
27071,HIV,,,0.0,5358
27072,HIV,,,0.0,8341
27073,HIV,,,0.0,8341
27074,HIV,,,0.0,8341
27075,HIV,,,0.0,8341
27076,HIV,,,0.0,8341
27077,HIV,,,0.0,8341
27078,HIV,,,0.0,8341
27079,HIV,,,0.0,8341
27080,HIV,,,0.0,9639
27081,HIV,,,0.0,9640
27082,HIV,,,0.0,9641
27083,HIV,,,0.0,10444
27084,HIV,,,0.0,3309
27085,HIV,,,0.0,2546
27086,HIV,,,0.0,5358
27087,HIV,,,0.0,9642
27088,HIV,,,0.0,9642
27089,HIV,,,0.0,9643
27090,HIV,,,0.0,9644
27091,HIV,,,0.0,13254
27092,HIV,,,0.0,9645
27093,HIV,,,0.0,9645
27094,HIV,,,0.0,9646
27095,HIV,,,0.0,6874
27096,HIV,,,0.0,9649
27097,HIV,,,0.0,9647
27098,HIV,,,0.0,6874
27099,HIV,,,0.0,9652
27100,HIV,,,0.0,9648
27101,HIV,,,0.0,9649
27102,HIV,,,0.0,9650
27103,HIV,,,0.0,9651
27104,HIV,,,0.0,9652
27105,HIV,,,0.0,9653
27106,HIV,,,0.0,9654
27107,HIV,,,0.0,9654
27108,HIV,,,0.0,9654
27109,HIV,,,0.0,9654
27110,HIV,,,0.0,9655
27111,HIV,,,0.0,7337
27112,HIV,,,0.0,9655
27113,HIV,,,0.0,9655
27114,HIV,,,0.0,9655
27115,HIV,,,0.0,3355
27116,HIV,,,0.0,9656
27117,HIV,,,0.0,12243
27118,HIV,,,0.0,36
27119,HIV,,,0.0,9657
27120,HIV,,,1.0,9658
27121,HIV,,,0.0,9660
27122,HIV,,,0.0,9659
27123,HIV,,,0.0,9660
27124,HIV,,,0.0,8069
27125,HIV,,,0.0,13215
27126,HIV,,,0.0,9661
27127,HIV,,,0.0,9662
27128,HIV,,,1.0,434
27129,HIV,,,0.0,441
27130,HIV,,,0.0,8710
27131,HIV,,,0.0,9512
27132,HIV,,,0.0,9663
27133,HIV,,,0.0,9512
27134,HIV,,,0.0,9512
27135,HIV,,,0.0,9664
27136,HIV,,,0.0,9512
27137,HIV,,,0.0,9512
27138,HIV,,,0.0,9512
27139,HIV,,,0.0,9665
27140,HIV,,,0.0,10027
27141,HIV,,,0.0,9667
27142,HIV,,,0.0,9666
27143,HIV,,,0.0,9667
27144,HIV,,,0.0,9512
27145,HIV,,,0.0,9668
27146,HIV,,,0.0,9668
27147,HIV,,,0.0,9669
27148,HIV,,,0.0,1344
27149,HIV,,,0.0,1344
27150,HIV,,,0.0,1344
27151,HIV,,,0.0,9671
27152,HIV,,,0.0,9670
27153,HIV,,,0.0,9671
27154,HIV,,,0.0,9671
27155,HIV,,,0.0,9672
27156,HIV,,,0.0,9673
27157,HIV,,,0.0,1344
27158,HIV,,,0.0,2496
27159,HIV,,,0.0,9674
27160,HIV,,,0.0,9675
27161,HIV,,,0.0,9674
27162,HIV,,,0.0,3309
27163,HIV,,,0.0,3309
27164,HIV,,,0.0,3309
27165,HIV,,,0.0,9676
27166,HIV,,,0.0,3309
27167,HIV,,,0.0,3309
27168,HIV,,,0.0,9677
27169,HIV,,,0.0,9678
27170,HIV,,,0.0,5363
27171,HIV,,,0.0,13348
27172,HIV,,,0.0,9679
27173,HIV,,,0.0,9679
27174,HIV,,,0.0,9679
27175,HIV,,,0.0,9679
27176,HIV,,,0.0,9679
27177,HIV,,,0.0,9679
27178,HIV,,,0.0,7673
27179,HIV,,,0.0,7673
27180,HIV,,,0.0,7673
27181,HIV,,,0.0,9680
27182,HIV,,,0.0,9681
27183,HIV,,,0.0,9682
27184,HIV,,,0.0,9468
27185,HIV,,,0.0,9683
27186,HIV,,,0.0,9689
27187,HIV,,,0.0,9699
27188,HIV,,,0.0,9684
27189,HIV,,,0.0,9685
27190,HIV,,,0.0,9686
27191,HIV,,,0.0,9687
27192,HIV,,,0.0,9688
27193,HIV,,,0.0,9689
27194,HIV,,,0.0,9690
27195,HIV,,,0.0,10583
27196,HIV,,,0.0,10400
27197,HIV,,,0.0,9690
27198,HIV,,,0.0,9691
27199,HIV,,,0.0,9692
27200,HIV,,,0.0,9693
27201,HIV,,,0.0,9694
27202,HIV,,,0.0,9695
27203,HIV,,,0.0,9696
27204,HIV,,,0.0,9468
27205,HIV,,,0.0,9468
27206,HIV,,,0.0,9697
27207,HIV,,,0.0,9698
27208,HIV,,,0.0,9699
27209,HIV,,,0.0,9685
27210,HIV,,,0.0,9700
27211,HIV,,,0.0,9701
27212,HIV,,,0.0,5424
27213,HIV,,,0.0,9702
27214,HIV,,,0.0,9703
27215,HIV,,,0.0,9704
27216,HIV,,,0.0,9704
27217,HIV,,,0.0,9717
27218,HIV,,,0.0,9705
27219,HIV,,,0.0,9706
27220,HIV,,,0.0,9707
27221,HIV,,,0.0,9708
27222,HIV,,,0.0,9709
27223,HIV,,,0.0,9710
27224,HIV,,,0.0,10390
27225,HIV,,,0.0,10390
27226,HIV,,,0.0,9711
27227,HIV,,,0.0,9712
27228,HIV,,,0.0,9715
27229,HIV,,,0.0,9713
27230,HIV,,,0.0,9714
27231,HIV,,,0.0,9715
27232,HIV,,,0.0,9716
27233,HIV,,,0.0,9717
27234,HIV,,,0.0,9718
27235,HIV,,,0.0,10390
27236,HIV,,,0.0,9719
27237,HIV,,,0.0,9720
27238,HIV,,,0.0,7337
27239,HIV,,,0.0,9721
27240,HIV,,,0.0,1729
27241,HIV,,,0.0,9723
27242,HIV,,,0.0,7337
27243,HIV,,,0.0,7337
27244,HIV,,,0.0,5363
27245,HIV,,,0.0,9722
27246,HIV,,,0.0,9723
27247,HIV,,,0.0,9724
27248,HIV,,,0.0,1016
27249,HIV,,,0.0,13788
27250,HIV,,,0.0,9725
27251,HIV,,,0.0,9726
27252,HIV,,,0.0,7337
27253,HIV,,,0.0,7337
27254,HIV,,,0.0,9727
27255,HIV,,,0.0,9728
27256,HIV,,,0.0,9729
27257,HIV,,,0.0,10862
27258,HIV,,,0.0,10862
27259,HIV,,,0.0,10862
27260,HIV,,,0.0,9730
27261,HIV,,,0.0,10862
27262,HIV,,,0.0,9731
27263,HIV,,,0.0,9732
27264,HIV,,,0.0,10862
27265,HIV,,,0.0,9758
27266,HIV,,,0.0,9254
27267,HIV,,,0.0,9733
27268,HIV,,,0.0,10862
27269,HIV,,,0.0,9734
27270,HIV,,,0.0,9735
27271,HIV,,,1.0,9736
27272,HIV,,,0.0,9787
27273,HIV,,,0.0,9787
27274,HIV,,,0.0,9737
27275,HIV,,,0.0,9738
27276,HIV,,,0.0,9739
27277,HIV,,,0.0,9740
27278,HIV,,,0.0,6801
27279,HIV,,,0.0,9741
27280,HIV,,,0.0,9742
27281,HIV,,,0.0,9743
27282,HIV,,,0.0,9744
27283,HIV,,,0.0,9745
27284,HIV,,,0.0,9746
27285,HIV,,,0.0,9747
27286,HIV,,,0.0,9748
27287,HIV,,,0.0,9749
27288,HIV,,,0.0,9750
27289,HIV,,,0.0,7411
27290,HIV,,,0.0,3279
27291,HIV,,,0.0,9751
27292,HIV,,,0.0,12590
27293,HIV,,,0.0,2546
27294,HIV,,,0.0,5363
27295,HIV,,,0.0,5363
27296,HIV,,,0.0,9752
27297,HIV,,,0.0,9753
27298,HIV,,,0.0,9754
27299,HIV,,,0.0,9754
27300,HIV,,,0.0,8272
27301,HIV,,,0.0,8272
27302,HIV,,,0.0,5992
27303,HIV,,,0.0,764
27304,HIV,,,0.0,764
27305,HIV,,,0.0,1016
27306,HIV,,,0.0,1016
27307,HIV,,,0.0,9755
27308,HIV,,,0.0,9755
27309,HIV,,,0.0,14106
27310,HIV,,,0.0,14106
27311,HIV,,,0.0,14106
27312,HIV,,,0.0,9756
27313,HIV,,,0.0,9756
27314,HIV,,,0.0,9756
27315,HIV,,,0.0,9757
27316,HIV,,,0.0,9820
27317,HIV,,,0.0,10862
27318,HIV,,,0.0,9758
27319,HIV,,,1.0,9759
27320,HIV,,,0.0,9261
27321,HIV,,,0.0,9242
27322,HIV,,,0.0,10862
27323,HIV,,,0.0,10862
27324,HIV,,,0.0,10862
27325,HIV,,,0.0,9760
27326,HIV,,,0.0,10862
27327,HIV,,,0.0,10862
27328,HIV,,,0.0,9761
27329,HIV,,,0.0,9761
27330,HIV,,,0.0,9758
27331,HIV,,,0.0,12249
27332,HIV,,,0.0,9762
27333,HIV,,,0.0,9801
27334,HIV,,,0.0,9763
27335,HIV,,,0.0,9764
27336,HIV,,,0.0,9765
27337,HIV,,,0.0,9766
27338,HIV,,,1.0,6918
27339,HIV,,,1.0,6918
27340,HIV,,,1.0,6918
27341,HIV,,,0.0,1016
27342,HIV,,,0.0,9767
27343,HIV,,,0.0,3309
27344,HIV,,,0.0,3309
27345,HIV,,,0.0,3309
27346,HIV,,,0.0,9768
27347,HIV,,,0.0,434
27348,HIV,,,0.0,13539
27349,HIV,,,0.0,9769
27350,HIV,,,0.0,9770
27351,HIV,,,0.0,8686
27352,HIV,,,0.0,11406
27353,HIV,,,0.0,9621
27354,HIV,,,0.0,9771
27355,HIV,,,0.0,9249
27356,HIV,,,0.0,8686
27357,HIV,,,0.0,9772
27358,HIV,,,0.0,10746
27359,HIV,,,0.0,10862
27360,HIV,,,0.0,10862
27361,HIV,,,0.0,9773
27362,HIV,,,0.0,9774
27363,HIV,,,0.0,9775
27364,HIV,,,0.0,9776
27365,HIV,,,0.0,1016
27366,HIV,,,0.0,11117
27367,HIV,,,0.0,9777
27368,HIV,,,0.0,10862
27369,HIV,,,0.0,9778
27370,HIV,,,0.0,10862
27371,HIV,,,0.0,9758
27372,HIV,,,0.0,10862
27373,HIV,,,0.0,10862
27374,HIV,,,0.0,9779
27375,HIV,,,0.0,9780
27376,HIV,,,0.0,9781
27377,HIV,,,0.0,9782
27378,HIV,,,0.0,2546
27379,HIV,,,0.0,9783
27380,HIV,,,0.0,9784
27381,HIV,,,0.0,2546
27382,HIV,,,0.0,5718
27383,HIV,,,0.0,9785
27384,HIV,,,0.0,9786
27385,HIV,,,0.0,5718
27386,HIV,,,0.0,9763
27387,HIV,,,0.0,10862
27388,HIV,,,0.0,9762
27389,HIV,,,0.0,9758
27390,HIV,,,0.0,9758
27391,HIV,,,0.0,9763
27392,HIV,,,0.0,9787
27393,HIV,,,0.0,9788
27394,HIV,,,0.0,9789
27395,HIV,,,0.0,9762
27396,HIV,,,0.0,9790
27397,HIV,,,0.0,9789
27398,HIV,,,0.0,10862
27399,HIV,,,0.0,10862
27400,HIV,,,0.0,10862
27401,HIV,,,0.0,9762
27402,HIV,,,0.0,9790
27403,HIV,,,0.0,9791
27404,HIV,,,0.0,9792
27405,HIV,,,0.0,9793
27406,HIV,,,0.0,9794
27407,HIV,,,0.0,9795
27408,HIV,,,0.0,9820
27409,HIV,,,0.0,10862
27410,HIV,,,0.0,10862
27411,HIV,,,0.0,10862
27412,HIV,,,0.0,9795
27413,HIV,,,0.0,2232
27414,HIV,,,0.0,2232
27415,HIV,,,1.0,1016
27416,HIV,,,0.0,9762
27417,HIV,,,0.0,9758
27418,HIV,,,0.0,9796
27419,HIV,,,0.0,10862
27420,HIV,,,0.0,10862
27421,HIV,,,0.0,10862
27422,HIV,,,0.0,10862
27423,HIV,,,0.0,10862
27424,HIV,,,0.0,9797
27425,HIV,,,0.0,10862
27426,HIV,,,0.0,343
27427,HIV,,,0.0,9798
27428,HIV,,,0.0,9799
27429,HIV,,,0.0,98
27430,HIV,,,0.0,5992
27431,HIV,,,0.0,10862
27432,HIV,,,0.0,10862
27433,HIV,,,0.0,9800
27434,HIV,,,0.0,10862
27435,HIV,,,0.0,10862
27436,HIV,,,0.0,9801
27437,HIV,,,0.0,10862
27438,HIV,,,0.0,9802
27439,HIV,,,0.0,9239
27440,HIV,,,0.0,9803
27441,HIV,,,0.0,9804
27442,HIV,,,0.0,10924
27443,HIV,,,0.0,9805
27444,HIV,,,0.0,9806
27445,HIV,,,0.0,1818
27446,HIV,,,0.0,9807
27447,HIV,,,0.0,9808
27448,HIV,,,0.0,9808
27449,HIV,,,0.0,9809
27450,HIV,,,0.0,9809
27451,HIV,,,0.0,9809
27452,HIV,,,0.0,9809
27453,HIV,,,0.0,9810
27454,HIV,,,0.0,9811
27455,HIV,,,0.0,9812
27456,HIV,,,0.0,9813
27457,HIV,,,0.0,9814
27458,HIV,,,0.0,10862
27459,HIV,,,0.0,10862
27460,HIV,,,0.0,10027
27461,HIV,,,0.0,10027
27462,HIV,,,0.0,9815
27463,HIV,,,0.0,9816
27464,HIV,,,0.0,9817
27465,HIV,,,0.0,9818
27466,HIV,,,0.0,9819
27467,HIV,,,0.0,9820
27468,HIV,,,0.0,9821
27469,HIV,,,0.0,9822
27470,HIV,,,0.0,9823
27471,HIV,,,0.0,6801
27472,HIV,,,0.0,9824
27473,HIV,,,0.0,9825
27474,HIV,,,0.0,9826
27475,HIV,,,0.0,9827
27476,HIV,,,0.0,9828
27477,HIV,,,0.0,5111
27478,HIV,,,0.0,9756
27479,HIV,,,0.0,9756
27480,HIV,,,0.0,9756
27481,HIV,,,0.0,9756
27482,HIV,,,0.0,9829
27483,HIV,,,0.0,5424
27484,HIV,,,0.0,5424
27485,HIV,,,0.0,11298
27486,HIV,,,0.0,9830
27487,HIV,,,1.0,11202
27488,HIV,,,0.0,5891
27489,HIV,,,0.0,5891
27490,HIV,,,0.0,9831
27491,HIV,,,0.0,9831
27492,HIV,,,0.0,9831
27493,HIV,,,0.0,9832
27494,HIV,,,0.0,9833
27495,HIV,,,0.0,9834
27496,HIV,,,0.0,9834
27497,HIV,,,0.0,9834
27498,HIV,,,0.0,9834
27499,HIV,,,0.0,9835
27500,HIV,,,0.0,9836
27501,HIV,,,0.0,9836
27502,HIV,,,0.0,9837
27503,HIV,,,0.0,9838
27504,HIV,,,0.0,9839
27505,HIV,,,0.0,9840
27506,HIV,,,0.0,9841
27507,HIV,,,0.0,3309
27508,HIV,,,0.0,9842
27509,HIV,,,0.0,9447
27510,HIV,,,0.0,9843
27511,HIV,,,0.0,9844
27512,HIV,,,0.0,9844
27513,HIV,,,0.0,9845
27514,HIV,,,0.0,9846
27515,HIV,,,0.0,9847
27516,HIV,,,0.0,10123
27517,HIV,,,0.0,10122
27518,HIV,,,0.0,10125
27519,HIV,,,0.0,9376
27520,HIV,,,0.0,9376
27521,HIV,,,0.0,9848
27522,HIV,,,0.0,9848
27523,HIV,,,0.0,9376
27524,HIV,,,0.0,9376
27525,HIV,,,0.0,9849
27526,HIV,,,0.0,9377
27527,HIV,,,0.0,10122
27528,HIV,,,0.0,9850
27529,HIV,,,0.0,5363
27530,HIV,,,0.0,5363
27531,HIV,,,0.0,5363
27532,HIV,,,0.0,5363
27533,HIV,,,0.0,5363
27534,HIV,,,0.0,5363
27535,HIV,,,0.0,7591
27536,HIV,,,1.0,434
27537,HIV,,,1.0,434
27538,HIV,,,0.0,8959
27539,HIV,,,0.0,9851
27540,HIV,,,0.0,3279
27541,HIV,,,0.0,3279
27542,HIV,,,0.0,2546
27543,HIV,,,0.0,12273
27544,HIV,,,0.0,12621
27545,HIV,,,0.0,14106
27546,HIV,,,0.0,9852
27547,HIV,,,0.0,9852
27548,HIV,,,0.0,9852
27549,HIV,,,0.0,9852
27550,HIV,,,0.0,12273
27551,HIV,,,0.0,11406
27552,HIV,,,0.0,5718
27553,HIV,,,0.0,10746
27554,HIV,,,0.0,5165
27555,HIV,,,0.0,5165
27556,HIV,,,0.0,5165
27557,HIV,,,0.0,5165
27558,HIV,,,0.0,9853
27559,HIV,,,0.0,5718
27560,HIV,,,0.0,8959
27561,HIV,,,0.0,9854
27562,HIV,,,0.0,9855
27563,HIV,,,0.0,9856
27564,HIV,,,0.0,9856
27565,HIV,,,0.0,9856
27566,HIV,,,0.0,9856
27567,HIV,,,0.0,9856
27568,HIV,,,0.0,9856
27569,HIV,,,0.0,9856
27570,HIV,,,0.0,9856
27571,HIV,,,0.0,9856
27572,HIV,,,0.0,9856
27573,HIV,,,1.0,7388
27574,HIV,,,1.0,7388
27575,HIV,,,1.0,434
27576,HIV,,,0.0,9857
27577,HIV,,,0.0,9858
27578,HIV,,,0.0,9858
27579,HIV,,,0.0,9859
27580,HIV,,,0.0,9860
27581,HIV,,,1.0,335
27582,HIV,,,0.0,13261
27583,HIV,,,0.0,335
27584,HIV,,,1.0,335
27585,HIV,,,0.0,335
27586,HIV,,,0.0,335
27587,HIV,,,0.0,335
27588,HIV,,,0.0,9861
27589,HIV,,,0.0,9992
27590,HIV,,,0.0,9864
27591,HIV,,,0.0,9862
27592,HIV,,,0.0,9863
27593,HIV,,,0.0,9864
27594,HIV,,,0.0,9865
27595,HIV,,,0.0,9992
27596,HIV,,,0.0,9866
27597,HIV,,,0.0,9867
27598,HIV,,,0.0,9868
27599,HIV,,,1.0,9869
27600,HIV,,,0.0,10862
27601,HIV,,,0.0,9870
27602,HIV,,,0.0,9871
27603,HIV,,,0.0,9872
27604,HIV,,,0.0,2243
27605,HIV,,,0.0,2243
27606,HIV,,,0.0,9873
27607,HIV,,,0.0,9874
27608,HIV,,,0.0,9875
27609,HIV,,,0.0,9870
27610,HIV,,,0.0,9876
27611,HIV,,,0.0,9820
27612,HIV,,,0.0,809
27613,HIV,,,0.0,9567
27614,HIV,,,0.0,9877
27615,HIV,,,0.0,9878
27616,HIV,,,0.0,9878
27617,HIV,,,0.0,9762
27618,HIV,,,0.0,9879
27619,HIV,,,0.0,9880
27620,HIV,,,0.0,9881
27621,HIV,,,0.0,9881
27622,HIV,,,0.0,9882
27623,HIV,,,0.0,310
27624,HIV,,,0.0,9883
27625,HIV,,,0.0,9883
27626,HIV,,,0.0,9884
27627,HIV,,,0.0,10027
27628,HIV,,,0.0,9885
27629,HIV,,,0.0,3254
27630,HIV,,,0.0,9886
27631,HIV,,,0.0,5597
27632,HIV,,,0.0,12145
27633,HIV,,,0.0,9887
27634,HIV,,,0.0,9888
27635,HIV,,,0.0,9889
27636,HIV,,,0.0,9512
27637,HIV,,,0.0,3998
27638,HIV,,,0.0,9890
27639,HIV,,,0.0,9891
27640,HIV,,,0.0,9892
27641,HIV,,,0.0,9893
27642,HIV,,,0.0,9894
27643,HIV,,,0.0,9895
27644,HIV,,,0.0,9895
27645,HIV,,,0.0,9891
27646,HIV,,,0.0,9891
27647,HIV,,,0.0,9896
27648,HIV,,,0.0,9512
27649,HIV,,,0.0,9897
27650,HIV,,,0.0,434
27651,HIV,,,0.0,8544
27652,HIV,,,0.0,9898
27653,HIV,,,1.0,9898
27654,HIV,,,0.0,9898
27655,HIV,,,0.0,9899
27656,HIV,,,0.0,9898
27657,HIV,,,0.0,7611
27658,HIV,,,0.0,9900
27659,HIV,,,0.0,9901
27660,HIV,,,0.0,9908
27661,HIV,,,0.0,9902
27662,HIV,,,0.0,11000
27663,HIV,,,0.0,9908
27664,HIV,,,0.0,9903
27665,HIV,,,0.0,9904
27666,HIV,,,0.0,10997
27667,HIV,,,0.0,10997
27668,HIV,,,0.0,9908
27669,HIV,,,0.0,10997
27670,HIV,,,0.0,10997
27671,HIV,,,0.0,9900
27672,HIV,,,0.0,9900
27673,HIV,,,0.0,9908
27674,HIV,,,0.0,9905
27675,HIV,,,0.0,9906
27676,HIV,,,0.0,9906
27677,HIV,,,0.0,9907
27678,HIV,,,0.0,9907
27679,HIV,,,0.0,9907
27680,HIV,,,0.0,11003
27681,HIV,,,0.0,9908
27682,HIV,,,0.0,9908
27683,HIV,,,0.0,9908
27684,HIV,,,0.0,9908
27685,HIV,,,0.0,9908
27686,HIV,,,0.0,9908
27687,HIV,,,0.0,11004
27688,HIV,,,0.0,11004
27689,HIV,,,0.0,11493
27690,HIV,,,0.0,11493
27691,HIV,,,0.0,11493
27692,HIV,,,0.0,11493
27693,HIV,,,0.0,9909
27694,HIV,,,0.0,9910
27695,HIV,,,0.0,9911
27696,HIV,,,0.0,9912
27697,HIV,,,0.0,9913
27698,HIV,,,0.0,9914
27699,HIV,,,0.0,9914
27700,HIV,,,0.0,8889
27701,HIV,,,0.0,9915
27702,HIV,,,0.0,9915
27703,HIV,,,0.0,14106
27704,HIV,,,0.0,14106
27705,HIV,,,0.0,9916
27706,HIV,,,0.0,8686
27707,HIV,,,0.0,8686
27708,HIV,,,0.0,7591
27709,HIV,,,0.0,2473
27710,HIV,,,0.0,9917
27711,HIV,,,0.0,9920
27712,HIV,,,0.0,9920
27713,HIV,,,0.0,9921
27714,HIV,,,0.0,9921
27715,HIV,,,1.0,9921
27716,HIV,,,0.0,9921
27717,HIV,,,0.0,9918
27718,HIV,,,0.0,9918
27719,HIV,,,0.0,9921
27720,HIV,,,0.0,9921
27721,HIV,,,0.0,9921
27722,HIV,,,0.0,9919
27723,HIV,,,0.0,9920
27724,HIV,,,0.0,9920
27725,HIV,,,0.0,9921
27726,HIV,,,0.0,9922
27727,HIV,,,0.0,5363
27728,HIV,,,0.0,8272
27729,HIV,,,0.0,9923
27730,HIV,,,1.0,10924
27731,HIV,,,0.0,9924
27732,HIV,,,0.0,10036
27733,HIV,,,0.0,9512
27734,HIV,,,0.0,9925
27735,HIV,,,0.0,9926
27736,HIV,,,0.0,9512
27737,HIV,,,0.0,9512
27738,HIV,,,0.0,7356
27739,HIV,,,0.0,9927
27740,HIV,,,0.0,10036
27741,HIV,,,0.0,2178
27742,HIV,,,0.0,9512
27743,HIV,,,0.0,9928
27744,HIV,,,0.0,1701
27745,HIV,,,0.0,10036
27746,HIV,,,0.0,9929
27747,HIV,,,0.0,9512
27748,HIV,,,0.0,9512
27749,HIV,,,0.0,9512
27750,HIV,,,0.0,9512
27751,HIV,,,0.0,9512
27752,HIV,,,0.0,9512
27753,HIV,,,0.0,1701
27754,HIV,,,0.0,9512
27755,HIV,,,0.0,3998
27756,HIV,,,0.0,1701
27757,HIV,,,0.0,1701
27758,HIV,,,0.0,9930
27759,HIV,,,0.0,1701
27760,HIV,,,0.0,1701
27761,HIV,,,0.0,9512
27762,HIV,,,0.0,1701
27763,HIV,,,0.0,10036
27764,HIV,,,0.0,9512
27765,HIV,,,0.0,9931
27766,HIV,,,0.0,9512
27767,HIV,,,0.0,9512
27768,HIV,,,0.0,9512
27769,HIV,,,0.0,10036
27770,HIV,,,0.0,1701
27771,HIV,,,0.0,10036
27772,HIV,,,0.0,9932
27773,HIV,,,0.0,9933
27774,HIV,,,0.0,9934
27775,HIV,,,0.0,9935
27776,HIV,,,0.0,8392
27777,HIV,,,0.0,9936
27778,HIV,,,0.0,10036
27779,HIV,,,0.0,9937
27780,HIV,,,0.0,9938
27781,HIV,,,0.0,9939
27782,HIV,,,0.0,9512
27783,HIV,,,0.0,9512
27784,HIV,,,0.0,10027
27785,HIV,,,0.0,10027
27786,HIV,,,0.0,9940
27787,HIV,,,0.0,9941
27788,HIV,,,0.0,9942
27789,HIV,,,0.0,9512
27790,HIV,,,0.0,9512
27791,HIV,,,0.0,9945
27792,HIV,,,0.0,9943
27793,HIV,,,0.0,9944
27794,HIV,,,0.0,10027
27795,HIV,,,0.0,10042
27796,HIV,,,0.0,10036
27797,HIV,,,0.0,9945
27798,HIV,,,0.0,9946
27799,HIV,,,1.0,434
27800,HIV,,,0.0,8544
27801,HIV,,,0.0,8959
27802,HIV,,,0.0,8959
27803,HIV,,,0.0,10633
27804,HIV,,,0.0,10633
27805,HIV,,,0.0,10633
27806,HIV,,,0.0,10633
27807,HIV,,,0.0,9947
27808,HIV,,,0.0,9947
27809,HIV,,,1.0,6918
27810,HIV,,,1.0,6918
27811,HIV,,,1.0,6918
27812,HIV,,,0.0,9948
27813,HIV,,,0.0,9949
27814,HIV,,,0.0,9950
27815,HIV,,,0.0,9951
27816,HIV,,,0.0,9952
27817,HIV,,,0.0,12145
27818,HIV,,,0.0,9952
27819,HIV,,,0.0,9953
27820,HIV,,,0.0,9954
27821,HIV,,,0.0,9953
27822,HIV,,,0.0,9952
27823,HIV,,,0.0,12145
27824,HIV,,,0.0,12145
27825,HIV,,,0.0,9952
27826,HIV,,,0.0,8959
27827,HIV,,,0.0,8959
27828,HIV,,,0.0,8959
27829,HIV,,,0.0,8959
27830,HIV,,,0.0,11645
27831,HIV,,,0.0,335
27832,HIV,,,0.0,11645
27833,HIV,,,0.0,10753
27834,HIV,,,0.0,9958
27835,HIV,,,0.0,9955
27836,HIV,,,0.0,9958
27837,HIV,,,0.0,10753
27838,HIV,,,0.0,9957
27839,HIV,,,0.0,9958
27840,HIV,,,0.0,10753
27841,HIV,,,0.0,9958
27842,HIV,,,0.0,9958
27843,HIV,,,0.0,9956
27844,HIV,,,0.0,9957
27845,HIV,,,0.0,10753
27846,HIV,,,0.0,9958
27847,HIV,,,0.0,9958
27848,HIV,,,0.0,10753
27849,HIV,,,0.0,10753
27850,HIV,,,0.0,8959
27851,HIV,,,0.0,10633
27852,HIV,,,0.0,8959
27853,HIV,,,0.0,8959
27854,HIV,,,0.0,8959
27855,HIV,,,0.0,9959
27856,HIV,,,0.0,9960
27857,HIV,,,0.0,9961
27858,HIV,,,0.0,9962
27859,HIV,,,0.0,5566
27860,HIV,,,0.0,5566
27861,HIV,,,0.0,5566
27862,HIV,,,0.0,5566
27863,HIV,,,0.0,5363
27864,HIV,,,0.0,9963
27865,HIV,,,0.0,9964
27866,HIV,,,0.0,9964
27867,HIV,,,0.0,6801
27868,HIV,,,0.0,6801
27869,HIV,,,0.0,6801
27870,HIV,,,1.0,9965
27871,HIV,,,1.0,6801
27872,HIV,,,1.0,6801
27873,HIV,,,0.0,6801
27874,HIV,,,1.0,1339
27875,HIV,,,1.0,441
27876,HIV,,,0.0,441
27877,HIV,,,0.0,441
27878,HIV,,,1.0,1339
27879,HIV,,,1.0,9966
27880,HIV,,,1.0,441
27881,HIV,,,0.0,9967
27882,HIV,,,0.0,9968
27883,HIV,,,0.0,9968
27884,HIV,,,0.0,1957
27885,HIV,,,0.0,1957
27886,HIV,,,0.0,5992
27887,HIV,,,0.0,9969
27888,HIV,,,0.0,9970
27889,HIV,,,0.0,12557
27890,HIV,,,0.0,7591
27891,HIV,,,0.0,9971
27892,HIV,,,0.0,13967
27893,HIV,,,0.0,9972
27894,HIV,,,0.0,9972
27895,HIV,,,0.0,9973
27896,HIV,,,0.0,9974
27897,HIV,,,0.0,10390
27898,HIV,,,0.0,5597
27899,HIV,,,0.0,98
27900,HIV,,,0.0,98
27901,HIV,,,0.0,9975
27902,HIV,,,0.0,5747
27903,HIV,,,0.0,5747
27904,HIV,,,0.0,9328
27905,HIV,,,0.0,5747
27906,HIV,,,0.0,8971
27907,HIV,,,0.0,4110
27908,HIV,,,0.0,9976
27909,HIV,,,0.0,5165
27910,HIV,,,0.0,5165
27911,HIV,,,0.0,9977
27912,HIV,,,0.0,9978
27913,HIV,,,0.0,9979
27914,HIV,,,0.0,9980
27915,HIV,,,0.0,9981
27916,HIV,,,0.0,9982
27917,HIV,,,0.0,9983
27918,HIV,,,0.0,9984
27919,HIV,,,0.0,9985
27920,HIV,,,0.0,9986
27921,HIV,,,0.0,9992
27922,HIV,,,0.0,9987
27923,HIV,,,0.0,9988
27924,HIV,,,0.0,5165
27925,HIV,,,0.0,9989
27926,HIV,,,0.0,9990
27927,HIV,,,0.0,9991
27928,HIV,,,0.0,9992
27929,HIV,,,0.0,9993
27930,HIV,,,0.0,9994
27931,HIV,,,0.0,9995
27932,HIV,,,0.0,9992
27933,HIV,,,0.0,9996
27934,HIV,,,0.0,9997
27935,HIV,,,0.0,9998
27936,HIV,,,0.0,2245
27937,HIV,,,0.0,9935
27938,HIV,,,0.0,10027
27939,HIV,,,0.0,9999
27940,HIV,,,0.0,5597
27941,HIV,,,0.0,10000
27942,HIV,,,0.0,10027
27943,HIV,,,0.0,10027
27944,HIV,,,0.0,2220
27945,HIV,,,0.0,10001
27946,HIV,,,0.0,10027
27947,HIV,,,0.0,6764
27948,HIV,,,0.0,5165
27949,HIV,,,0.0,5165
27950,HIV,,,0.0,5165
27951,HIV,,,0.0,5165
27952,HIV,,,0.0,5165
27953,HIV,,,0.0,10002
27954,HIV,,,0.0,10003
27955,HIV,,,0.0,10004
27956,HIV,,,0.0,10004
27957,HIV,,,0.0,10005
27958,HIV,,,0.0,5363
27959,HIV,,,0.0,10005
27960,HIV,,,0.0,10006
27961,HIV,,,0.0,10007
27962,HIV,,,0.0,10008
27963,HIV,,,0.0,10009
27964,HIV,,,0.0,10010
27965,HIV,,,0.0,10011
27966,HIV,,,0.0,9512
27967,HIV,,,0.0,10012
27968,HIV,,,0.0,10013
27969,HIV,,,0.0,10027
27970,HIV,,,0.0,10014
27971,HIV,,,0.0,10015
27972,HIV,,,0.0,9512
27973,HIV,,,0.0,10016
27974,HIV,,,0.0,10017
27975,HIV,,,0.0,10018
27976,HIV,,,0.0,10019
27977,HIV,,,0.0,10027
27978,HIV,,,0.0,10020
27979,HIV,,,0.0,5597
27980,HIV,,,0.0,9512
27981,HIV,,,0.0,10021
27982,HIV,,,0.0,10027
27983,HIV,,,0.0,10016
27984,HIV,,,0.0,5747
27985,HIV,,,0.0,10022
27986,HIV,,,0.0,10023
27987,HIV,,,0.0,10024
27988,HIV,,,0.0,10027
27989,HIV,,,0.0,10027
27990,HIV,,,0.0,10027
27991,HIV,,,0.0,9512
27992,HIV,,,0.0,9512
27993,HIV,,,0.0,9512
27994,HIV,,,0.0,10027
27995,HIV,,,0.0,10027
27996,HIV,,,0.0,10027
27997,HIV,,,0.0,10027
27998,HIV,,,0.0,10025
27999,HIV,,,0.0,10027
28000,HIV,,,0.0,10027
28001,HIV,,,0.0,9512
28002,HIV,,,0.0,10026
28003,HIV,,,0.0,10027
28004,HIV,,,0.0,10027
28005,HIV,,,0.0,10027
28006,HIV,,,0.0,10027
28007,HIV,,,0.0,10028
28008,HIV,,,0.0,10027
28009,HIV,,,0.0,10029
28010,HIV,,,0.0,10027
28011,HIV,,,0.0,10027
28012,HIV,,,0.0,10027
28013,HIV,,,0.0,10027
28014,HIV,,,0.0,10029
28015,HIV,,,0.0,10027
28016,HIV,,,0.0,10027
28017,HIV,,,0.0,10027
28018,HIV,,,0.0,10030
28019,HIV,,,0.0,10027
28020,HIV,,,0.0,10027
28021,HIV,,,0.0,9512
28022,HIV,,,0.0,10031
28023,HIV,,,0.0,9512
28024,HIV,,,0.0,10032
28025,HIV,,,0.0,10027
28026,HIV,,,0.0,9512
28027,HIV,,,0.0,10027
28028,HIV,,,0.0,9512
28029,HIV,,,0.0,10027
28030,HIV,,,0.0,10027
28031,HIV,,,0.0,10033
28032,HIV,,,0.0,10034
28033,HIV,,,0.0,10018
28034,HIV,,,0.0,10027
28035,HIV,,,0.0,4974
28036,HIV,,,0.0,9945
28037,HIV,,,0.0,10035
28038,HIV,,,0.0,10036
28039,HIV,,,0.0,9512
28040,HIV,,,0.0,10036
28041,HIV,,,0.0,9512
28042,HIV,,,0.0,9512
28043,HIV,,,0.0,9512
28044,HIV,,,0.0,9512
28045,HIV,,,0.0,10037
28046,HIV,,,0.0,9512
28047,HIV,,,0.0,9512
28048,HIV,,,0.0,10038
28049,HIV,,,0.0,7604
28050,HIV,,,0.0,10039
28051,HIV,,,0.0,9512
28052,HIV,,,0.0,10027
28053,HIV,,,0.0,10027
28054,HIV,,,0.0,10027
28055,HIV,,,0.0,9512
28056,HIV,,,0.0,9512
28057,HIV,,,0.0,10040
28058,HIV,,,0.0,10027
28059,HIV,,,0.0,10027
28060,HIV,,,0.0,10027
28061,HIV,,,0.0,10036
28062,HIV,,,0.0,9512
28063,HIV,,,0.0,9512
28064,HIV,,,0.0,9512
28065,HIV,,,0.0,10041
28066,HIV,,,0.0,9512
28067,HIV,,,0.0,9512
28068,HIV,,,0.0,10027
28069,HIV,,,0.0,10042
28070,HIV,,,0.0,9946
28071,HIV,,,0.0,10043
28072,HIV,,,0.0,9512
28073,HIV,,,0.0,10027
28074,HIV,,,0.0,9512
28075,HIV,,,0.0,10044
28076,HIV,,,0.0,10048
28077,HIV,,,0.0,10045
28078,HIV,,,0.0,10027
28079,HIV,,,0.0,10027
28080,HIV,,,0.0,10048
28081,HIV,,,0.0,10046
28082,HIV,,,0.0,10046
28083,HIV,,,0.0,10047
28084,HIV,,,0.0,9512
28085,HIV,,,0.0,2642
28086,HIV,,,0.0,2642
28087,HIV,,,0.0,10027
28088,HIV,,,0.0,9946
28089,HIV,,,0.0,10027
28090,HIV,,,0.0,10048
28091,HIV,,,0.0,10049
28092,HIV,,,0.0,10050
28093,HIV,,,0.0,10051
28094,HIV,,,0.0,10052
28095,HIV,,,0.0,12145
28096,HIV,,,0.0,3279
28097,HIV,,,0.0,3279
28098,HIV,,,0.0,3279
28099,HIV,,,0.0,3279
28100,HIV,,,0.0,10053
28101,HIV,,,0.0,10054
28102,HIV,,,0.0,5363
28103,HIV,,,0.0,10055
28104,HIV,,,0.0,7851
28105,HIV,,,0.0,7851
28106,HIV,,,0.0,5597
28107,HIV,,,0.0,7851
28108,HIV,,,0.0,11850
28109,HIV,,,0.0,10400
28110,HIV,,,0.0,10056
28111,HIV,,,0.0,10056
28112,HIV,,,0.0,10057
28113,HIV,,,0.0,10058
28114,HIV,,,0.0,11358
28115,HIV,,,0.0,98
28116,HIV,,,0.0,98
28117,HIV,,,0.0,98
28118,HIV,,,0.0,98
28119,HIV,,,0.0,98
28120,HIV,,,1.0,10060
28121,HIV,,,0.0,10060
28122,HIV,,,0.0,10060
28123,HIV,,,0.0,10059
28124,HIV,,,0.0,10060
28125,HIV,,,0.0,10060
28126,HIV,,,0.0,10061
28127,HIV,,,0.0,10060
28128,HIV,,,0.0,10060
28129,HIV,,,0.0,10060
28130,HIV,,,0.0,10062
28131,HIV,,,0.0,10062
28132,HIV,,,0.0,10060
28133,HIV,,,1.0,6918
28134,HIV,,,1.0,6918
28135,HIV,,,0.0,1016
28136,HIV,,,0.0,1016
28137,HIV,,,0.0,1016
28138,HIV,,,0.0,1016
28139,HIV,,,0.0,1016
28140,HIV,,,0.0,2800
28141,HIV,,,0.0,10063
28142,HIV,,,0.0,10064
28143,HIV,,,0.0,8903
28144,HIV,,,0.0,10065
28145,HIV,,,0.0,10400
28146,HIV,,,0.0,10400
28147,HIV,,,0.0,10066
28148,HIV,,,1.0,10924
28149,HIV,,,0.0,10067
28150,HIV,,,0.0,10068
28151,HIV,,,0.0,8959
28152,HIV,,,0.0,36
28153,HIV,,,0.0,10633
28154,HIV,,,0.0,7132
28155,HIV,,,0.0,7132
28156,HIV,,,0.0,10069
28157,HIV,,,0.0,10069
28158,HIV,,,0.0,1016
28159,HIV,,,0.0,1016
28160,HIV,,,0.0,1016
28161,HIV,,,0.0,1016
28162,HIV,,,0.0,1016
28163,HIV,,,0.0,12145
28164,HIV,,,0.0,12145
28165,HIV,,,0.0,10070
28166,HIV,,,0.0,8392
28167,HIV,,,0.0,8392
28168,HIV,,,0.0,5363
28169,HIV,,,0.0,10071
28170,HIV,,,0.0,10072
28171,HIV,,,0.0,10073
28172,HIV,,,0.0,11913
28173,HIV,,,0.0,10074
28174,HIV,,,0.0,10075
28175,HIV,,,0.0,10076
28176,HIV,,,0.0,10075
28177,HIV,,,0.0,10075
28178,HIV,,,0.0,10077
28179,HIV,,,0.0,10078
28180,HIV,,,0.0,10079
28181,HIV,,,0.0,10080
28182,HIV,,,0.0,7356
28183,HIV,,,0.0,7356
28184,HIV,,,0.0,7356
28185,HIV,,,0.0,7356
28186,HIV,,,1.0,10081
28187,HIV,,,0.0,10082
28188,HIV,,,0.0,10083
28189,HIV,,,1.0,10084
28190,HIV,,,0.0,10084
28191,HIV,,,0.0,10306
28192,HIV,,,0.0,335
28193,HIV,,,0.0,2546
28194,HIV,,,0.0,10422
28195,HIV,,,0.0,10085
28196,HIV,,,0.0,1016
28197,HIV,,,0.0,10086
28198,HIV,,,0.0,10087
28199,HIV,,,0.0,10088
28200,HIV,,,0.0,10089
28201,HIV,,,0.0,7591
28202,HIV,,,0.0,10090
28203,HIV,,,0.0,10091
28204,HIV,,,0.0,10092
28205,HIV,,,0.0,10093
28206,HIV,,,0.0,10093
28207,HIV,,,0.0,10093
28208,HIV,,,0.0,9485
28209,HIV,,,0.0,10094
28210,HIV,,,0.0,4382
28211,HIV,,,1.0,4382
28212,HIV,,,1.0,4382
28213,HIV,,,0.0,10134
28214,HIV,,,0.0,4382
28215,HIV,,,0.0,10095
28216,HIV,,,0.0,10096
28217,HIV,,,0.0,9508
28218,HIV,,,0.0,10097
28219,HIV,,,0.0,9511
28220,HIV,,,0.0,10098
28221,HIV,,,0.0,10099
28222,HIV,,,0.0,10100
28223,HIV,,,0.0,10101
28224,HIV,,,0.0,10101
28225,HIV,,,0.0,10102
28226,HIV,,,0.0,10102
28227,HIV,,,0.0,10103
28228,HIV,,,0.0,6948
28229,HIV,,,0.0,5747
28230,HIV,,,0.0,10104
28231,HIV,,,0.0,10105
28232,HIV,,,0.0,10106
28233,HIV,,,0.0,10107
28234,HIV,,,0.0,10107
28235,HIV,,,0.0,10107
28236,HIV,,,0.0,5747
28237,HIV,,,0.0,10107
28238,HIV,,,0.0,10108
28239,HIV,,,0.0,10753
28240,HIV,,,0.0,10753
28241,HIV,,,0.0,10753
28242,HIV,,,0.0,10753
28243,HIV,,,0.0,10753
28244,HIV,,,0.0,10753
28245,HIV,,,0.0,10753
28246,HIV,,,0.0,10753
28247,HIV,,,0.0,10753
28248,HIV,,,0.0,10753
28249,HIV,,,0.0,10753
28250,HIV,,,0.0,10753
28251,HIV,,,0.0,10753
28252,HIV,,,0.0,10753
28253,HIV,,,0.0,10753
28254,HIV,,,0.0,10753
28255,HIV,,,0.0,10753
28256,HIV,,,0.0,10753
28257,HIV,,,0.0,10753
28258,HIV,,,0.0,10753
28259,HIV,,,0.0,10109
28260,HIV,,,0.0,10753
28261,HIV,,,0.0,10753
28262,HIV,,,0.0,10753
28263,HIV,,,0.0,10753
28264,HIV,,,0.0,10110
28265,HIV,,,0.0,10753
28266,HIV,,,0.0,8786
28267,HIV,,,0.0,8786
28268,HIV,,,0.0,8786
28269,HIV,,,0.0,8786
28270,HIV,,,0.0,8786
28271,HIV,,,0.0,8786
28272,HIV,,,0.0,10111
28273,HIV,,,0.0,10112
28274,HIV,,,0.0,10112
28275,HIV,,,0.0,6764
28276,HIV,,,0.0,441
28277,HIV,,,0.0,8786
28278,HIV,,,0.0,5165
28279,HIV,,,0.0,5165
28280,HIV,,,0.0,5165
28281,HIV,,,0.0,7337
28282,HIV,,,0.0,10114
28283,HIV,,,0.0,10114
28284,HIV,,,0.0,10114
28285,HIV,,,0.0,10114
28286,HIV,,,0.0,10114
28287,HIV,,,0.0,10114
28288,HIV,,,0.0,10113
28289,HIV,,,0.0,10114
28290,HIV,,,0.0,10114
28291,HIV,,,0.0,10114
28292,HIV,,,0.0,10114
28293,HIV,,,0.0,10114
28294,HIV,,,0.0,10115
28295,HIV,,,0.0,10116
28296,HIV,,,0.0,10117
28297,HIV,,,0.0,8392
28298,HIV,,,0.0,10118
28299,HIV,,,0.0,12955
28300,HIV,,,0.0,10119
28301,HIV,,,0.0,10119
28302,HIV,,,0.0,10119
28303,HIV,,,0.0,10120
28304,HIV,,,0.0,10119
28305,HIV,,,0.0,10121
28306,HIV,,,0.0,10122
28307,HIV,,,0.0,10123
28308,HIV,,,0.0,5363
28309,HIV,,,1.0,5363
28310,HIV,,,0.0,10124
28311,HIV,,,0.0,5363
28312,HIV,,,0.0,5363
28313,HIV,,,0.0,9376
28314,HIV,,,0.0,10125
28315,HIV,,,0.0,10126
28316,HIV,,,0.0,10127
28317,HIV,,,0.0,10128
28318,HIV,,,0.0,10128
28319,HIV,,,0.0,5165
28320,HIV,,,0.0,10129
28321,HIV,,,0.0,5363
28322,HIV,,,0.0,5363
28323,HIV,,,0.0,3309
28324,HIV,,,0.0,11202
28325,HIV,,,0.0,10130
28326,HIV,,,0.0,2546
28327,HIV,,,1.0,9384
28328,HIV,,,0.0,10131
28329,HIV,,,0.0,7611
28330,HIV,,,0.0,949
28331,HIV,,,0.0,7611
28332,HIV,,,1.0,5782
28333,HIV,,,0.0,10132
28334,HIV,,,0.0,10133
28335,HIV,,,0.0,10134
28336,HIV,,,0.0,10134
28337,HIV,,,0.0,10135
28338,HIV,,,0.0,10134
28339,HIV,,,0.0,10136
28340,HIV,,,1.0,10137
28341,HIV,,,0.0,10138
28342,HIV,,,1.0,10138
28343,HIV,,,0.0,10138
28344,HIV,,,0.0,10138
28345,HIV,,,0.0,10138
28346,HIV,,,0.0,10138
28347,HIV,,,0.0,11301
28348,HIV,,,0.0,11301
28349,HIV,,,0.0,11301
28350,HIV,,,0.0,11301
28351,HIV,,,0.0,8686
28352,HIV,,,0.0,7591
28353,HIV,,,0.0,8686
28354,HIV,,,0.0,5363
28355,HIV,,,0.0,5363
28356,HIV,,,0.0,5363
28357,HIV,,,0.0,8686
28358,HIV,,,0.0,5363
28359,HIV,,,0.0,8686
28360,HIV,,,0.0,8686
28361,HIV,,,0.0,8686
28362,HIV,,,0.0,5363
28363,HIV,,,0.0,10139
28364,HIV,,,0.0,13419
28365,HIV,,,0.0,13419
28366,HIV,,,0.0,13419
28367,HIV,,,0.0,13419
28368,HIV,,,0.0,10924
28369,HIV,,,1.0,434
28370,HIV,,,1.0,434
28371,HIV,,,1.0,6892
28372,HIV,,,0.0,10140
28373,HIV,,,0.0,10141
28374,HIV,,,0.0,6016
28375,HIV,,,0.0,11053
28376,HIV,,,0.0,10142
28377,HIV,,,0.0,7611
28378,HIV,,,0.0,10143
28379,HIV,,,0.0,8392
28380,HIV,,,0.0,8392
28381,HIV,,,0.0,10144
28382,HIV,,,0.0,11053
28383,HIV,,,0.0,10145
28384,HIV,,,0.0,10145
28385,HIV,,,0.0,10146
28386,HIV,,,0.0,11950
28387,HIV,,,1.0,10147
28388,HIV,,,0.0,14043
28389,HIV,,,0.0,14043
28390,HIV,,,0.0,10223
28391,HIV,,,0.0,5747
28392,HIV,,,0.0,5747
28393,HIV,,,0.0,10148
28394,HIV,,,0.0,10149
28395,HIV,,,0.0,5747
28396,HIV,,,0.0,5747
28397,HIV,,,0.0,10150
28398,HIV,,,0.0,8392
28399,HIV,,,0.0,10151
28400,HIV,,,0.0,8392
28401,HIV,,,0.0,8392
28402,HIV,,,0.0,10152
28403,HIV,,,0.0,5747
28404,HIV,,,0.0,10153
28405,HIV,,,0.0,10154
28406,HIV,,,0.0,11831
28407,HIV,,,0.0,604
28408,HIV,,,0.0,604
28409,HIV,,,0.0,11053
28410,HIV,,,0.0,12633
28411,HIV,,,0.0,11053
28412,HIV,,,0.0,10155
28413,HIV,,,0.0,604
28414,HIV,,,0.0,604
28415,HIV,,,0.0,7356
28416,HIV,,,0.0,604
28417,HIV,,,0.0,10624
28418,HIV,,,0.0,7388
28419,HIV,,,0.0,604
28420,HIV,,,0.0,604
28421,HIV,,,0.0,604
28422,HIV,,,0.0,9862
28423,HIV,,,0.0,13192
28424,HIV,,,0.0,10156
28425,HIV,,,0.0,604
28426,HIV,,,0.0,604
28427,HIV,,,0.0,10157
28428,HIV,,,0.0,8392
28429,HIV,,,0.0,5992
28430,HIV,,,0.0,5992
28431,HIV,,,0.0,13205
28432,HIV,,,0.0,11053
28433,HIV,,,0.0,10158
28434,HIV,,,1.0,10158
28435,HIV,,,1.0,10158
28436,HIV,,,0.0,10158
28437,HIV,,,0.0,10158
28438,HIV,,,0.0,10158
28439,HIV,,,0.0,8877
28440,HIV,,,0.0,10159
28441,HIV,,,0.0,8959
28442,HIV,,,0.0,8959
28443,HIV,,,0.0,11358
28444,HIV,,,0.0,10160
28445,HIV,,,0.0,10161
28446,HIV,,,0.0,10162
28447,HIV,,,0.0,8392
28448,HIV,,,0.0,10163
28449,HIV,,,0.0,10163
28450,HIV,,,0.0,10164
28451,HIV,,,0.0,10165
28452,HIV,,,0.0,10166
28453,HIV,,,0.0,5597
28454,HIV,,,0.0,10167
28455,HIV,,,0.0,5597
28456,HIV,,,0.0,10168
28457,HIV,,,0.0,10169
28458,HIV,,,0.0,10170
28459,HIV,,,0.0,10676
28460,HIV,,,0.0,10676
28461,HIV,,,0.0,10171
28462,HIV,,,0.0,10172
28463,HIV,,,0.0,10178
28464,HIV,,,0.0,10173
28465,HIV,,,0.0,10174
28466,HIV,,,0.0,3309
28467,HIV,,,0.0,1607
28468,HIV,,,0.0,1607
28469,HIV,,,0.0,6801
28470,HIV,,,0.0,10175
28471,HIV,,,0.0,5597
28472,HIV,,,0.0,1607
28473,HIV,,,0.0,10176
28474,HIV,,,0.0,10177
28475,HIV,,,0.0,10178
28476,HIV,,,0.0,1607
28477,HIV,,,0.0,1607
28478,HIV,,,0.0,10179
28479,HIV,,,0.0,10180
28480,HIV,,,0.0,10181
28481,HIV,,,0.0,508
28482,HIV,,,0.0,10182
28483,HIV,,,0.0,10183
28484,HIV,,,0.0,10184
28485,HIV,,,1.0,8710
28486,HIV,,,0.0,10185
28487,HIV,,,0.0,10186
28488,HIV,,,0.0,10187
28489,HIV,,,0.0,10188
28490,HIV,,,0.0,10189
28491,HIV,,,0.0,10190
28492,HIV,,,0.0,14106
28493,HIV,,,0.0,14106
28494,HIV,,,0.0,14106
28495,HIV,,,0.0,2800
28496,HIV,,,0.0,2800
28497,HIV,,,0.0,5538
28498,HIV,,,0.0,10191
28499,HIV,,,0.0,10192
28500,HIV,,,0.0,10193
28501,HIV,,,0.0,10193
28502,HIV,,,0.0,10194
28503,HIV,,,0.0,11358
28504,HIV,,,0.0,10195
28505,HIV,,,0.0,10196
28506,HIV,,,0.0,3279
28507,HIV,,,0.0,12238
28508,HIV,,,0.0,3279
28509,HIV,,,0.0,10197
28510,HIV,,,0.0,10198
28511,HIV,,,0.0,10199
28512,HIV,,,0.0,10200
28513,HIV,,,0.0,10201
28514,HIV,,,0.0,10202
28515,HIV,,,0.0,3279
28516,HIV,,,0.0,9512
28517,HIV,,,0.0,9512
28518,HIV,,,0.0,10203
28519,HIV,,,0.0,9512
28520,HIV,,,0.0,10204
28521,HIV,,,0.0,2800
28522,HIV,,,0.0,2800
28523,HIV,,,0.0,5534
28524,HIV,,,0.0,10205
28525,HIV,,,0.0,10206
28526,HIV,,,0.0,335
28527,HIV,,,0.0,335
28528,HIV,,,0.0,335
28529,HIV,,,0.0,335
28530,HIV,,,0.0,10207
28531,HIV,,,1.0,8710
28532,HIV,,,0.0,10208
28533,HIV,,,0.0,10209
28534,HIV,,,0.0,10209
28535,HIV,,,0.0,10209
28536,HIV,,,0.0,11910
28537,HIV,,,0.0,8786
28538,HIV,,,1.0,5165
28539,HIV,,,0.0,5165
28540,HIV,,,1.0,5165
28541,HIV,,,0.0,5165
28542,HIV,,,0.0,5165
28543,HIV,,,1.0,8786
28544,HIV,,,0.0,8786
28545,HIV,,,0.0,8786
28546,HIV,,,0.0,8786
28547,HIV,,,0.0,2546
28548,HIV,,,0.0,11950
28549,HIV,,,0.0,13419
28550,HIV,,,0.0,13419
28551,HIV,,,0.0,13419
28552,HIV,,,0.0,13419
28553,HIV,,,0.0,13419
28554,HIV,,,0.0,13419
28555,HIV,,,0.0,10210
28556,HIV,,,0.0,10211
28557,HIV,,,0.0,10211
28558,HIV,,,0.0,10211
28559,HIV,,,0.0,4427
28560,HIV,,,0.0,10210
28561,HIV,,,0.0,10212
28562,HIV,,,0.0,10213
28563,HIV,,,0.0,10214
28564,HIV,,,0.0,10214
28565,HIV,,,1.0,10214
28566,HIV,,,0.0,10215
28567,HIV,,,0.0,1015
28568,HIV,,,0.0,10216
28569,HIV,,,0.0,10217
28570,HIV,,,0.0,2567
28571,HIV,,,0.0,2567
28572,HIV,,,0.0,10218
28573,HIV,,,0.0,10219
28574,HIV,,,0.0,10220
28575,HIV,,,0.0,13270
28576,HIV,,,0.0,10221
28577,HIV,,,0.0,10222
28578,HIV,,,0.0,10223
28579,HIV,,,0.0,8392
28580,HIV,,,0.0,8392
28581,HIV,,,0.0,8392
28582,HIV,,,0.0,8392
28583,HIV,,,0.0,10224
28584,HIV,,,0.0,10225
28585,HIV,,,0.0,10226
28586,HIV,,,0.0,10227
28587,HIV,,,0.0,10228
28588,HIV,,,0.0,11358
28589,HIV,,,0.0,10229
28590,HIV,,,0.0,1280
28591,HIV,,,0.0,11358
28592,HIV,,,0.0,1280
28593,HIV,,,0.0,11358
28594,HIV,,,0.0,11358
28595,HIV,,,0.0,1280
28596,HIV,,,0.0,10746
28597,HIV,,,0.0,335
28598,HIV,,,0.0,10230
28599,HIV,,,0.0,10230
28600,HIV,,,0.0,10231
28601,HIV,,,0.0,10230
28602,HIV,,,0.0,10230
28603,HIV,,,0.0,10232
28604,HIV,,,0.0,10232
28605,HIV,,,0.0,10232
28606,HIV,,,0.0,10233
28607,HIV,,,0.0,13539
28608,HIV,,,1.0,13539
28609,HIV,,,0.0,13539
28610,HIV,,,1.0,13539
28611,HIV,,,1.0,13539
28612,HIV,,,1.0,13539
28613,HIV,,,0.0,13539
28614,HIV,,,0.0,10234
28615,HIV,,,1.0,13539
28616,HIV,,,0.0,13539
28617,HIV,,,0.0,10234
28618,HIV,,,1.0,13539
28619,HIV,,,1.0,13539
28620,HIV,,,0.0,10235
28621,HIV,,,0.0,10236
28622,HIV,,,0.0,10237
28623,HIV,,,0.0,10238
28624,HIV,,,0.0,10239
28625,HIV,,,0.0,3279
28626,HIV,,,0.0,10240
28627,HIV,,,0.0,10240
28628,HIV,,,0.0,10241
28629,HIV,,,0.0,10241
28630,HIV,,,0.0,10242
28631,HIV,,,0.0,10242
28632,HIV,,,0.0,10243
28633,HIV,,,0.0,10243
28634,HIV,,,0.0,10244
28635,HIV,,,0.0,10245
28636,HIV,,,0.0,7132
28637,HIV,,,0.0,7132
28638,HIV,,,0.0,7132
28639,HIV,,,0.0,5165
28640,HIV,,,0.0,4692
28641,HIV,,,0.0,10279
28642,HIV,,,0.0,5165
28643,HIV,,,0.0,5165
28644,HIV,,,0.0,8959
28645,HIV,,,0.0,8959
28646,HIV,,,0.0,8959
28647,HIV,,,0.0,10246
28648,HIV,,,0.0,10520
28649,HIV,,,0.0,10247
28650,HIV,,,0.0,14106
28651,HIV,,,0.0,10248
28652,HIV,,,0.0,10249
28653,HIV,,,0.0,10073
28654,HIV,,,0.0,10250
28655,HIV,,,0.0,10251
28656,HIV,,,0.0,5165
28657,HIV,,,0.0,10252
28658,HIV,,,0.0,10253
28659,HIV,,,0.0,10254
28660,HIV,,,0.0,7356
28661,HIV,,,0.0,7356
28662,HIV,,,0.0,10255
28663,HIV,,,1.0,10256
28664,HIV,,,1.0,13966
28665,HIV,,,0.0,8959
28666,HIV,,,0.0,10257
28667,HIV,,,0.0,10258
28668,HIV,,,0.0,10259
28669,HIV,,,0.0,10259
28670,HIV,,,0.0,10211
28671,HIV,,,0.0,10260
28672,HIV,,,0.0,7604
28673,HIV,,,0.0,7604
28674,HIV,,,0.0,7604
28675,HIV,,,0.0,7604
28676,HIV,,,0.0,5501
28677,HIV,,,0.0,10261
28678,HIV,,,0.0,10794
28679,HIV,,,0.0,10261
28680,HIV,,,0.0,7576
28681,HIV,,,0.0,7576
28682,HIV,,,0.0,10262
28683,HIV,,,0.0,335
28684,HIV,,,0.0,10263
28685,HIV,,,0.0,10264
28686,HIV,,,0.0,10265
28687,HIV,,,0.0,3279
28688,HIV,,,0.0,3279
28689,HIV,,,0.0,10266
28690,HIV,,,0.0,10267
28691,HIV,,,0.0,3279
28692,HIV,,,0.0,10268
28693,HIV,,,0.0,10268
28694,HIV,,,0.0,10390
28695,HIV,,,0.0,10390
28696,HIV,,,0.0,10269
28697,HIV,,,0.0,343
28698,HIV,,,0.0,10270
28699,HIV,,,0.0,5747
28700,HIV,,,0.0,887
28701,HIV,,,0.0,9461
28702,HIV,,,0.0,10271
28703,HIV,,,0.0,12666
28704,HIV,,,0.0,10272
28705,HIV,,,0.0,10273
28706,HIV,,,0.0,10272
28707,HIV,,,0.0,10275
28708,HIV,,,0.0,10275
28709,HIV,,,0.0,10275
28710,HIV,,,0.0,10275
28711,HIV,,,0.0,10275
28712,HIV,,,0.0,10275
28713,HIV,,,0.0,10275
28714,HIV,,,0.0,10275
28715,HIV,,,0.0,10275
28716,HIV,,,0.0,10275
28717,HIV,,,0.0,10275
28718,HIV,,,0.0,10274
28719,HIV,,,0.0,10275
28720,HIV,,,0.0,10274
28721,HIV,,,0.0,434
28722,HIV,,,0.0,10276
28723,HIV,,,0.0,10277
28724,HIV,,,0.0,10392
28725,HIV,,,0.0,10392
28726,HIV,,,0.0,10392
28727,HIV,,,0.0,10278
28728,HIV,,,0.0,10278
28729,HIV,,,0.0,10279
28730,HIV,,,0.0,8959
28731,HIV,,,0.0,2546
28732,HIV,,,0.0,10280
28733,HIV,,,0.0,10281
28734,HIV,,,0.0,10282
28735,HIV,,,0.0,2739
28736,HIV,,,0.0,9085
28737,HIV,,,0.0,7337
28738,HIV,,,0.0,10283
28739,HIV,,,0.0,10284
28740,HIV,,,0.0,2739
28741,HIV,,,0.0,10285
28742,HIV,,,0.0,10286
28743,HIV,,,0.0,5363
28744,HIV,,,0.0,1092
28745,HIV,,,0.0,2739
28746,HIV,,,0.0,5992
28747,HIV,,,0.0,7356
28748,HIV,,,0.0,10287
28749,HIV,,,0.0,10344
28750,HIV,,,0.0,10288
28751,HIV,,,0.0,8062
28752,HIV,,,0.0,7337
28753,HIV,,,0.0,7337
28754,HIV,,,0.0,3309
28755,HIV,,,0.0,393
28756,HIV,,,0.0,10633
28757,HIV,,,0.0,10289
28758,HIV,,,0.0,5363
28759,HIV,,,0.0,5363
28760,HIV,,,0.0,2546
28761,HIV,,,0.0,10290
28762,HIV,,,1.0,5165
28763,HIV,,,0.0,6801
28764,HIV,,,0.0,10291
28765,HIV,,,0.0,7928
28766,HIV,,,0.0,10292
28767,HIV,,,0.0,10293
28768,HIV,,,0.0,62
28769,HIV,,,0.0,7655
28770,HIV,,,0.0,10294
28771,HIV,,,0.0,1016
28772,HIV,,,0.0,1016
28773,HIV,,,0.0,1016
28774,HIV,,,0.0,10295
28775,HIV,,,0.0,10296
28776,HIV,,,0.0,11005
28777,HIV,,,0.0,10297
28778,HIV,,,0.0,10298
28779,HIV,,,0.0,10299
28780,HIV,,,0.0,5363
28781,HIV,,,0.0,12557
28782,HIV,,,0.0,12557
28783,HIV,,,0.0,10300
28784,HIV,,,0.0,10300
28785,HIV,,,0.0,10209
28786,HIV,,,0.0,10301
28787,HIV,,,0.0,10301
28788,HIV,,,0.0,10301
28789,HIV,,,0.0,10302
28790,HIV,,,0.0,10302
28791,HIV,,,0.0,10303
28792,HIV,,,0.0,1344
28793,HIV,,,0.0,1344
28794,HIV,,,0.0,10304
28795,HIV,,,0.0,10305
28796,HIV,,,0.0,1344
28797,HIV,,,0.0,1344
28798,HIV,,,0.0,1344
28799,HIV,,,0.0,1344
28800,HIV,,,0.0,5747
28801,HIV,,,0.0,10306
28802,HIV,,,0.0,10306
28803,HIV,,,0.0,1344
28804,HIV,,,0.0,10306
28805,HIV,,,0.0,10305
28806,HIV,,,0.0,10307
28807,HIV,,,0.0,10392
28808,HIV,,,0.0,10308
28809,HIV,,,0.0,10308
28810,HIV,,,0.0,335
28811,HIV,,,0.0,335
28812,HIV,,,0.0,335
28813,HIV,,,0.0,335
28814,HIV,,,0.0,10309
28815,HIV,,,0.0,335
28816,HIV,,,0.0,335
28817,HIV,,,0.0,335
28818,HIV,,,0.0,335
28819,HIV,,,0.0,335
28820,HIV,,,0.0,335
28821,HIV,,,0.0,335
28822,HIV,,,0.0,335
28823,HIV,,,0.0,10310
28824,HIV,,,0.0,927
28825,HIV,,,0.0,3924
28826,HIV,,,0.0,36
28827,HIV,,,0.0,11924
28828,HIV,,,0.0,10311
28829,HIV,,,0.0,10312
28830,HIV,,,0.0,10313
28831,HIV,,,0.0,10314
28832,HIV,,,0.0,10315
28833,HIV,,,0.0,5718
28834,HIV,,,0.0,2269
28835,HIV,,,0.0,10316
28836,HIV,,,0.0,5
28837,HIV,,,0.0,10317
28838,HIV,,,0.0,10318
28839,HIV,,,0.0,3279
28840,HIV,,,0.0,5747
28841,HIV,,,0.0,10319
28842,HIV,,,0.0,10320
28843,HIV,,,0.0,9512
28844,HIV,,,0.0,7715
28845,HIV,,,0.0,7439
28846,HIV,,,0.0,10321
28847,HIV,,,0.0,11301
28848,HIV,,,0.0,11301
28849,HIV,,,0.0,10138
28850,HIV,,,0.0,10138
28851,HIV,,,0.0,10138
28852,HIV,,,0.0,10138
28853,HIV,,,0.0,11301
28854,HIV,,,0.0,11301
28855,HIV,,,0.0,10138
28856,HIV,,,0.0,10138
28857,HIV,,,0.0,11301
28858,HIV,,,0.0,10138
28859,HIV,,,0.0,10138
28860,HIV,,,0.0,10138
28861,HIV,,,0.0,10138
28862,HIV,,,0.0,11301
28863,HIV,,,0.0,11301
28864,HIV,,,0.0,11301
28865,HIV,,,0.0,11301
28866,HIV,,,0.0,11301
28867,HIV,,,0.0,11301
28868,HIV,,,0.0,11301
28869,HIV,,,0.0,11301
28870,HIV,,,0.0,11301
28871,HIV,,,0.0,10138
28872,HIV,,,0.0,10138
28873,HIV,,,0.0,10138
28874,HIV,,,0.0,10138
28875,HIV,,,0.0,11301
28876,HIV,,,0.0,10138
28877,HIV,,,0.0,10138
28878,HIV,,,0.0,10138
28879,HIV,,,1.0,434
28880,HIV,,,1.0,434
28881,HIV,,,0.0,2546
28882,HIV,,,0.0,9477
28883,HIV,,,0.0,10322
28884,HIV,,,0.0,10322
28885,HIV,,,0.0,10323
28886,HIV,,,0.0,10323
28887,HIV,,,0.0,10324
28888,HIV,,,0.0,10323
28889,HIV,,,0.0,10325
28890,HIV,,,0.0,10323
28891,HIV,,,0.0,10323
28892,HIV,,,0.0,10326
28893,HIV,,,0.0,10326
28894,HIV,,,0.0,10327
28895,HIV,,,0.0,1016
28896,HIV,,,0.0,10328
28897,HIV,,,0.0,10328
28898,HIV,,,0.0,10328
28899,HIV,,,0.0,10329
28900,HIV,,,0.0,7388
28901,HIV,,,0.0,7388
28902,HIV,,,0.0,8710
28903,HIV,,,0.0,8710
28904,HIV,,,0.0,441
28905,HIV,,,0.0,441
28906,HIV,,,0.0,441
28907,HIV,,,0.0,7388
28908,HIV,,,0.0,441
28909,HIV,,,0.0,10209
28910,HIV,,,0.0,10330
28911,HIV,,,0.0,10209
28912,HIV,,,0.0,10209
28913,HIV,,,0.0,10331
28914,HIV,,,0.0,10332
28915,HIV,,,0.0,10333
28916,HIV,,,0.0,10334
28917,HIV,,,0.0,10335
28918,HIV,,,0.0,10336
28919,HIV,,,0.0,10138
28920,HIV,,,0.0,10138
28921,HIV,,,0.0,11301
28922,HIV,,,0.0,10138
28923,HIV,,,0.0,10138
28924,HIV,,,0.0,11301
28925,HIV,,,0.0,11301
28926,HIV,,,0.0,11301
28927,HIV,,,0.0,10138
28928,HIV,,,0.0,10138
28929,HIV,,,0.0,10138
28930,HIV,,,0.0,10138
28931,HIV,,,0.0,10138
28932,HIV,,,0.0,10138
28933,HIV,,,0.0,10138
28934,HIV,,,0.0,10138
28935,HIV,,,0.0,11301
28936,HIV,,,0.0,11301
28937,HIV,,,0.0,11301
28938,HIV,,,0.0,11301
28939,HIV,,,0.0,11301
28940,HIV,,,0.0,11301
28941,HIV,,,0.0,11301
28942,HIV,,,0.0,11301
28943,HIV,,,1.0,10138
28944,HIV,,,1.0,10138
28945,HIV,,,0.0,10138
28946,HIV,,,0.0,5165
28947,HIV,,,0.0,1319
28948,HIV,,,0.0,3309
28949,HIV,,,0.0,10337
28950,HIV,,,0.0,9263
28951,HIV,,,0.0,5992
28952,HIV,,,0.0,5992
28953,HIV,,,0.0,99
28954,HIV,,,0.0,2739
28955,HIV,,,0.0,5363
28956,HIV,,,0.0,2546
28957,HIV,,,0.0,3670
28958,HIV,,,0.0,10338
28959,HIV,,,0.0,10339
28960,HIV,,,0.0,2739
28961,HIV,,,0.0,5363
28962,HIV,,,0.0,10340
28963,HIV,,,0.0,5992
28964,HIV,,,0.0,10341
28965,HIV,,,0.0,10342
28966,HIV,,,0.0,5363
28967,HIV,,,0.0,1814
28968,HIV,,,0.0,10343
28969,HIV,,,0.0,10344
28970,HIV,,,0.0,10337
28971,HIV,,,0.0,5363
28972,HIV,,,0.0,2739
28973,HIV,,,0.0,10345
28974,HIV,,,0.0,10346
28975,HIV,,,0.0,10347
28976,HIV,,,0.0,10348
28977,HIV,,,0.0,10349
28978,HIV,,,0.0,10350
28979,HIV,,,0.0,13261
28980,HIV,,,0.0,10351
28981,HIV,,,0.0,335
28982,HIV,,,0.0,335
28983,HIV,,,0.0,335
28984,HIV,,,0.0,335
28985,HIV,,,0.0,10352
28986,HIV,,,0.0,10352
28987,HIV,,,0.0,10353
28988,HIV,,,0.0,10354
28989,HIV,,,0.0,10355
28990,HIV,,,0.0,10358
28991,HIV,,,0.0,10356
28992,HIV,,,0.0,10357
28993,HIV,,,0.0,10358
28994,HIV,,,0.0,10400
28995,HIV,,,0.0,8903
28996,HIV,,,0.0,8903
28997,HIV,,,0.0,10400
28998,HIV,,,0.0,10400
28999,HIV,,,0.0,8903
29000,HIV,,,0.0,8903
29001,HIV,,,0.0,10400
29002,HIV,,,0.0,10400
29003,HIV,,,0.0,10400
29004,HIV,,,0.0,10400
29005,HIV,,,0.0,10400
29006,HIV,,,0.0,10400
29007,HIV,,,0.0,10359
29008,HIV,,,0.0,10400
29009,HIV,,,0.0,8903
29010,HIV,,,0.0,10400
29011,HIV,,,0.0,10360
29012,HIV,,,0.0,10753
29013,HIV,,,0.0,10753
29014,HIV,,,0.0,10753
29015,HIV,,,0.0,10362
29016,HIV,,,0.0,10753
29017,HIV,,,0.0,10753
29018,HIV,,,0.0,10753
29019,HIV,,,0.0,10753
29020,HIV,,,0.0,10753
29021,HIV,,,0.0,10753
29022,HIV,,,0.0,10753
29023,HIV,,,0.0,10753
29024,HIV,,,0.0,10753
29025,HIV,,,0.0,10753
29026,HIV,,,0.0,10753
29027,HIV,,,0.0,10753
29028,HIV,,,0.0,10362
29029,HIV,,,0.0,10753
29030,HIV,,,0.0,10753
29031,HIV,,,0.0,10362
29032,HIV,,,0.0,10753
29033,HIV,,,0.0,10753
29034,HIV,,,0.0,10753
29035,HIV,,,0.0,3677
29036,HIV,,,0.0,10361
29037,HIV,,,0.0,10753
29038,HIV,,,0.0,10362
29039,HIV,,,0.0,10753
29040,HIV,,,0.0,10362
29041,HIV,,,0.0,10753
29042,HIV,,,0.0,10753
29043,HIV,,,0.0,10753
29044,HIV,,,0.0,10753
29045,HIV,,,0.0,10753
29046,HIV,,,0.0,10753
29047,HIV,,,0.0,10753
29048,HIV,,,0.0,10753
29049,HIV,,,0.0,10753
29050,HIV,,,0.0,10363
29051,HIV,,,0.0,10364
29052,HIV,,,0.0,10365
29053,HIV,,,0.0,10366
29054,HIV,,,0.0,10367
29055,HIV,,,0.0,10368
29056,HIV,,,0.0,6801
29057,HIV,,,1.0,6801
29058,HIV,,,0.0,6801
29059,HIV,,,1.0,6801
29060,HIV,,,1.0,6801
29061,HIV,,,1.0,6801
29062,HIV,,,0.0,6801
29063,HIV,,,0.0,10369
29064,HIV,,,1.0,5992
29065,HIV,,,1.0,434
29066,HIV,,,0.0,3279
29067,HIV,,,0.0,3279
29068,HIV,,,0.0,3279
29069,HIV,,,0.0,3279
29070,HIV,,,0.0,3279
29071,HIV,,,0.0,3279
29072,HIV,,,0.0,3279
29073,HIV,,,0.0,3279
29074,HIV,,,0.0,3279
29075,HIV,,,0.0,3279
29076,HIV,,,0.0,3279
29077,HIV,,,0.0,3279
29078,HIV,,,0.0,3279
29079,HIV,,,0.0,3279
29080,HIV,,,0.0,10370
29081,HIV,,,0.0,5533
29082,HIV,,,0.0,3279
29083,HIV,,,0.0,3279
29084,HIV,,,0.0,3279
29085,HIV,,,0.0,3279
29086,HIV,,,0.0,3279
29087,HIV,,,0.0,3279
29088,HIV,,,0.0,10371
29089,HIV,,,0.0,3279
29090,HIV,,,0.0,3279
29091,HIV,,,0.0,10372
29092,HIV,,,0.0,11314
29093,HIV,,,0.0,3279
29094,HIV,,,0.0,3279
29095,HIV,,,0.0,3279
29096,HIV,,,0.0,3279
29097,HIV,,,0.0,3279
29098,HIV,,,0.0,3279
29099,HIV,,,0.0,3279
29100,HIV,,,0.0,3279
29101,HIV,,,0.0,10373
29102,HIV,,,0.0,3279
29103,HIV,,,0.0,10374
29104,HIV,,,0.0,10375
29105,HIV,,,0.0,3279
29106,HIV,,,0.0,3279
29107,HIV,,,0.0,10376
29108,HIV,,,0.0,10377
29109,HIV,,,0.0,10378
29110,HIV,,,0.0,3279
29111,HIV,,,0.0,3279
29112,HIV,,,0.0,3279
29113,HIV,,,0.0,3279
29114,HIV,,,0.0,10379
29115,HIV,,,0.0,10380
29116,HIV,,,0.0,3279
29117,HIV,,,0.0,3279
29118,HIV,,,0.0,3279
29119,HIV,,,0.0,4484
29120,HIV,,,0.0,3279
29121,HIV,,,0.0,3279
29122,HIV,,,0.0,2464
29123,HIV,,,0.0,10381
29124,HIV,,,0.0,10382
29125,HIV,,,0.0,10383
29126,HIV,,,0.0,10384
29127,HIV,,,0.0,10385
29128,HIV,,,0.0,10386
29129,HIV,,,0.0,10676
29130,HIV,,,0.0,10387
29131,HIV,,,0.0,10387
29132,HIV,,,0.0,10388
29133,HIV,,,0.0,10388
29134,HIV,,,0.0,10388
29135,HIV,,,0.0,10388
29136,HIV,,,0.0,10388
29137,HIV,,,0.0,10388
29138,HIV,,,0.0,3635
29139,HIV,,,0.0,7388
29140,HIV,,,0.0,10389
29141,HIV,,,0.0,10390
29142,HIV,,,0.0,10391
29143,HIV,,,0.0,10392
29144,HIV,,,0.0,7390
29145,HIV,,,0.0,10393
29146,HIV,,,0.0,10393
29147,HIV,,,0.0,10393
29148,HIV,,,0.0,10393
29149,HIV,,,0.0,10393
29150,HIV,,,0.0,10393
29151,HIV,,,0.0,10393
29152,HIV,,,0.0,10394
29153,HIV,,,0.0,10394
29154,HIV,,,0.0,10394
29155,HIV,,,0.0,10394
29156,HIV,,,0.0,10395
29157,HIV,,,0.0,10395
29158,HIV,,,0.0,10395
29159,HIV,,,0.0,10395
29160,HIV,,,0.0,10394
29161,HIV,,,0.0,10395
29162,HIV,,,0.0,10396
29163,HIV,,,0.0,10396
29164,HIV,,,0.0,10396
29165,HIV,,,0.0,10396
29166,HIV,,,0.0,10396
29167,HIV,,,0.0,10397
29168,HIV,,,0.0,10397
29169,HIV,,,0.0,10398
29170,HIV,,,0.0,10398
29171,HIV,,,0.0,10390
29172,HIV,,,0.0,205
29173,HIV,,,0.0,5363
29174,HIV,,,0.0,10399
29175,HIV,,,0.0,10400
29176,HIV,,,0.0,8903
29177,HIV,,,0.0,8903
29178,HIV,,,0.0,10400
29179,HIV,,,0.0,10400
29180,HIV,,,0.0,10400
29181,HIV,,,0.0,8903
29182,HIV,,,0.0,8903
29183,HIV,,,0.0,10400
29184,HIV,,,0.0,10400
29185,HIV,,,0.0,10400
29186,HIV,,,0.0,10400
29187,HIV,,,0.0,10400
29188,HIV,,,0.0,10400
29189,HIV,,,0.0,10400
29190,HIV,,,0.0,10400
29191,HIV,,,0.0,10400
29192,HIV,,,0.0,10400
29193,HIV,,,0.0,10400
29194,HIV,,,0.0,6801
29195,HIV,,,0.0,10400
29196,HIV,,,0.0,10400
29197,HIV,,,0.0,10400
29198,HIV,,,0.0,10400
29199,HIV,,,0.0,10400
29200,HIV,,,0.0,10400
29201,HIV,,,0.0,10400
29202,HIV,,,0.0,8903
29203,HIV,,,0.0,8903
29204,HIV,,,0.0,8903
29205,HIV,,,0.0,10400
29206,HIV,,,0.0,2546
29207,HIV,,,0.0,10401
29208,HIV,,,0.0,10402
29209,HIV,,,0.0,10403
29210,HIV,,,0.0,10404
29211,HIV,,,0.0,10405
29212,HIV,,,0.0,10406
29213,HIV,,,0.0,10407
29214,HIV,,,0.0,10408
29215,HIV,,,0.0,10138
29216,HIV,,,0.0,10409
29217,HIV,,,0.0,10409
29218,HIV,,,0.0,10410
29219,HIV,,,0.0,10411
29220,HIV,,,0.0,10412
29221,HIV,,,0.0,10412
29222,HIV,,,0.0,10412
29223,HIV,,,0.0,10412
29224,HIV,,,0.0,5165
29225,HIV,,,0.0,5165
29226,HIV,,,0.0,10413
29227,HIV,,,0.0,10414
29228,HIV,,,0.0,10414
29229,HIV,,,0.0,10414
29230,HIV,,,0.0,10415
29231,HIV,,,0.0,10415
29232,HIV,,,0.0,10415
29233,HIV,,,0.0,10415
29234,HIV,,,0.0,10416
29235,HIV,,,0.0,2546
29236,HIV,,,0.0,2546
29237,HIV,,,0.0,2546
29238,HIV,,,0.0,10417
29239,HIV,,,0.0,10417
29240,HIV,,,0.0,10418
29241,HIV,,,0.0,5165
29242,HIV,,,0.0,10419
29243,HIV,,,0.0,10419
29244,HIV,,,0.0,10420
29245,HIV,,,0.0,10421
29246,HIV,,,0.0,10422
29247,HIV,,,0.0,10422
29248,HIV,,,0.0,3279
29249,HIV,,,0.0,3279
29250,HIV,,,0.0,3279
29251,HIV,,,0.0,3279
29252,HIV,,,0.0,3279
29253,HIV,,,0.0,3279
29254,HIV,,,0.0,3279
29255,HIV,,,0.0,10423
29256,HIV,,,0.0,10423
29257,HIV,,,0.0,10423
29258,HIV,,,0.0,10423
29259,HIV,,,0.0,10423
29260,HIV,,,0.0,10423
29261,HIV,,,0.0,3279
29262,HIV,,,0.0,3279
29263,HIV,,,0.0,3279
29264,HIV,,,1.0,3279
29265,HIV,,,0.0,3279
29266,HIV,,,0.0,3279
29267,HIV,,,0.0,3279
29268,HIV,,,0.0,3279
29269,HIV,,,0.0,3279
29270,HIV,,,0.0,3279
29271,HIV,,,0.0,3279
29272,HIV,,,0.0,3279
29273,HIV,,,0.0,3279
29274,HIV,,,0.0,3279
29275,HIV,,,0.0,3279
29276,HIV,,,0.0,3279
29277,HIV,,,0.0,3279
29278,HIV,,,0.0,3279
29279,HIV,,,0.0,3279
29280,HIV,,,0.0,3279
29281,HIV,,,0.0,10424
29282,HIV,,,0.0,3279
29283,HIV,,,0.0,3279
29284,HIV,,,0.0,10425
29285,HIV,,,0.0,3279
29286,HIV,,,0.0,10426
29287,HIV,,,0.0,3279
29288,HIV,,,0.0,3279
29289,HIV,,,0.0,10427
29290,HIV,,,0.0,10428
29291,HIV,,,0.0,10428
29292,HIV,,,0.0,10429
29293,HIV,,,0.0,10430
29294,HIV,,,0.0,7591
29295,HIV,,,0.0,10431
29296,HIV,,,0.0,10432
29297,HIV,,,0.0,10433
29298,HIV,,,0.0,10400
29299,HIV,,,0.0,10400
29300,HIV,,,0.0,10400
29301,HIV,,,0.0,10400
29302,HIV,,,0.0,10400
29303,HIV,,,0.0,7928
29304,HIV,,,0.0,10400
29305,HIV,,,0.0,10400
29306,HIV,,,0.0,10400
29307,HIV,,,0.0,10400
29308,HIV,,,0.0,7576
29309,HIV,,,0.0,7576
29310,HIV,,,0.0,5747
29311,HIV,,,0.0,5747
29312,HIV,,,0.0,5747
29313,HIV,,,0.0,7576
29314,HIV,,,0.0,7576
29315,HIV,,,0.0,7576
29316,HIV,,,0.0,7576
29317,HIV,,,0.0,7576
29318,HIV,,,0.0,7576
29319,HIV,,,0.0,7576
29320,HIV,,,0.0,10434
29321,HIV,,,0.0,10435
29322,HIV,,,0.0,10436
29323,HIV,,,0.0,7591
29324,HIV,,,0.0,10436
29325,HIV,,,0.0,10436
29326,HIV,,,0.0,434
29327,HIV,,,1.0,434
29328,HIV,,,0.0,434
29329,HIV,,,1.0,434
29330,HIV,,,1.0,434
29331,HIV,,,1.0,434
29332,HIV,,,0.0,7388
29333,HIV,,,0.0,7388
29334,HIV,,,0.0,7388
29335,HIV,,,0.0,7388
29336,HIV,,,0.0,7388
29337,HIV,,,0.0,7388
29338,HIV,,,0.0,7388
29339,HIV,,,0.0,7388
29340,HIV,,,0.0,7388
29341,HIV,,,0.0,7388
29342,HIV,,,0.0,10437
29343,HIV,,,0.0,205
29344,HIV,,,0.0,10438
29345,HIV,,,0.0,3279
29346,HIV,,,0.0,3279
29347,HIV,,,0.0,3279
29348,HIV,,,0.0,10439
29349,HIV,,,0.0,3279
29350,HIV,,,0.0,3279
29351,HIV,,,0.0,10440
29352,HIV,,,0.0,10441
29353,HIV,,,0.0,3279
29354,HIV,,,0.0,3279
29355,HIV,,,0.0,10442
29356,HIV,,,0.0,3279
29357,HIV,,,0.0,3279
29358,HIV,,,0.0,3279
29359,HIV,,,0.0,3279
29360,HIV,,,0.0,3279
29361,HIV,,,0.0,3279
29362,HIV,,,0.0,3279
29363,HIV,,,0.0,10455
29364,HIV,,,0.0,3279
29365,HIV,,,0.0,3279
29366,HIV,,,0.0,3279
29367,HIV,,,0.0,3279
29368,HIV,,,0.0,3279
29369,HIV,,,0.0,3279
29370,HIV,,,0.0,205
29371,HIV,,,0.0,10443
29372,HIV,,,0.0,8341
29373,HIV,,,0.0,8341
29374,HIV,,,0.0,9641
29375,HIV,,,0.0,9641
29376,HIV,,,0.0,10444
29377,HIV,,,0.0,10444
29378,HIV,,,0.0,3309
29379,HIV,,,0.0,3309
29380,HIV,,,0.0,441
29381,HIV,,,0.0,441
29382,HIV,,,0.0,13261
29383,HIV,,,0.0,13261
29384,HIV,,,0.0,13261
29385,HIV,,,0.0,13261
29386,HIV,,,0.0,10445
29387,HIV,,,0.0,13261
29388,HIV,,,0.0,10446
29389,HIV,,,0.0,10447
29390,HIV,,,0.0,8341
29391,HIV,,,0.0,8341
29392,HIV,,,0.0,13889
29393,HIV,,,0.0,13889
29394,HIV,,,0.0,13889
29395,HIV,,,0.0,8341
29396,HIV,,,0.0,8341
29397,HIV,,,0.0,8341
29398,HIV,,,0.0,8341
29399,HIV,,,0.0,8341
29400,HIV,,,0.0,8341
29401,HIV,,,0.0,8341
29402,HIV,,,0.0,10448
29403,HIV,,,0.0,10448
29404,HIV,,,0.0,3309
29405,HIV,,,0.0,10449
29406,HIV,,,0.0,10450
29407,HIV,,,0.0,10451
29408,HIV,,,0.0,10451
29409,HIV,,,0.0,10452
29410,HIV,,,0.0,10453
29411,HIV,,,0.0,13889
29412,HIV,,,0.0,13261
29413,HIV,,,0.0,6917
29414,HIV,,,0.0,1016
29415,HIV,,,0.0,1016
29416,HIV,,,1.0,6890
29417,HIV,,,1.0,6890
29418,HIV,,,0.0,3279
29419,HIV,,,1.0,3279
29420,HIV,,,0.0,3279
29421,HIV,,,0.0,3279
29422,HIV,,,0.0,3279
29423,HIV,,,0.0,3279
29424,HIV,,,0.0,3279
29425,HIV,,,0.0,3279
29426,HIV,,,0.0,3279
29427,HIV,,,0.0,10454
29428,HIV,,,0.0,3279
29429,HIV,,,0.0,3279
29430,HIV,,,0.0,3279
29431,HIV,,,0.0,3279
29432,HIV,,,0.0,10455
29433,HIV,,,0.0,10455
29434,HIV,,,0.0,3279
29435,HIV,,,0.0,3279
29436,HIV,,,1.0,3279
29437,HIV,,,0.0,3279
29438,HIV,,,0.0,3279
29439,HIV,,,0.0,10456
29440,HIV,,,0.0,3279
29441,HIV,,,0.0,3279
29442,HIV,,,0.0,3279
29443,HIV,,,0.0,3279
29444,HIV,,,0.0,3279
29445,HIV,,,0.0,3279
29446,HIV,,,0.0,3279
29447,HIV,,,0.0,10457
29448,HIV,,,0.0,3279
29449,HIV,,,0.0,3279
29450,HIV,,,0.0,3279
29451,HIV,,,0.0,3279
29452,HIV,,,0.0,10458
29453,HIV,,,0.0,8710
29454,HIV,,,0.0,8710
29455,HIV,,,0.0,10459
29456,HIV,,,0.0,5363
29457,HIV,,,0.0,2473
29458,HIV,,,0.0,3279
29459,HIV,,,0.0,8959
29460,HIV,,,0.0,8959
29461,HIV,,,0.0,335
29462,HIV,,,0.0,10460
29463,HIV,,,0.0,10461
29464,HIV,,,0.0,10462
29465,HIV,,,0.0,13518
29466,HIV,,,0.0,10463
29467,HIV,,,0.0,10463
29468,HIV,,,0.0,10464
29469,HIV,,,0.0,5363
29470,HIV,,,0.0,10465
29471,HIV,,,0.0,5363
29472,HIV,,,0.0,5363
29473,HIV,,,0.0,5363
29474,HIV,,,0.0,10466
29475,HIV,,,1.0,10924
29476,HIV,,,1.0,441
29477,HIV,,,0.0,10467
29478,HIV,,,1.0,10468
29479,HIV,,,0.0,3931
29480,HIV,,,0.0,10469
29481,HIV,,,0.0,1280
29482,HIV,,,0.0,11814
29483,HIV,,,0.0,8486
29484,HIV,,,0.0,11814
29485,HIV,,,0.0,10470
29486,HIV,,,0.0,10471
29487,HIV,,,0.0,11814
29488,HIV,,,0.0,11814
29489,HIV,,,0.0,10472
29490,HIV,,,0.0,10470
29491,HIV,,,0.0,11814
29492,HIV,,,0.0,11814
29493,HIV,,,0.0,10470
29494,HIV,,,0.0,10471
29495,HIV,,,0.0,10473
29496,HIV,,,0.0,10474
29497,HIV,,,0.0,10475
29498,HIV,,,0.0,10476
29499,HIV,,,0.0,11814
29500,HIV,,,0.0,11814
29501,HIV,,,0.0,10474
29502,HIV,,,0.0,10472
29503,HIV,,,0.0,10477
29504,HIV,,,0.0,10478
29505,HIV,,,0.0,10478
29506,HIV,,,0.0,1121
29507,HIV,,,0.0,10138
29508,HIV,,,0.0,6918
29509,HIV,,,0.0,6918
29510,HIV,,,0.0,6918
29511,HIV,,,0.0,1016
29512,HIV,,,0.0,6918
29513,HIV,,,0.0,6918
29514,HIV,,,0.0,6918
29515,HIV,,,0.0,6918
29516,HIV,,,0.0,6918
29517,HIV,,,0.0,6918
29518,HIV,,,0.0,6918
29519,HIV,,,0.0,1016
29520,HIV,,,0.0,1016
29521,HIV,,,0.0,11358
29522,HIV,,,0.0,10479
29523,HIV,,,0.0,10480
29524,HIV,,,0.0,10480
29525,HIV,,,0.0,10481
29526,HIV,,,0.0,6978
29527,HIV,,,0.0,8272
29528,HIV,,,0.0,1016
29529,HIV,,,0.0,10483
29530,HIV,,,0.0,10482
29531,HIV,,,0.0,10483
29532,HIV,,,0.0,10484
29533,HIV,,,0.0,10485
29534,HIV,,,0.0,10485
29535,HIV,,,0.0,10485
29536,HIV,,,0.0,10486
29537,HIV,,,0.0,10486
29538,HIV,,,0.0,10487
29539,HIV,,,0.0,10488
29540,HIV,,,0.0,3279
29541,HIV,,,0.0,3279
29542,HIV,,,0.0,10489
29543,HIV,,,0.0,10489
29544,HIV,,,0.0,10490
29545,HIV,,,0.0,10490
29546,HIV,,,0.0,10490
29547,HIV,,,0.0,10491
29548,HIV,,,0.0,10491
29549,HIV,,,0.0,10491
29550,HIV,,,0.0,10491
29551,HIV,,,0.0,10491
29552,HIV,,,0.0,10491
29553,HIV,,,0.0,10491
29554,HIV,,,0.0,10491
29555,HIV,,,0.0,10492
29556,HIV,,,0.0,10493
29557,HIV,,,0.0,10494
29558,HIV,,,0.0,10493
29559,HIV,,,0.0,10498
29560,HIV,,,0.0,10498
29561,HIV,,,0.0,5747
29562,HIV,,,0.0,10498
29563,HIV,,,0.0,10495
29564,HIV,,,0.0,10495
29565,HIV,,,0.0,10495
29566,HIV,,,0.0,10496
29567,HIV,,,0.0,10496
29568,HIV,,,0.0,10496
29569,HIV,,,0.0,10497
29570,HIV,,,0.0,10497
29571,HIV,,,0.0,10497
29572,HIV,,,0.0,10497
29573,HIV,,,0.0,10497
29574,HIV,,,0.0,10497
29575,HIV,,,0.0,10497
29576,HIV,,,0.0,10497
29577,HIV,,,0.0,10498
29578,HIV,,,0.0,10498
29579,HIV,,,0.0,10498
29580,HIV,,,0.0,10498
29581,HIV,,,0.0,10497
29582,HIV,,,0.0,10497
29583,HIV,,,0.0,10498
29584,HIV,,,0.0,10498
29585,HIV,,,0.0,10498
29586,HIV,,,0.0,10498
29587,HIV,,,0.0,10498
29588,HIV,,,0.0,5165
29589,HIV,,,0.0,8710
29590,HIV,,,0.0,10499
29591,HIV,,,0.0,13261
29592,HIV,,,0.0,10500
29593,HIV,,,0.0,10501
29594,HIV,,,0.0,9958
29595,HIV,,,0.0,9958
29596,HIV,,,0.0,9958
29597,HIV,,,0.0,9958
29598,HIV,,,0.0,9958
29599,HIV,,,0.0,9958
29600,HIV,,,0.0,2800
29601,HIV,,,0.0,8959
29602,HIV,,,0.0,7132
29603,HIV,,,0.0,7132
29604,HIV,,,0.0,12898
29605,HIV,,,0.0,10502
29606,HIV,,,0.0,10390
29607,HIV,,,0.0,10505
29608,HIV,,,0.0,10503
29609,HIV,,,0.0,10504
29610,HIV,,,0.0,10390
29611,HIV,,,0.0,10505
29612,HIV,,,0.0,10505
29613,HIV,,,0.0,7591
29614,HIV,,,0.0,9685
29615,HIV,,,0.0,1996
29616,HIV,,,0.0,10506
29617,HIV,,,0.0,10259
29618,HIV,,,0.0,10507
29619,HIV,,,0.0,5363
29620,HIV,,,0.0,7715
29621,HIV,,,0.0,7715
29622,HIV,,,0.0,10508
29623,HIV,,,0.0,7715
29624,HIV,,,0.0,10540
29625,HIV,,,0.0,1606
29626,HIV,,,0.0,10509
29627,HIV,,,0.0,10510
29628,HIV,,,0.0,10523
29629,HIV,,,0.0,10510
29630,HIV,,,0.0,10525
29631,HIV,,,0.0,10511
29632,HIV,,,0.0,10512
29633,HIV,,,0.0,10513
29634,HIV,,,0.0,3279
29635,HIV,,,0.0,3279
29636,HIV,,,0.0,3279
29637,HIV,,,0.0,5992
29638,HIV,,,0.0,10514
29639,HIV,,,0.0,10541
29640,HIV,,,0.0,5992
29641,HIV,,,0.0,10515
29642,HIV,,,0.0,5992
29643,HIV,,,0.0,10514
29644,HIV,,,0.0,5992
29645,HIV,,,0.0,5992
29646,HIV,,,0.0,441
29647,HIV,,,0.0,10516
29648,HIV,,,0.0,10517
29649,HIV,,,0.0,8392
29650,HIV,,,0.0,8392
29651,HIV,,,0.0,8392
29652,HIV,,,0.0,8392
29653,HIV,,,0.0,8392
29654,HIV,,,0.0,8392
29655,HIV,,,0.0,10518
29656,HIV,,,0.0,10519
29657,HIV,,,0.0,10520
29658,HIV,,,0.0,10409
29659,HIV,,,0.0,10521
29660,HIV,,,0.0,10525
29661,HIV,,,0.0,10522
29662,HIV,,,0.0,10521
29663,HIV,,,0.0,1606
29664,HIV,,,0.0,1606
29665,HIV,,,0.0,10523
29666,HIV,,,0.0,10524
29667,HIV,,,0.0,10524
29668,HIV,,,0.0,10523
29669,HIV,,,0.0,10523
29670,HIV,,,0.0,10525
29671,HIV,,,0.0,10525
29672,HIV,,,0.0,10540
29673,HIV,,,0.0,10526
29674,HIV,,,0.0,4348
29675,HIV,,,0.0,343
29676,HIV,,,0.0,10527
29677,HIV,,,1.0,10527
29678,HIV,,,0.0,10528
29679,HIV,,,0.0,3279
29680,HIV,,,0.0,3279
29681,HIV,,,1.0,3279
29682,HIV,,,0.0,10633
29683,HIV,,,0.0,10529
29684,HIV,,,0.0,10530
29685,HIV,,,0.0,11643
29686,HIV,,,0.0,3279
29687,HIV,,,0.0,10952
29688,HIV,,,0.0,10531
29689,HIV,,,0.0,3279
29690,HIV,,,0.0,10532
29691,HIV,,,0.0,10952
29692,HIV,,,0.0,3279
29693,HIV,,,0.0,3279
29694,HIV,,,0.0,3279
29695,HIV,,,0.0,3279
29696,HIV,,,0.0,3279
29697,HIV,,,0.0,3279
29698,HIV,,,0.0,10533
29699,HIV,,,0.0,10534
29700,HIV,,,0.0,10535
29701,HIV,,,0.0,3279
29702,HIV,,,1.0,3279
29703,HIV,,,0.0,3279
29704,HIV,,,0.0,5733
29705,HIV,,,0.0,4822
29706,HIV,,,0.0,13815
29707,HIV,,,0.0,98
29708,HIV,,,0.0,98
29709,HIV,,,0.0,3279
29710,HIV,,,0.0,10536
29711,HIV,,,0.0,3279
29712,HIV,,,0.0,6801
29713,HIV,,,0.0,10537
29714,HIV,,,0.0,343
29715,HIV,,,0.0,6801
29716,HIV,,,0.0,10538
29717,HIV,,,0.0,10539
29718,HIV,,,0.0,10540
29719,HIV,,,0.0,10541
29720,HIV,,,0.0,343
29721,HIV,,,0.0,343
29722,HIV,,,1.0,6801
29723,HIV,,,0.0,10409
29724,HIV,,,0.0,5992
29725,HIV,,,0.0,10542
29726,HIV,,,0.0,343
29727,HIV,,,0.0,10543
29728,HIV,,,0.0,343
29729,HIV,,,0.0,10409
29730,HIV,,,0.0,10544
29731,HIV,,,0.0,10544
29732,HIV,,,0.0,3279
29733,HIV,,,0.0,3279
29734,HIV,,,0.0,3279
29735,HIV,,,0.0,3279
29736,HIV,,,0.0,3279
29737,HIV,,,0.0,3279
29738,HIV,,,0.0,3279
29739,HIV,,,0.0,3279
29740,HIV,,,0.0,3279
29741,HIV,,,1.0,3279
29742,HIV,,,0.0,3279
29743,HIV,,,0.0,3279
29744,HIV,,,0.0,3279
29745,HIV,,,0.0,3279
29746,HIV,,,0.0,10545
29747,HIV,,,0.0,3279
29748,HIV,,,0.0,3279
29749,HIV,,,0.0,10546
29750,HIV,,,0.0,408
29751,HIV,,,0.0,14106
29752,HIV,,,0.0,14106
29753,HIV,,,1.0,5747
29754,HIV,,,0.0,10547
29755,HIV,,,0.0,10548
29756,HIV,,,0.0,10548
29757,HIV,,,0.0,12544
29758,HIV,,,0.0,12544
29759,HIV,,,0.0,9461
29760,HIV,,,0.0,5165
29761,HIV,,,0.0,5165
29762,HIV,,,0.0,3279
29763,HIV,,,0.0,10557
29764,HIV,,,0.0,10557
29765,HIV,,,0.0,10557
29766,HIV,,,0.0,10557
29767,HIV,,,0.0,6801
29768,HIV,,,0.0,3279
29769,HIV,,,0.0,3279
29770,HIV,,,0.0,3279
29771,HIV,,,0.0,3279
29772,HIV,,,0.0,3279
29773,HIV,,,0.0,3279
29774,HIV,,,0.0,3279
29775,HIV,,,0.0,3279
29776,HIV,,,0.0,3279
29777,HIV,,,0.0,3279
29778,HIV,,,0.0,3279
29779,HIV,,,0.0,10549
29780,HIV,,,0.0,3279
29781,HIV,,,0.0,3279
29782,HIV,,,0.0,3279
29783,HIV,,,0.0,3279
29784,HIV,,,0.0,3279
29785,HIV,,,0.0,3279
29786,HIV,,,0.0,3279
29787,HIV,,,0.0,3279
29788,HIV,,,0.0,3279
29789,HIV,,,0.0,3279
29790,HIV,,,1.0,3279
29791,HIV,,,0.0,7356
29792,HIV,,,0.0,3279
29793,HIV,,,0.0,3279
29794,HIV,,,0.0,10550
29795,HIV,,,0.0,10551
29796,HIV,,,0.0,10552
29797,HIV,,,0.0,10553
29798,HIV,,,0.0,10553
29799,HIV,,,0.0,10553
29800,HIV,,,0.0,10553
29801,HIV,,,0.0,10554
29802,HIV,,,0.0,10555
29803,HIV,,,0.0,3279
29804,HIV,,,0.0,1016
29805,HIV,,,0.0,3279
29806,HIV,,,0.0,10556
29807,HIV,,,0.0,3279
29808,HIV,,,0.0,3279
29809,HIV,,,0.0,3279
29810,HIV,,,0.0,3279
29811,HIV,,,0.0,3279
29812,HIV,,,0.0,3279
29813,HIV,,,0.0,10200
29814,HIV,,,0.0,10557
29815,HIV,,,0.0,10557
29816,HIV,,,0.0,10557
29817,HIV,,,0.0,3279
29818,HIV,,,0.0,10559
29819,HIV,,,0.0,10559
29820,HIV,,,0.0,10558
29821,HIV,,,0.0,10558
29822,HIV,,,0.0,10559
29823,HIV,,,0.0,10559
29824,HIV,,,0.0,10559
29825,HIV,,,0.0,10559
29826,HIV,,,1.0,7502
29827,HIV,,,0.0,441
29828,HIV,,,1.0,2414
29829,HIV,,,0.0,10560
29830,HIV,,,0.0,10561
29831,HIV,,,0.0,10562
29832,HIV,,,0.0,10563
29833,HIV,,,0.0,10564
29834,HIV,,,0.0,11202
29835,HIV,,,0.0,10565
29836,HIV,,,0.0,10565
29837,HIV,,,0.0,11202
29838,HIV,,,0.0,11202
29839,HIV,,,0.0,11202
29840,HIV,,,1.0,11202
29841,HIV,,,0.0,10566
29842,HIV,,,0.0,10567
29843,HIV,,,0.0,5363
29844,HIV,,,0.0,5363
29845,HIV,,,0.0,5363
29846,HIV,,,0.0,5363
29847,HIV,,,0.0,10568
29848,HIV,,,0.0,10569
29849,HIV,,,0.0,10681
29850,HIV,,,0.0,10684
29851,HIV,,,0.0,11148
29852,HIV,,,0.0,11150
29853,HIV,,,0.0,10570
29854,HIV,,,0.0,10570
29855,HIV,,,0.0,10570
29856,HIV,,,0.0,10571
29857,HIV,,,0.0,10570
29858,HIV,,,0.0,10571
29859,HIV,,,0.0,10572
29860,HIV,,,0.0,10573
29861,HIV,,,0.0,10574
29862,HIV,,,0.0,10574
29863,HIV,,,0.0,10794
29864,HIV,,,0.0,10794
29865,HIV,,,0.0,10575
29866,HIV,,,0.0,10794
29867,HIV,,,0.0,10576
29868,HIV,,,0.0,10577
29869,HIV,,,0.0,10578
29870,HIV,,,0.0,10579
29871,HIV,,,0.0,10580
29872,HIV,,,0.0,10232
29873,HIV,,,0.0,10232
29874,HIV,,,0.0,10581
29875,HIV,,,0.0,10582
29876,HIV,,,1.0,10583
29877,HIV,,,0.0,13001
29878,HIV,,,0.0,1280
29879,HIV,,,0.0,10584
29880,HIV,,,0.0,10585
29881,HIV,,,0.0,6801
29882,HIV,,,0.0,10586
29883,HIV,,,0.0,10587
29884,HIV,,,0.0,2546
29885,HIV,,,0.0,7591
29886,HIV,,,0.0,10588
29887,HIV,,,0.0,10589
29888,HIV,,,0.0,3021
29889,HIV,,,0.0,10590
29890,HIV,,,0.0,5747
29891,HIV,,,0.0,10591
29892,HIV,,,0.0,10592
29893,HIV,,,0.0,10593
29894,HIV,,,0.0,10594
29895,HIV,,,0.0,10595
29896,HIV,,,0.0,10596
29897,HIV,,,0.0,10597
29898,HIV,,,0.0,10597
29899,HIV,,,0.0,10598
29900,HIV,,,0.0,10598
29901,HIV,,,0.0,10599
29902,HIV,,,0.0,10600
29903,HIV,,,0.0,10601
29904,HIV,,,0.0,10602
29905,HIV,,,0.0,14106
29906,HIV,,,0.0,8638
29907,HIV,,,0.0,335
29908,HIV,,,0.0,3021
29909,HIV,,,0.0,36
29910,HIV,,,0.0,36
29911,HIV,,,0.0,10603
29912,HIV,,,0.0,36
29913,HIV,,,0.0,8959
29914,HIV,,,0.0,7132
29915,HIV,,,0.0,7132
29916,HIV,,,0.0,7132
29917,HIV,,,0.0,7132
29918,HIV,,,0.0,12898
29919,HIV,,,0.0,7132
29920,HIV,,,0.0,7132
29921,HIV,,,0.0,7132
29922,HIV,,,0.0,10604
29923,HIV,,,0.0,10605
29924,HIV,,,0.0,10606
29925,HIV,,,0.0,10607
29926,HIV,,,0.0,10862
29927,HIV,,,0.0,10608
29928,HIV,,,0.0,7365
29929,HIV,,,0.0,8419
29930,HIV,,,0.0,10862
29931,HIV,,,0.0,10614
29932,HIV,,,0.0,10609
29933,HIV,,,0.0,10610
29934,HIV,,,0.0,10611
29935,HIV,,,0.0,10611
29936,HIV,,,0.0,10862
29937,HIV,,,0.0,10858
29938,HIV,,,0.0,10612
29939,HIV,,,0.0,10612
29940,HIV,,,0.0,10612
29941,HIV,,,0.0,10862
29942,HIV,,,0.0,10862
29943,HIV,,,0.0,10874
29944,HIV,,,0.0,10862
29945,HIV,,,0.0,10862
29946,HIV,,,0.0,10862
29947,HIV,,,0.0,10613
29948,HIV,,,0.0,10862
29949,HIV,,,0.0,10862
29950,HIV,,,0.0,10614
29951,HIV,,,0.0,10862
29952,HIV,,,0.0,10862
29953,HIV,,,0.0,10615
29954,HIV,,,0.0,10877
29955,HIV,,,0.0,10616
29956,HIV,,,0.0,10617
29957,HIV,,,0.0,10618
29958,HIV,,,0.0,10621
29959,HIV,,,0.0,8686
29960,HIV,,,0.0,8686
29961,HIV,,,1.0,8686
29962,HIV,,,0.0,10619
29963,HIV,,,0.0,10620
29964,HIV,,,0.0,10621
29965,HIV,,,0.0,10621
29966,HIV,,,0.0,10622
29967,HIV,,,0.0,8686
29968,HIV,,,0.0,10622
29969,HIV,,,0.0,10622
29970,HIV,,,0.0,8686
29971,HIV,,,0.0,10622
29972,HIV,,,0.0,10623
29973,HIV,,,0.0,10622
29974,HIV,,,0.0,8686
29975,HIV,,,0.0,7388
29976,HIV,,,0.0,6801
29977,HIV,,,0.0,10624
29978,HIV,,,0.0,14106
29979,HIV,,,0.0,2800
29980,HIV,,,0.0,14106
29981,HIV,,,0.0,14030
29982,HIV,,,0.0,10625
29983,HIV,,,0.0,14106
29984,HIV,,,0.0,10626
29985,HIV,,,0.0,14106
29986,HIV,,,0.0,14106
29987,HIV,,,0.0,7388
29988,HIV,,,0.0,10627
29989,HIV,,,0.0,2800
29990,HIV,,,0.0,10628
29991,HIV,,,0.0,10629
29992,HIV,,,0.0,11053
29993,HIV,,,0.0,10630
29994,HIV,,,0.0,5597
29995,HIV,,,0.0,5597
29996,HIV,,,0.0,2800
29997,HIV,,,0.0,10147
29998,HIV,,,0.0,2800
29999,HIV,,,0.0,10631
30000,HIV,,,0.0,10631
30001,HIV,,,0.0,10632
30002,HIV,,,0.0,5747
30003,HIV,,,0.0,8392
30004,HIV,,,0.0,10633
30005,HIV,,,0.0,13205
30006,HIV,,,0.0,10633
30007,HIV,,,0.0,13205
30008,HIV,,,0.0,10634
30009,HIV,,,0.0,10635
30010,HIV,,,0.0,10636
30011,HIV,,,0.0,14106
30012,HIV,,,0.0,10636
30013,HIV,,,0.0,14106
30014,HIV,,,0.0,10637
30015,HIV,,,0.0,10638
30016,HIV,,,0.0,11053
30017,HIV,,,0.0,7388
30018,HIV,,,0.0,10639
30019,HIV,,,0.0,10640
30020,HIV,,,0.0,10641
30021,HIV,,,0.0,14106
30022,HIV,,,0.0,10642
30023,HIV,,,0.0,10643
30024,HIV,,,0.0,10642
30025,HIV,,,0.0,10644
30026,HIV,,,0.0,10642
30027,HIV,,,0.0,5363
30028,HIV,,,0.0,10645
30029,HIV,,,0.0,8132
30030,HIV,,,0.0,8544
30031,HIV,,,0.0,10646
30032,HIV,,,0.0,9176
30033,HIV,,,0.0,9176
30034,HIV,,,0.0,9176
30035,HIV,,,0.0,9176
30036,HIV,,,0.0,9176
30037,HIV,,,0.0,9176
30038,HIV,,,0.0,9176
30039,HIV,,,0.0,10647
30040,HIV,,,0.0,10648
30041,HIV,,,0.0,10648
30042,HIV,,,0.0,10648
30043,HIV,,,0.0,10649
30044,HIV,,,0.0,12243
30045,HIV,,,0.0,10650
30046,HIV,,,0.0,10651
30047,HIV,,,0.0,10652
30048,HIV,,,0.0,10652
30049,HIV,,,0.0,9272
30050,HIV,,,0.0,10654
30051,HIV,,,0.0,10654
30052,HIV,,,0.0,10653
30053,HIV,,,0.0,10653
30054,HIV,,,0.0,10654
30055,HIV,,,0.0,10654
30056,HIV,,,0.0,10654
30057,HIV,,,0.0,9272
30058,HIV,,,0.0,9272
30059,HIV,,,0.0,5424
30060,HIV,,,0.0,5424
30061,HIV,,,0.0,5424
30062,HIV,,,0.0,10655
30063,HIV,,,0.0,5363
30064,HIV,,,0.0,5363
30065,HIV,,,0.0,10656
30066,HIV,,,0.0,10656
30067,HIV,,,0.0,10656
30068,HIV,,,0.0,10656
30069,HIV,,,0.0,10676
30070,HIV,,,0.0,10676
30071,HIV,,,0.0,10676
30072,HIV,,,0.0,10676
30073,HIV,,,0.0,10676
30074,HIV,,,0.0,10676
30075,HIV,,,0.0,10657
30076,HIV,,,0.0,10658
30077,HIV,,,0.0,10658
30078,HIV,,,0.0,11366
30079,HIV,,,0.0,10659
30080,HIV,,,0.0,10676
30081,HIV,,,0.0,10676
30082,HIV,,,0.0,10676
30083,HIV,,,0.0,10676
30084,HIV,,,0.0,10676
30085,HIV,,,0.0,10676
30086,HIV,,,0.0,10676
30087,HIV,,,0.0,10676
30088,HIV,,,0.0,10676
30089,HIV,,,0.0,11373
30090,HIV,,,0.0,11373
30091,HIV,,,0.0,10660
30092,HIV,,,0.0,8862
30093,HIV,,,0.0,10676
30094,HIV,,,0.0,10676
30095,HIV,,,0.0,10676
30096,HIV,,,0.0,10676
30097,HIV,,,0.0,10676
30098,HIV,,,0.0,10676
30099,HIV,,,0.0,10676
30100,HIV,,,0.0,10676
30101,HIV,,,0.0,10676
30102,HIV,,,0.0,10676
30103,HIV,,,0.0,10676
30104,HIV,,,0.0,10676
30105,HIV,,,0.0,10676
30106,HIV,,,0.0,10661
30107,HIV,,,0.0,10676
30108,HIV,,,1.0,10676
30109,HIV,,,0.0,10676
30110,HIV,,,0.0,10661
30111,HIV,,,0.0,10662
30112,HIV,,,0.0,10662
30113,HIV,,,0.0,10676
30114,HIV,,,0.0,10676
30115,HIV,,,0.0,11369
30116,HIV,,,0.0,10676
30117,HIV,,,0.0,10663
30118,HIV,,,0.0,10663
30119,HIV,,,0.0,10676
30120,HIV,,,1.0,10676
30121,HIV,,,0.0,10676
30122,HIV,,,0.0,10676
30123,HIV,,,0.0,10676
30124,HIV,,,0.0,10676
30125,HIV,,,0.0,11474
30126,HIV,,,0.0,11153
30127,HIV,,,0.0,10676
30128,HIV,,,0.0,10676
30129,HIV,,,0.0,10676
30130,HIV,,,0.0,10664
30131,HIV,,,0.0,10665
30132,HIV,,,0.0,10676
30133,HIV,,,0.0,10665
30134,HIV,,,0.0,3279
30135,HIV,,,0.0,3279
30136,HIV,,,0.0,3279
30137,HIV,,,0.0,3279
30138,HIV,,,0.0,3279
30139,HIV,,,0.0,3279
30140,HIV,,,0.0,3279
30141,HIV,,,0.0,3279
30142,HIV,,,0.0,3279
30143,HIV,,,0.0,3279
30144,HIV,,,0.0,3279
30145,HIV,,,0.0,3279
30146,HIV,,,0.0,3279
30147,HIV,,,0.0,3021
30148,HIV,,,0.0,10666
30149,HIV,,,0.0,10667
30150,HIV,,,1.0,10924
30151,HIV,,,0.0,10668
30152,HIV,,,0.0,205
30153,HIV,,,0.0,10669
30154,HIV,,,0.0,10143
30155,HIV,,,0.0,10670
30156,HIV,,,0.0,10671
30157,HIV,,,0.0,10672
30158,HIV,,,0.0,10673
30159,HIV,,,0.0,10676
30160,HIV,,,0.0,10676
30161,HIV,,,0.0,10676
30162,HIV,,,0.0,10676
30163,HIV,,,0.0,10676
30164,HIV,,,0.0,10676
30165,HIV,,,0.0,10676
30166,HIV,,,0.0,10676
30167,HIV,,,0.0,10676
30168,HIV,,,0.0,10676
30169,HIV,,,0.0,10676
30170,HIV,,,0.0,10676
30171,HIV,,,0.0,10676
30172,HIV,,,0.0,10676
30173,HIV,,,0.0,10676
30174,HIV,,,0.0,10676
30175,HIV,,,0.0,10676
30176,HIV,,,0.0,10676
30177,HIV,,,0.0,10676
30178,HIV,,,0.0,10676
30179,HIV,,,0.0,10674
30180,HIV,,,0.0,10675
30181,HIV,,,0.0,10676
30182,HIV,,,0.0,10676
30183,HIV,,,0.0,10676
30184,HIV,,,0.0,10676
30185,HIV,,,0.0,10676
30186,HIV,,,0.0,10676
30187,HIV,,,0.0,10676
30188,HIV,,,0.0,10676
30189,HIV,,,0.0,10676
30190,HIV,,,0.0,10676
30191,HIV,,,0.0,10676
30192,HIV,,,0.0,10676
30193,HIV,,,0.0,10676
30194,HIV,,,0.0,10676
30195,HIV,,,0.0,10676
30196,HIV,,,0.0,10676
30197,HIV,,,0.0,10676
30198,HIV,,,0.0,10676
30199,HIV,,,0.0,10676
30200,HIV,,,0.0,10676
30201,HIV,,,0.0,10676
30202,HIV,,,0.0,11373
30203,HIV,,,0.0,11373
30204,HIV,,,0.0,11373
30205,HIV,,,0.0,10676
30206,HIV,,,0.0,10676
30207,HIV,,,0.0,10676
30208,HIV,,,0.0,10676
30209,HIV,,,0.0,10676
30210,HIV,,,0.0,10676
30211,HIV,,,0.0,10676
30212,HIV,,,0.0,10676
30213,HIV,,,0.0,10677
30214,HIV,,,0.0,10678
30215,HIV,,,0.0,10676
30216,HIV,,,0.0,10676
30217,HIV,,,0.0,10676
30218,HIV,,,0.0,10674
30219,HIV,,,0.0,10679
30220,HIV,,,0.0,10680
30221,HIV,,,0.0,441
30222,HIV,,,1.0,441
30223,HIV,,,0.0,8710
30224,HIV,,,0.0,10568
30225,HIV,,,0.0,10568
30226,HIV,,,0.0,10681
30227,HIV,,,0.0,10978
30228,HIV,,,0.0,10682
30229,HIV,,,0.0,10683
30230,HIV,,,0.0,10684
30231,HIV,,,0.0,10684
30232,HIV,,,0.0,10684
30233,HIV,,,0.0,11150
30234,HIV,,,0.0,10686
30235,HIV,,,0.0,10686
30236,HIV,,,0.0,10685
30237,HIV,,,0.0,10686
30238,HIV,,,0.0,10686
30239,HIV,,,0.0,10686
30240,HIV,,,0.0,10686
30241,HIV,,,0.0,10687
30242,HIV,,,0.0,10688
30243,HIV,,,0.0,1280
30244,HIV,,,0.0,10689
30245,HIV,,,0.0,10690
30246,HIV,,,0.0,10691
30247,HIV,,,0.0,10692
30248,HIV,,,0.0,10693
30249,HIV,,,0.0,5363
30250,HIV,,,0.0,10694
30251,HIV,,,0.0,10695
30252,HIV,,,0.0,7411
30253,HIV,,,0.0,7411
30254,HIV,,,0.0,7411
30255,HIV,,,0.0,7411
30256,HIV,,,0.0,10696
30257,HIV,,,0.0,13815
30258,HIV,,,0.0,13815
30259,HIV,,,0.0,13815
30260,HIV,,,0.0,10697
30261,HIV,,,0.0,10698
30262,HIV,,,0.0,13419
30263,HIV,,,0.0,13419
30264,HIV,,,1.0,13419
30265,HIV,,,1.0,5363
30266,HIV,,,0.0,13419
30267,HIV,,,0.0,13419
30268,HIV,,,0.0,13419
30269,HIV,,,0.0,36
30270,HIV,,,0.0,10633
30271,HIV,,,0.0,10699
30272,HIV,,,0.0,10548
30273,HIV,,,0.0,10548
30274,HIV,,,0.0,10548
30275,HIV,,,0.0,5747
30276,HIV,,,0.0,5747
30277,HIV,,,0.0,5747
30278,HIV,,,1.0,9477
30279,HIV,,,0.0,10700
30280,HIV,,,0.0,10700
30281,HIV,,,0.0,10701
30282,HIV,,,0.0,10702
30283,HIV,,,0.0,10701
30284,HIV,,,0.0,10702
30285,HIV,,,0.0,8959
30286,HIV,,,0.0,10400
30287,HIV,,,0.0,10400
30288,HIV,,,0.0,10400
30289,HIV,,,0.0,10400
30290,HIV,,,0.0,8903
30291,HIV,,,0.0,8903
30292,HIV,,,0.0,10400
30293,HIV,,,0.0,10400
30294,HIV,,,0.0,10400
30295,HIV,,,0.0,10400
30296,HIV,,,0.0,10400
30297,HIV,,,0.0,3309
30298,HIV,,,0.0,10703
30299,HIV,,,0.0,10704
30300,HIV,,,0.0,5992
30301,HIV,,,0.0,5992
30302,HIV,,,0.0,5992
30303,HIV,,,0.0,10705
30304,HIV,,,0.0,10705
30305,HIV,,,0.0,10705
30306,HIV,,,0.0,10706
30307,HIV,,,0.0,10707
30308,HIV,,,0.0,11924
30309,HIV,,,0.0,10708
30310,HIV,,,0.0,10708
30311,HIV,,,0.0,10708
30312,HIV,,,0.0,10709
30313,HIV,,,0.0,10710
30314,HIV,,,0.0,11211
30315,HIV,,,0.0,10711
30316,HIV,,,0.0,10712
30317,HIV,,,0.0,10713
30318,HIV,,,0.0,10714
30319,HIV,,,0.0,8086
30320,HIV,,,0.0,10798
30321,HIV,,,0.0,10798
30322,HIV,,,0.0,10715
30323,HIV,,,0.0,10715
30324,HIV,,,0.0,10716
30325,HIV,,,1.0,10717
30326,HIV,,,1.0,434
30327,HIV,,,1.0,434
30328,HIV,,,1.0,434
30329,HIV,,,0.0,335
30330,HIV,,,0.0,335
30331,HIV,,,0.0,335
30332,HIV,,,0.0,335
30333,HIV,,,0.0,10718
30334,HIV,,,0.0,10719
30335,HIV,,,0.0,10720
30336,HIV,,,0.0,10721
30337,HIV,,,0.0,10722
30338,HIV,,,0.0,10723
30339,HIV,,,0.0,10724
30340,HIV,,,0.0,10725
30341,HIV,,,0.0,7576
30342,HIV,,,0.0,10400
30343,HIV,,,0.0,10400
30344,HIV,,,0.0,10400
30345,HIV,,,0.0,10400
30346,HIV,,,0.0,10400
30347,HIV,,,0.0,10400
30348,HIV,,,0.0,10400
30349,HIV,,,0.0,10400
30350,HIV,,,0.0,5165
30351,HIV,,,0.0,10726
30352,HIV,,,0.0,10727
30353,HIV,,,0.0,10728
30354,HIV,,,0.0,10728
30355,HIV,,,0.0,10729
30356,HIV,,,0.0,10730
30357,HIV,,,0.0,10731
30358,HIV,,,0.0,13419
30359,HIV,,,0.0,10732
30360,HIV,,,0.0,10733
30361,HIV,,,0.0,10733
30362,HIV,,,0.0,10733
30363,HIV,,,0.0,10734
30364,HIV,,,0.0,10734
30365,HIV,,,0.0,10734
30366,HIV,,,0.0,10734
30367,HIV,,,0.0,9508
30368,HIV,,,0.0,13032
30369,HIV,,,0.0,10735
30370,HIV,,,0.0,10736
30371,HIV,,,0.0,10737
30372,HIV,,,0.0,10738
30373,HIV,,,0.0,10737
30374,HIV,,,0.0,7576
30375,HIV,,,1.0,6918
30376,HIV,,,1.0,6918
30377,HIV,,,0.0,1016
30378,HIV,,,0.0,10739
30379,HIV,,,0.0,5
30380,HIV,,,0.0,5
30381,HIV,,,0.0,5
30382,HIV,,,0.0,10740
30383,HIV,,,0.0,5
30384,HIV,,,0.0,5
30385,HIV,,,0.0,5
30386,HIV,,,0.0,5
30387,HIV,,,0.0,5
30388,HIV,,,0.0,5
30389,HIV,,,0.0,5
30390,HIV,,,0.0,5
30391,HIV,,,0.0,5
30392,HIV,,,0.0,5
30393,HIV,,,0.0,5
30394,HIV,,,0.0,5
30395,HIV,,,0.0,5
30396,HIV,,,0.0,5
30397,HIV,,,0.0,10741
30398,HIV,,,0.0,10742
30399,HIV,,,0.0,10743
30400,HIV,,,0.0,10741
30401,HIV,,,0.0,10742
30402,HIV,,,0.0,10743
30403,HIV,,,0.0,10742
30404,HIV,,,0.0,10743
30405,HIV,,,0.0,10744
30406,HIV,,,0.0,5
30407,HIV,,,0.0,5
30408,HIV,,,0.0,5
30409,HIV,,,0.0,5
30410,HIV,,,0.0,5
30411,HIV,,,0.0,5
30412,HIV,,,0.0,5
30413,HIV,,,0.0,5
30414,HIV,,,0.0,5
30415,HIV,,,0.0,5
30416,HIV,,,0.0,5
30417,HIV,,,0.0,5
30418,HIV,,,0.0,5
30419,HIV,,,0.0,5
30420,HIV,,,0.0,5
30421,HIV,,,0.0,5
30422,HIV,,,0.0,5
30423,HIV,,,0.0,5
30424,HIV,,,0.0,5
30425,HIV,,,0.0,5
30426,HIV,,,0.0,11208
30427,HIV,,,0.0,11208
30428,HIV,,,0.0,11208
30429,HIV,,,0.0,10745
30430,HIV,,,0.0,10745
30431,HIV,,,0.0,1016
30432,HIV,,,0.0,10746
30433,HIV,,,0.0,10747
30434,HIV,,,0.0,10748
30435,HIV,,,0.0,10749
30436,HIV,,,0.0,10750
30437,HIV,,,0.0,10750
30438,HIV,,,0.0,10751
30439,HIV,,,1.0,13885
30440,HIV,,,0.0,1016
30441,HIV,,,0.0,1016
30442,HIV,,,0.0,1016
30443,HIV,,,0.0,10752
30444,HIV,,,0.0,10753
30445,HIV,,,0.0,10753
30446,HIV,,,0.0,10753
30447,HIV,,,0.0,10753
30448,HIV,,,0.0,10753
30449,HIV,,,0.0,10753
30450,HIV,,,0.0,10753
30451,HIV,,,0.0,10753
30452,HIV,,,0.0,10753
30453,HIV,,,0.0,10753
30454,HIV,,,0.0,10362
30455,HIV,,,0.0,10753
30456,HIV,,,0.0,10753
30457,HIV,,,0.0,10753
30458,HIV,,,0.0,10754
30459,HIV,,,0.0,10754
30460,HIV,,,0.0,10755
30461,HIV,,,0.0,5165
30462,HIV,,,0.0,5165
30463,HIV,,,0.0,5165
30464,HIV,,,0.0,11692
30465,HIV,,,0.0,8786
30466,HIV,,,0.0,11910
30467,HIV,,,0.0,11910
30468,HIV,,,0.0,11910
30469,HIV,,,0.0,11910
30470,HIV,,,0.0,11910
30471,HIV,,,0.0,10756
30472,HIV,,,0.0,10757
30473,HIV,,,0.0,10757
30474,HIV,,,0.0,2546
30475,HIV,,,0.0,2546
30476,HIV,,,0.0,10423
30477,HIV,,,0.0,2546
30478,HIV,,,0.0,2546
30479,HIV,,,0.0,14106
30480,HIV,,,0.0,10758
30481,HIV,,,0.0,10759
30482,HIV,,,1.0,10760
30483,HIV,,,0.0,6801
30484,HIV,,,0.0,6801
30485,HIV,,,1.0,6801
30486,HIV,,,0.0,6801
30487,HIV,,,0.0,6801
30488,HIV,,,0.0,6801
30489,HIV,,,0.0,6801
30490,HIV,,,0.0,6801
30491,HIV,,,1.0,6801
30492,HIV,,,0.0,6801
30493,HIV,,,0.0,6801
30494,HIV,,,1.0,5992
30495,HIV,,,0.0,6801
30496,HIV,,,0.0,6801
30497,HIV,,,1.0,6801
30498,HIV,,,0.0,5992
30499,HIV,,,0.0,5992
30500,HIV,,,0.0,5992
30501,HIV,,,0.0,5992
30502,HIV,,,1.0,6801
30503,HIV,,,1.0,6801
30504,HIV,,,0.0,5992
30505,HIV,,,0.0,5992
30506,HIV,,,0.0,5992
30507,HIV,,,1.0,6801
30508,HIV,,,0.0,8012
30509,HIV,,,0.0,8012
30510,HIV,,,0.0,8012
30511,HIV,,,0.0,3309
30512,HIV,,,0.0,3309
30513,HIV,,,0.0,10761
30514,HIV,,,0.0,3309
30515,HIV,,,0.0,3309
30516,HIV,,,0.0,3309
30517,HIV,,,0.0,10762
30518,HIV,,,0.0,10762
30519,HIV,,,0.0,3309
30520,HIV,,,0.0,8272
30521,HIV,,,0.0,5597
30522,HIV,,,0.0,10763
30523,HIV,,,0.0,10764
30524,HIV,,,0.0,10764
30525,HIV,,,0.0,10765
30526,HIV,,,0.0,10768
30527,HIV,,,0.0,6801
30528,HIV,,,0.0,10766
30529,HIV,,,0.0,6801
30530,HIV,,,0.0,6801
30531,HIV,,,0.0,6801
30532,HIV,,,0.0,10768
30533,HIV,,,0.0,10767
30534,HIV,,,0.0,10768
30535,HIV,,,0.0,10768
30536,HIV,,,0.0,10767
30537,HIV,,,0.0,10767
30538,HIV,,,0.0,10768
30539,HIV,,,0.0,6801
30540,HIV,,,0.0,10768
30541,HIV,,,0.0,10768
30542,HIV,,,0.0,10767
30543,HIV,,,0.0,7591
30544,HIV,,,0.0,7591
30545,HIV,,,0.0,36
30546,HIV,,,0.0,36
30547,HIV,,,0.0,36
30548,HIV,,,0.0,36
30549,HIV,,,0.0,10769
30550,HIV,,,0.0,10770
30551,HIV,,,0.0,10770
30552,HIV,,,0.0,10775
30553,HIV,,,0.0,36
30554,HIV,,,0.0,36
30555,HIV,,,0.0,36
30556,HIV,,,0.0,36
30557,HIV,,,0.0,36
30558,HIV,,,0.0,36
30559,HIV,,,0.0,5747
30560,HIV,,,0.0,36
30561,HIV,,,0.0,10771
30562,HIV,,,0.0,36
30563,HIV,,,0.0,36
30564,HIV,,,0.0,36
30565,HIV,,,0.0,10772
30566,HIV,,,0.0,36
30567,HIV,,,0.0,7860
30568,HIV,,,0.0,10773
30569,HIV,,,0.0,10774
30570,HIV,,,0.0,36
30571,HIV,,,0.0,36
30572,HIV,,,0.0,36
30573,HIV,,,0.0,36
30574,HIV,,,0.0,10775
30575,HIV,,,0.0,13562
30576,HIV,,,0.0,5718
30577,HIV,,,0.0,10776
30578,HIV,,,0.0,9512
30579,HIV,,,0.0,10777
30580,HIV,,,0.0,13954
30581,HIV,,,0.0,10778
30582,HIV,,,0.0,10779
30583,HIV,,,0.0,36
30584,HIV,,,0.0,10781
30585,HIV,,,0.0,36
30586,HIV,,,0.0,36
30587,HIV,,,0.0,10780
30588,HIV,,,0.0,10786
30589,HIV,,,0.0,36
30590,HIV,,,0.0,10781
30591,HIV,,,0.0,10782
30592,HIV,,,0.0,36
30593,HIV,,,0.0,36
30594,HIV,,,0.0,36
30595,HIV,,,0.0,36
30596,HIV,,,0.0,10775
30597,HIV,,,0.0,10781
30598,HIV,,,0.0,36
30599,HIV,,,0.0,36
30600,HIV,,,0.0,36
30601,HIV,,,0.0,36
30602,HIV,,,0.0,36
30603,HIV,,,0.0,36
30604,HIV,,,0.0,36
30605,HIV,,,0.0,10783
30606,HIV,,,0.0,13954
30607,HIV,,,0.0,36
30608,HIV,,,0.0,10784
30609,HIV,,,0.0,36
30610,HIV,,,0.0,10785
30611,HIV,,,0.0,36
30612,HIV,,,0.0,36
30613,HIV,,,0.0,36
30614,HIV,,,0.0,10786
30615,HIV,,,0.0,7411
30616,HIV,,,0.0,7411
30617,HIV,,,0.0,13419
30618,HIV,,,0.0,7591
30619,HIV,,,0.0,7928
30620,HIV,,,0.0,10787
30621,HIV,,,0.0,5363
30622,HIV,,,0.0,10788
30623,HIV,,,0.0,10789
30624,HIV,,,0.0,10790
30625,HIV,,,0.0,10790
30626,HIV,,,0.0,10791
30627,HIV,,,0.0,10792
30628,HIV,,,0.0,1016
30629,HIV,,,0.0,10793
30630,HIV,,,0.0,10794
30631,HIV,,,0.0,10794
30632,HIV,,,0.0,10795
30633,HIV,,,0.0,10796
30634,HIV,,,0.0,10797
30635,HIV,,,0.0,10798
30636,HIV,,,0.0,10715
30637,HIV,,,0.0,10799
30638,HIV,,,0.0,1280
30639,HIV,,,0.0,10799
30640,HIV,,,0.0,10799
30641,HIV,,,0.0,10800
30642,HIV,,,0.0,11916
30643,HIV,,,0.0,10801
30644,HIV,,,0.0,8341
30645,HIV,,,0.0,10802
30646,HIV,,,0.0,10802
30647,HIV,,,0.0,10803
30648,HIV,,,0.0,10804
30649,HIV,,,0.0,10805
30650,HIV,,,0.0,10806
30651,HIV,,,0.0,10807
30652,HIV,,,0.0,10808
30653,HIV,,,0.0,5363
30654,HIV,,,0.0,5363
30655,HIV,,,0.0,5363
30656,HIV,,,0.0,5363
30657,HIV,,,0.0,5363
30658,HIV,,,0.0,10809
30659,HIV,,,0.0,5363
30660,HIV,,,0.0,5363
30661,HIV,,,0.0,10810
30662,HIV,,,0.0,10810
30663,HIV,,,1.0,10811
30664,HIV,,,0.0,10810
30665,HIV,,,0.0,10811
30666,HIV,,,0.0,10811
30667,HIV,,,0.0,10810
30668,HIV,,,0.0,10811
30669,HIV,,,0.0,5363
30670,HIV,,,0.0,10812
30671,HIV,,,0.0,10812
30672,HIV,,,0.0,10812
30673,HIV,,,0.0,10813
30674,HIV,,,0.0,10812
30675,HIV,,,0.0,10812
30676,HIV,,,0.0,10814
30677,HIV,,,0.0,8786
30678,HIV,,,0.0,6436
30679,HIV,,,0.0,10815
30680,HIV,,,0.0,10816
30681,HIV,,,0.0,11950
30682,HIV,,,0.0,11950
30683,HIV,,,0.0,1016
30684,HIV,,,0.0,1016
30685,HIV,,,0.0,6801
30686,HIV,,,0.0,6801
30687,HIV,,,0.0,6801
30688,HIV,,,0.0,6801
30689,HIV,,,0.0,5165
30690,HIV,,,0.0,5165
30691,HIV,,,0.0,5165
30692,HIV,,,0.0,6801
30693,HIV,,,0.0,6801
30694,HIV,,,0.0,6801
30695,HIV,,,0.0,6801
30696,HIV,,,0.0,8959
30697,HIV,,,0.0,8959
30698,HIV,,,0.0,8959
30699,HIV,,,0.0,5165
30700,HIV,,,0.0,5165
30701,HIV,,,1.0,10817
30702,HIV,,,0.0,10818
30703,HIV,,,0.0,11396
30704,HIV,,,0.0,10819
30705,HIV,,,0.0,9123
30706,HIV,,,0.0,10820
30707,HIV,,,0.0,10821
30708,HIV,,,0.0,10822
30709,HIV,,,0.0,10823
30710,HIV,,,0.0,10824
30711,HIV,,,0.0,10826
30712,HIV,,,0.0,10825
30713,HIV,,,0.0,10826
30714,HIV,,,0.0,10825
30715,HIV,,,0.0,8454
30716,HIV,,,0.0,8454
30717,HIV,,,0.0,8454
30718,HIV,,,0.0,10138
30719,HIV,,,0.0,10138
30720,HIV,,,0.0,10138
30721,HIV,,,1.0,10138
30722,HIV,,,0.0,10138
30723,HIV,,,0.0,10138
30724,HIV,,,0.0,10138
30725,HIV,,,0.0,10138
30726,HIV,,,0.0,11301
30727,HIV,,,0.0,11301
30728,HIV,,,0.0,11301
30729,HIV,,,1.0,11301
30730,HIV,,,0.0,11301
30731,HIV,,,0.0,10827
30732,HIV,,,0.0,10827
30733,HIV,,,0.0,10827
30734,HIV,,,0.0,10827
30735,HIV,,,0.0,10827
30736,HIV,,,0.0,10828
30737,HIV,,,0.0,10828
30738,HIV,,,0.0,10828
30739,HIV,,,0.0,10828
30740,HIV,,,0.0,10828
30741,HIV,,,0.0,10829
30742,HIV,,,0.0,10830
30743,HIV,,,0.0,10831
30744,HIV,,,0.0,10832
30745,HIV,,,0.0,10834
30746,HIV,,,0.0,10834
30747,HIV,,,0.0,10833
30748,HIV,,,0.0,10834
30749,HIV,,,0.0,10834
30750,HIV,,,0.0,2932
30751,HIV,,,0.0,10835
30752,HIV,,,0.0,10835
30753,HIV,,,0.0,10836
30754,HIV,,,0.0,10837
30755,HIV,,,0.0,10837
30756,HIV,,,0.0,10838
30757,HIV,,,0.0,10839
30758,HIV,,,0.0,10840
30759,HIV,,,0.0,10841
30760,HIV,,,0.0,10841
30761,HIV,,,0.0,10842
30762,HIV,,,0.0,10843
30763,HIV,,,0.0,10841
30764,HIV,,,0.0,10844
30765,HIV,,,0.0,10845
30766,HIV,,,0.0,10846
30767,HIV,,,0.0,10847
30768,HIV,,,0.0,10848
30769,HIV,,,0.0,10746
30770,HIV,,,0.0,10849
30771,HIV,,,0.0,10850
30772,HIV,,,0.0,10850
30773,HIV,,,0.0,10851
30774,HIV,,,0.0,10852
30775,HIV,,,0.0,13419
30776,HIV,,,0.0,13419
30777,HIV,,,0.0,13419
30778,HIV,,,0.0,13419
30779,HIV,,,0.0,10853
30780,HIV,,,0.0,285
30781,HIV,,,0.0,285
30782,HIV,,,0.0,10854
30783,HIV,,,0.0,10855
30784,HIV,,,0.0,10856
30785,HIV,,,0.0,10857
30786,HIV,,,0.0,10858
30787,HIV,,,0.0,10858
30788,HIV,,,0.0,10859
30789,HIV,,,0.0,10862
30790,HIV,,,0.0,10862
30791,HIV,,,0.0,10862
30792,HIV,,,0.0,10862
30793,HIV,,,0.0,10860
30794,HIV,,,0.0,10862
30795,HIV,,,0.0,10861
30796,HIV,,,0.0,10862
30797,HIV,,,0.0,10862
30798,HIV,,,0.0,10862
30799,HIV,,,0.0,10862
30800,HIV,,,0.0,10862
30801,HIV,,,0.0,10862
30802,HIV,,,0.0,10862
30803,HIV,,,0.0,10862
30804,HIV,,,0.0,9239
30805,HIV,,,0.0,10862
30806,HIV,,,0.0,10862
30807,HIV,,,0.0,10862
30808,HIV,,,0.0,10862
30809,HIV,,,0.0,10862
30810,HIV,,,0.0,10862
30811,HIV,,,0.0,10862
30812,HIV,,,0.0,10862
30813,HIV,,,0.0,10862
30814,HIV,,,0.0,10862
30815,HIV,,,0.0,10862
30816,HIV,,,0.0,10862
30817,HIV,,,0.0,10862
30818,HIV,,,0.0,10862
30819,HIV,,,1.0,10862
30820,HIV,,,0.0,10862
30821,HIV,,,0.0,10862
30822,HIV,,,0.0,10862
30823,HIV,,,0.0,10862
30824,HIV,,,0.0,10862
30825,HIV,,,0.0,10862
30826,HIV,,,0.0,10862
30827,HIV,,,0.0,10862
30828,HIV,,,0.0,10862
30829,HIV,,,0.0,10862
30830,HIV,,,0.0,10862
30831,HIV,,,0.0,10862
30832,HIV,,,0.0,10862
30833,HIV,,,0.0,9239
30834,HIV,,,0.0,10862
30835,HIV,,,0.0,10862
30836,HIV,,,0.0,10862
30837,HIV,,,0.0,10862
30838,HIV,,,0.0,10862
30839,HIV,,,0.0,10862
30840,HIV,,,0.0,10877
30841,HIV,,,0.0,10863
30842,HIV,,,0.0,10863
30843,HIV,,,0.0,12250
30844,HIV,,,0.0,10864
30845,HIV,,,0.0,12249
30846,HIV,,,0.0,10865
30847,HIV,,,0.0,10865
30848,HIV,,,0.0,12249
30849,HIV,,,0.0,12251
30850,HIV,,,0.0,10866
30851,HIV,,,0.0,10867
30852,HIV,,,0.0,7662
30853,HIV,,,0.0,10868
30854,HIV,,,0.0,10869
30855,HIV,,,0.0,10870
30856,HIV,,,0.0,10868
30857,HIV,,,0.0,10868
30858,HIV,,,0.0,10870
30859,HIV,,,0.0,10868
30860,HIV,,,0.0,10868
30861,HIV,,,0.0,10868
30862,HIV,,,0.0,10871
30863,HIV,,,0.0,10868
30864,HIV,,,0.0,10868
30865,HIV,,,0.0,10868
30866,HIV,,,0.0,10868
30867,HIV,,,0.0,11406
30868,HIV,,,0.0,11406
30869,HIV,,,0.0,11406
30870,HIV,,,0.0,11406
30871,HIV,,,0.0,6801
30872,HIV,,,0.0,11406
30873,HIV,,,0.0,11406
30874,HIV,,,0.0,11406
30875,HIV,,,0.0,11406
30876,HIV,,,0.0,11406
30877,HIV,,,0.0,11406
30878,HIV,,,0.0,11406
30879,HIV,,,0.0,3011
30880,HIV,,,0.0,11406
30881,HIV,,,0.0,11406
30882,HIV,,,0.0,11406
30883,HIV,,,0.0,11406
30884,HIV,,,0.0,11406
30885,HIV,,,0.0,10872
30886,HIV,,,0.0,10872
30887,HIV,,,0.0,11406
30888,HIV,,,0.0,10873
30889,HIV,,,0.0,10873
30890,HIV,,,0.0,10862
30891,HIV,,,0.0,10862
30892,HIV,,,0.0,10874
30893,HIV,,,0.0,10874
30894,HIV,,,0.0,10862
30895,HIV,,,0.0,10862
30896,HIV,,,0.0,10862
30897,HIV,,,0.0,10862
30898,HIV,,,0.0,10875
30899,HIV,,,0.0,10862
30900,HIV,,,0.0,10862
30901,HIV,,,0.0,10862
30902,HIV,,,0.0,10862
30903,HIV,,,0.0,10862
30904,HIV,,,0.0,10862
30905,HIV,,,0.0,10862
30906,HIV,,,0.0,10862
30907,HIV,,,0.0,10862
30908,HIV,,,0.0,10876
30909,HIV,,,0.0,10876
30910,HIV,,,0.0,10876
30911,HIV,,,0.0,10876
30912,HIV,,,0.0,10876
30913,HIV,,,0.0,10876
30914,HIV,,,0.0,10862
30915,HIV,,,0.0,10862
30916,HIV,,,0.0,10862
30917,HIV,,,0.0,10862
30918,HIV,,,0.0,10862
30919,HIV,,,0.0,10862
30920,HIV,,,0.0,10862
30921,HIV,,,0.0,10862
30922,HIV,,,0.0,10862
30923,HIV,,,0.0,10862
30924,HIV,,,0.0,10862
30925,HIV,,,0.0,10862
30926,HIV,,,0.0,10862
30927,HIV,,,0.0,10862
30928,HIV,,,0.0,10877
30929,HIV,,,0.0,10877
30930,HIV,,,0.0,10877
30931,HIV,,,0.0,10877
30932,HIV,,,0.0,1016
30933,HIV,,,0.0,1016
30934,HIV,,,0.0,1016
30935,HIV,,,0.0,1016
30936,HIV,,,0.0,11141
30937,HIV,,,0.0,10878
30938,HIV,,,0.0,10878
30939,HIV,,,0.0,10879
30940,HIV,,,0.0,10880
30941,HIV,,,0.0,10880
30942,HIV,,,0.0,1016
30943,HIV,,,0.0,7356
30944,HIV,,,0.0,7356
30945,HIV,,,0.0,7356
30946,HIV,,,0.0,7356
30947,HIV,,,0.0,7356
30948,HIV,,,0.0,434
30949,HIV,,,0.0,10881
30950,HIV,,,0.0,10881
30951,HIV,,,0.0,10881
30952,HIV,,,0.0,10881
30953,HIV,,,0.0,10882
30954,HIV,,,0.0,10882
30955,HIV,,,1.0,45
30956,HIV,,,0.0,10883
30957,HIV,,,0.0,7761
30958,HIV,,,0.0,10884
30959,HIV,,,0.0,10480
30960,HIV,,,0.0,10480
30961,HIV,,,0.0,3279
30962,HIV,,,0.0,10885
30963,HIV,,,0.0,10886
30964,HIV,,,0.0,7591
30965,HIV,,,0.0,11196
30966,HIV,,,0.0,10887
30967,HIV,,,0.0,10888
30968,HIV,,,0.0,10889
30969,HIV,,,0.0,10890
30970,HIV,,,0.0,335
30971,HIV,,,0.0,335
30972,HIV,,,0.0,10891
30973,HIV,,,0.0,7584
30974,HIV,,,0.0,10892
30975,HIV,,,0.0,10893
30976,HIV,,,0.0,10894
30977,HIV,,,0.0,10896
30978,HIV,,,0.0,10896
30979,HIV,,,0.0,10895
30980,HIV,,,0.0,10896
30981,HIV,,,0.0,10897
30982,HIV,,,0.0,6230
30983,HIV,,,0.0,10897
30984,HIV,,,0.0,10897
30985,HIV,,,0.0,10900
30986,HIV,,,0.0,10898
30987,HIV,,,0.0,10899
30988,HIV,,,0.0,6230
30989,HIV,,,0.0,10899
30990,HIV,,,0.0,10899
30991,HIV,,,0.0,10900
30992,HIV,,,0.0,10900
30993,HIV,,,0.0,6230
30994,HIV,,,0.0,10897
30995,HIV,,,0.0,10897
30996,HIV,,,0.0,6230
30997,HIV,,,0.0,10901
30998,HIV,,,0.0,10901
30999,HIV,,,0.0,5597
31000,HIV,,,0.0,10902
31001,HIV,,,0.0,10903
31002,HIV,,,0.0,10904
31003,HIV,,,0.0,10905
31004,HIV,,,0.0,10906
31005,HIV,,,0.0,10907
31006,HIV,,,0.0,10908
31007,HIV,,,0.0,10909
31008,HIV,,,0.0,10910
31009,HIV,,,0.0,10911
31010,HIV,,,0.0,10912
31011,HIV,,,0.0,1016
31012,HIV,,,0.0,1016
31013,HIV,,,0.0,5
31014,HIV,,,0.0,10913
31015,HIV,,,0.0,10914
31016,HIV,,,0.0,10915
31017,HIV,,,0.0,10916
31018,HIV,,,0.0,10917
31019,HIV,,,1.0,11662
31020,HIV,,,0.0,11358
31021,HIV,,,0.0,11358
31022,HIV,,,0.0,11358
31023,HIV,,,0.0,11358
31024,HIV,,,0.0,10138
31025,HIV,,,0.0,10918
31026,HIV,,,0.0,10918
31027,HIV,,,0.0,10919
31028,HIV,,,0.0,10920
31029,HIV,,,0.0,10921
31030,HIV,,,0.0,10922
31031,HIV,,,0.0,10923
31032,HIV,,,0.0,3309
31033,HIV,,,0.0,3309
31034,HIV,,,0.0,3309
31035,HIV,,,0.0,3309
31036,HIV,,,0.0,10924
31037,HIV,,,0.0,10925
31038,HIV,,,0.0,7576
31039,HIV,,,0.0,7576
31040,HIV,,,0.0,7576
31041,HIV,,,0.0,5718
31042,HIV,,,0.0,5718
31043,HIV,,,0.0,5718
31044,HIV,,,0.0,10926
31045,HIV,,,0.0,10927
31046,HIV,,,0.0,10928
31047,HIV,,,0.0,10929
31048,HIV,,,0.0,10929
31049,HIV,,,0.0,10930
31050,HIV,,,0.0,10656
31051,HIV,,,0.0,10656
31052,HIV,,,0.0,10656
31053,HIV,,,0.0,10931
31054,HIV,,,0.0,10932
31055,HIV,,,0.0,10933
31056,HIV,,,0.0,10933
31057,HIV,,,0.0,10934
31058,HIV,,,0.0,205
31059,HIV,,,0.0,10935
31060,HIV,,,0.0,3279
31061,HIV,,,0.0,10936
31062,HIV,,,1.0,3279
31063,HIV,,,0.0,3279
31064,HIV,,,0.0,3279
31065,HIV,,,0.0,10939
31066,HIV,,,0.0,10937
31067,HIV,,,0.0,10938
31068,HIV,,,0.0,10939
31069,HIV,,,0.0,3279
31070,HIV,,,0.0,3279
31071,HIV,,,0.0,3279
31072,HIV,,,0.0,3279
31073,HIV,,,0.0,10939
31074,HIV,,,0.0,10940
31075,HIV,,,0.0,10941
31076,HIV,,,0.0,10941
31077,HIV,,,0.0,5597
31078,HIV,,,0.0,10942
31079,HIV,,,0.0,3279
31080,HIV,,,0.0,3279
31081,HIV,,,0.0,3279
31082,HIV,,,0.0,3279
31083,HIV,,,0.0,3279
31084,HIV,,,0.0,3279
31085,HIV,,,0.0,10944
31086,HIV,,,0.0,3279
31087,HIV,,,0.0,10943
31088,HIV,,,1.0,3279
31089,HIV,,,0.0,3279
31090,HIV,,,0.0,10944
31091,HIV,,,0.0,3279
31092,HIV,,,0.0,10138
31093,HIV,,,0.0,12557
31094,HIV,,,0.0,10945
31095,HIV,,,0.0,8316
31096,HIV,,,0.0,12557
31097,HIV,,,0.0,12557
31098,HIV,,,0.0,8316
31099,HIV,,,0.0,10946
31100,HIV,,,0.0,10946
31101,HIV,,,0.0,10946
31102,HIV,,,0.0,10946
31103,HIV,,,0.0,10946
31104,HIV,,,0.0,10946
31105,HIV,,,0.0,10946
31106,HIV,,,0.0,10947
31107,HIV,,,0.0,10948
31108,HIV,,,0.0,10949
31109,HIV,,,0.0,10952
31110,HIV,,,0.0,10950
31111,HIV,,,0.0,10952
31112,HIV,,,0.0,10951
31113,HIV,,,0.0,10952
31114,HIV,,,0.0,3279
31115,HIV,,,0.0,3279
31116,HIV,,,0.0,3279
31117,HIV,,,0.0,3279
31118,HIV,,,0.0,10953
31119,HIV,,,0.0,10953
31120,HIV,,,0.0,3279
31121,HIV,,,0.0,3279
31122,HIV,,,0.0,3279
31123,HIV,,,0.0,3279
31124,HIV,,,0.0,3279
31125,HIV,,,0.0,3279
31126,HIV,,,0.0,3279
31127,HIV,,,0.0,3279
31128,HIV,,,0.0,10953
31129,HIV,,,0.0,3279
31130,HIV,,,0.0,3279
31131,HIV,,,0.0,3279
31132,HIV,,,1.0,3279
31133,HIV,,,0.0,10954
31134,HIV,,,0.0,10954
31135,HIV,,,0.0,10935
31136,HIV,,,0.0,3279
31137,HIV,,,0.0,3279
31138,HIV,,,0.0,3279
31139,HIV,,,0.0,3279
31140,HIV,,,0.0,3279
31141,HIV,,,0.0,7289
31142,HIV,,,0.0,8392
31143,HIV,,,0.0,10956
31144,HIV,,,0.0,10955
31145,HIV,,,0.0,10956
31146,HIV,,,0.0,10956
31147,HIV,,,0.0,10956
31148,HIV,,,0.0,10956
31149,HIV,,,0.0,10956
31150,HIV,,,0.0,10957
31151,HIV,,,0.0,10958
31152,HIV,,,0.0,7591
31153,HIV,,,0.0,6752
31154,HIV,,,0.0,6752
31155,HIV,,,0.0,6752
31156,HIV,,,1.0,6752
31157,HIV,,,0.0,6752
31158,HIV,,,0.0,6752
31159,HIV,,,0.0,6752
31160,HIV,,,0.0,10959
31161,HIV,,,0.0,7337
31162,HIV,,,0.0,10960
31163,HIV,,,0.0,10961
31164,HIV,,,0.0,10962
31165,HIV,,,0.0,10963
31166,HIV,,,0.0,10964
31167,HIV,,,1.0,5501
31168,HIV,,,0.0,13419
31169,HIV,,,0.0,13419
31170,HIV,,,0.0,5363
31171,HIV,,,0.0,13419
31172,HIV,,,0.0,13419
31173,HIV,,,0.0,13419
31174,HIV,,,0.0,13419
31175,HIV,,,0.0,13419
31176,HIV,,,0.0,13419
31177,HIV,,,0.0,13419
31178,HIV,,,0.0,13419
31179,HIV,,,0.0,5363
31180,HIV,,,0.0,13419
31181,HIV,,,0.0,10565
31182,HIV,,,1.0,11202
31183,HIV,,,0.0,5363
31184,HIV,,,0.0,7591
31185,HIV,,,0.0,5363
31186,HIV,,,0.0,10965
31187,HIV,,,0.0,10966
31188,HIV,,,0.0,10138
31189,HIV,,,0.0,10967
31190,HIV,,,0.0,10968
31191,HIV,,,0.0,10969
31192,HIV,,,0.0,10970
31193,HIV,,,0.0,10971
31194,HIV,,,0.0,205
31195,HIV,,,0.0,205
31196,HIV,,,0.0,10746
31197,HIV,,,0.0,5165
31198,HIV,,,0.0,10972
31199,HIV,,,0.0,3309
31200,HIV,,,0.0,3309
31201,HIV,,,0.0,3309
31202,HIV,,,0.0,10973
31203,HIV,,,0.0,10974
31204,HIV,,,0.0,10974
31205,HIV,,,0.0,10974
31206,HIV,,,0.0,3021
31207,HIV,,,0.0,6918
31208,HIV,,,0.0,6918
31209,HIV,,,0.0,6918
31210,HIV,,,0.0,10975
31211,HIV,,,0.0,10976
31212,HIV,,,0.0,10977
31213,HIV,,,0.0,10568
31214,HIV,,,0.0,10681
31215,HIV,,,1.0,10978
31216,HIV,,,0.0,10684
31217,HIV,,,0.0,10979
31218,HIV,,,0.0,10980
31219,HIV,,,0.0,10976
31220,HIV,,,0.0,1618
31221,HIV,,,0.0,10981
31222,HIV,,,0.0,1618
31223,HIV,,,0.0,10981
31224,HIV,,,0.0,10981
31225,HIV,,,0.0,6752
31226,HIV,,,0.0,6752
31227,HIV,,,0.0,10982
31228,HIV,,,0.0,5424
31229,HIV,,,0.0,5165
31230,HIV,,,0.0,10983
31231,HIV,,,0.0,10984
31232,HIV,,,0.0,10989
31233,HIV,,,0.0,10985
31234,HIV,,,0.0,10986
31235,HIV,,,0.0,10986
31236,HIV,,,0.0,10984
31237,HIV,,,0.0,10990
31238,HIV,,,0.0,10991
31239,HIV,,,0.0,10992
31240,HIV,,,0.0,10987
31241,HIV,,,0.0,10988
31242,HIV,,,0.0,10984
31243,HIV,,,0.0,10989
31244,HIV,,,0.0,10985
31245,HIV,,,0.0,10986
31246,HIV,,,0.0,10986
31247,HIV,,,0.0,10984
31248,HIV,,,0.0,10990
31249,HIV,,,0.0,10991
31250,HIV,,,0.0,10992
31251,HIV,,,0.0,10993
31252,HIV,,,0.0,10993
31253,HIV,,,0.0,10994
31254,HIV,,,0.0,10995
31255,HIV,,,1.0,5165
31256,HIV,,,1.0,5165
31257,HIV,,,1.0,434
31258,HIV,,,0.0,10996
31259,HIV,,,0.0,2546
31260,HIV,,,0.0,2546
31261,HIV,,,0.0,2546
31262,HIV,,,0.0,2546
31263,HIV,,,0.0,2546
31264,HIV,,,0.0,2546
31265,HIV,,,0.0,10997
31266,HIV,,,0.0,9908
31267,HIV,,,0.0,13164
31268,HIV,,,0.0,10998
31269,HIV,,,0.0,10999
31270,HIV,,,0.0,11000
31271,HIV,,,0.0,9908
31272,HIV,,,0.0,9908
31273,HIV,,,0.0,11001
31274,HIV,,,0.0,11002
31275,HIV,,,0.0,11002
31276,HIV,,,0.0,11003
31277,HIV,,,0.0,11003
31278,HIV,,,0.0,9908
31279,HIV,,,0.0,11004
31280,HIV,,,0.0,11004
31281,HIV,,,0.0,10997
31282,HIV,,,0.0,11005
31283,HIV,,,0.0,11006
31284,HIV,,,0.0,11006
31285,HIV,,,0.0,11006
31286,HIV,,,0.0,11007
31287,HIV,,,1.0,11007
31288,HIV,,,0.0,13793
31289,HIV,,,0.0,11008
31290,HIV,,,0.0,11009
31291,HIV,,,0.0,11223
31292,HIV,,,0.0,11010
31293,HIV,,,0.0,11011
31294,HIV,,,0.0,11012
31295,HIV,,,0.0,11012
31296,HIV,,,0.0,11013
31297,HIV,,,0.0,11014
31298,HIV,,,0.0,10185
31299,HIV,,,0.0,11014
31300,HIV,,,0.0,11014
31301,HIV,,,0.0,11015
31302,HIV,,,0.0,11016
31303,HIV,,,0.0,11017
31304,HIV,,,1.0,11018
31305,HIV,,,1.0,11019
31306,HIV,,,1.0,441
31307,HIV,,,0.0,11020
31308,HIV,,,0.0,6801
31309,HIV,,,0.0,11020
31310,HIV,,,0.0,11021
31311,HIV,,,0.0,11020
31312,HIV,,,0.0,11022
31313,HIV,,,0.0,11022
31314,HIV,,,0.0,11022
31315,HIV,,,0.0,11023
31316,HIV,,,0.0,11024
31317,HIV,,,1.0,5165
31318,HIV,,,1.0,5165
31319,HIV,,,1.0,434
31320,HIV,,,0.0,335
31321,HIV,,,0.0,3021
31322,HIV,,,0.0,2546
31323,HIV,,,0.0,2546
31324,HIV,,,0.0,2546
31325,HIV,,,0.0,2546
31326,HIV,,,0.0,2546
31327,HIV,,,0.0,2546
31328,HIV,,,0.0,2546
31329,HIV,,,0.0,2546
31330,HIV,,,0.0,2546
31331,HIV,,,0.0,2546
31332,HIV,,,0.0,2546
31333,HIV,,,0.0,6436
31334,HIV,,,0.0,6436
31335,HIV,,,0.0,11025
31336,HIV,,,0.0,6436
31337,HIV,,,0.0,6436
31338,HIV,,,0.0,6436
31339,HIV,,,0.0,13419
31340,HIV,,,0.0,12533
31341,HIV,,,0.0,12533
31342,HIV,,,0.0,11296
31343,HIV,,,0.0,12533
31344,HIV,,,0.0,11296
31345,HIV,,,0.0,12533
31346,HIV,,,0.0,12533
31347,HIV,,,0.0,12533
31348,HIV,,,0.0,12533
31349,HIV,,,0.0,12533
31350,HIV,,,0.0,11026
31351,HIV,,,0.0,11026
31352,HIV,,,0.0,11027
31353,HIV,,,0.0,3309
31354,HIV,,,0.0,11028
31355,HIV,,,0.0,3309
31356,HIV,,,0.0,3309
31357,HIV,,,0.0,11029
31358,HIV,,,0.0,11030
31359,HIV,,,0.0,11030
31360,HIV,,,0.0,11030
31361,HIV,,,0.0,11031
31362,HIV,,,0.0,11032
31363,HIV,,,0.0,11032
31364,HIV,,,0.0,5363
31365,HIV,,,0.0,5363
31366,HIV,,,0.0,5363
31367,HIV,,,0.0,5363
31368,HIV,,,0.0,5363
31369,HIV,,,0.0,5363
31370,HIV,,,0.0,5363
31371,HIV,,,0.0,5363
31372,HIV,,,0.0,5363
31373,HIV,,,0.0,5363
31374,HIV,,,0.0,11032
31375,HIV,,,0.0,5363
31376,HIV,,,0.0,5363
31377,HIV,,,0.0,5363
31378,HIV,,,0.0,5363
31379,HIV,,,0.0,5363
31380,HIV,,,0.0,5363
31381,HIV,,,0.0,335
31382,HIV,,,0.0,10138
31383,HIV,,,0.0,11033
31384,HIV,,,0.0,5363
31385,HIV,,,0.0,11034
31386,HIV,,,0.0,11035
31387,HIV,,,0.0,11036
31388,HIV,,,0.0,11037
31389,HIV,,,0.0,11038
31390,HIV,,,0.0,7411
31391,HIV,,,0.0,11039
31392,HIV,,,0.0,11040
31393,HIV,,,0.0,11040
31394,HIV,,,0.0,11041
31395,HIV,,,0.0,11042
31396,HIV,,,0.0,11043
31397,HIV,,,0.0,7604
31398,HIV,,,0.0,7604
31399,HIV,,,0.0,7604
31400,HIV,,,0.0,7604
31401,HIV,,,0.0,7604
31402,HIV,,,0.0,7604
31403,HIV,,,0.0,7604
31404,HIV,,,0.0,7604
31405,HIV,,,0.0,10753
31406,HIV,,,0.0,10753
31407,HIV,,,0.0,10753
31408,HIV,,,0.0,10753
31409,HIV,,,0.0,10753
31410,HIV,,,0.0,10753
31411,HIV,,,0.0,13474
31412,HIV,,,1.0,10753
31413,HIV,,,0.0,10753
31414,HIV,,,0.0,13472
31415,HIV,,,0.0,13472
31416,HIV,,,0.0,13472
31417,HIV,,,0.0,13472
31418,HIV,,,0.0,10753
31419,HIV,,,0.0,10753
31420,HIV,,,0.0,10753
31421,HIV,,,0.0,13472
31422,HIV,,,0.0,13472
31423,HIV,,,0.0,13472
31424,HIV,,,0.0,13472
31425,HIV,,,0.0,10753
31426,HIV,,,0.0,10753
31427,HIV,,,0.0,7946
31428,HIV,,,0.0,7946
31429,HIV,,,0.0,11044
31430,HIV,,,0.0,5165
31431,HIV,,,1.0,5165
31432,HIV,,,0.0,13075
31433,HIV,,,0.0,11045
31434,HIV,,,0.0,11046
31435,HIV,,,0.0,5363
31436,HIV,,,0.0,11047
31437,HIV,,,0.0,10633
31438,HIV,,,0.0,11950
31439,HIV,,,0.0,11950
31440,HIV,,,1.0,434
31441,HIV,,,1.0,434
31442,HIV,,,0.0,11048
31443,HIV,,,0.0,10400
31444,HIV,,,0.0,10400
31445,HIV,,,0.0,11049
31446,HIV,,,0.0,11049
31447,HIV,,,0.0,11049
31448,HIV,,,0.0,11049
31449,HIV,,,0.0,11050
31450,HIV,,,0.0,7591
31451,HIV,,,0.0,7591
31452,HIV,,,0.0,7591
31453,HIV,,,0.0,7591
31454,HIV,,,0.0,7591
31455,HIV,,,0.0,7591
31456,HIV,,,0.0,7591
31457,HIV,,,0.0,7591
31458,HIV,,,0.0,7591
31459,HIV,,,0.0,7591
31460,HIV,,,0.0,7591
31461,HIV,,,0.0,7591
31462,HIV,,,0.0,7591
31463,HIV,,,0.0,7591
31464,HIV,,,0.0,7591
31465,HIV,,,0.0,7591
31466,HIV,,,0.0,7591
31467,HIV,,,0.0,10746
31468,HIV,,,0.0,11051
31469,HIV,,,0.0,5747
31470,HIV,,,0.0,1344
31471,HIV,,,0.0,1344
31472,HIV,,,0.0,1344
31473,HIV,,,0.0,2688
31474,HIV,,,0.0,1344
31475,HIV,,,0.0,11052
31476,HIV,,,0.0,10400
31477,HIV,,,0.0,10400
31478,HIV,,,0.0,10400
31479,HIV,,,0.0,10400
31480,HIV,,,0.0,10400
31481,HIV,,,0.0,8903
31482,HIV,,,0.0,10400
31483,HIV,,,0.0,10400
31484,HIV,,,0.0,10400
31485,HIV,,,0.0,6801
31486,HIV,,,0.0,10400
31487,HIV,,,0.0,6801
31488,HIV,,,0.0,5165
31489,HIV,,,1.0,5165
31490,HIV,,,0.0,10746
31491,HIV,,,0.0,11053
31492,HIV,,,0.0,11053
31493,HIV,,,0.0,11053
31494,HIV,,,0.0,8392
31495,HIV,,,0.0,8392
31496,HIV,,,0.0,5992
31497,HIV,,,0.0,13205
31498,HIV,,,0.0,11054
31499,HIV,,,0.0,11055
31500,HIV,,,0.0,11056
31501,HIV,,,0.0,5992
31502,HIV,,,0.0,11057
31503,HIV,,,0.0,14114
31504,HIV,,,0.0,11058
31505,HIV,,,0.0,5992
31506,HIV,,,0.0,11059
31507,HIV,,,0.0,11059
31508,HIV,,,0.0,11059
31509,HIV,,,1.0,13539
31510,HIV,,,1.0,13539
31511,HIV,,,1.0,13539
31512,HIV,,,0.0,13539
31513,HIV,,,1.0,13539
31514,HIV,,,1.0,13539
31515,HIV,,,0.0,13539
31516,HIV,,,1.0,13539
31517,HIV,,,1.0,13539
31518,HIV,,,1.0,13539
31519,HIV,,,0.0,13539
31520,HIV,,,0.0,13539
31521,HIV,,,0.0,11060
31522,HIV,,,0.0,11060
31523,HIV,,,0.0,11060
31524,HIV,,,0.0,11061
31525,HIV,,,1.0,14060
31526,HIV,,,0.0,14060
31527,HIV,,,0.0,14060
31528,HIV,,,0.0,13539
31529,HIV,,,0.0,13539
31530,HIV,,,0.0,13539
31531,HIV,,,1.0,11062
31532,HIV,,,0.0,11062
31533,HIV,,,1.0,9416
31534,HIV,,,1.0,13539
31535,HIV,,,0.0,11063
31536,HIV,,,0.0,8341
31537,HIV,,,0.0,7356
31538,HIV,,,0.0,7388
31539,HIV,,,0.0,7388
31540,HIV,,,0.0,45
31541,HIV,,,0.0,2892
31542,HIV,,,0.0,10232
31543,HIV,,,0.0,10232
31544,HIV,,,0.0,10230
31545,HIV,,,0.0,11064
31546,HIV,,,0.0,11065
31547,HIV,,,0.0,12633
31548,HIV,,,0.0,1016
31549,HIV,,,0.0,10138
31550,HIV,,,0.0,10138
31551,HIV,,,0.0,11066
31552,HIV,,,0.0,11067
31553,HIV,,,0.0,11068
31554,HIV,,,0.0,11069
31555,HIV,,,0.0,11069
31556,HIV,,,0.0,11069
31557,HIV,,,0.0,11069
31558,HIV,,,0.0,11069
31559,HIV,,,0.0,11069
31560,HIV,,,0.0,11069
31561,HIV,,,0.0,11069
31562,HIV,,,0.0,11069
31563,HIV,,,0.0,11069
31564,HIV,,,0.0,11069
31565,HIV,,,0.0,11069
31566,HIV,,,0.0,11069
31567,HIV,,,0.0,11070
31568,HIV,,,0.0,6436
31569,HIV,,,0.0,6436
31570,HIV,,,0.0,6436
31571,HIV,,,0.0,6436
31572,HIV,,,0.0,6436
31573,HIV,,,0.0,6436
31574,HIV,,,0.0,6436
31575,HIV,,,0.0,6436
31576,HIV,,,0.0,6436
31577,HIV,,,0.0,6436
31578,HIV,,,0.0,11071
31579,HIV,,,0.0,11071
31580,HIV,,,0.0,11072
31581,HIV,,,0.0,11073
31582,HIV,,,0.0,12633
31583,HIV,,,0.0,12633
31584,HIV,,,0.0,12633
31585,HIV,,,0.0,11074
31586,HIV,,,0.0,11075
31587,HIV,,,0.0,11075
31588,HIV,,,0.0,11076
31589,HIV,,,0.0,11076
31590,HIV,,,0.0,11076
31591,HIV,,,0.0,11076
31592,HIV,,,0.0,11076
31593,HIV,,,0.0,11076
31594,HIV,,,0.0,11076
31595,HIV,,,0.0,11076
31596,HIV,,,0.0,3279
31597,HIV,,,0.0,3279
31598,HIV,,,0.0,434
31599,HIV,,,0.0,8450
31600,HIV,,,0.0,11077
31601,HIV,,,0.0,11078
31602,HIV,,,0.0,11078
31603,HIV,,,0.0,11079
31604,HIV,,,0.0,11079
31605,HIV,,,0.0,11077
31606,HIV,,,0.0,11080
31607,HIV,,,0.0,11080
31608,HIV,,,0.0,11081
31609,HIV,,,0.0,11081
31610,HIV,,,0.0,9317
31611,HIV,,,0.0,11082
31612,HIV,,,0.0,11082
31613,HIV,,,0.0,11083
31614,HIV,,,0.0,11084
31615,HIV,,,0.0,11084
31616,HIV,,,0.0,11085
31617,HIV,,,0.0,7440
31618,HIV,,,0.0,11086
31619,HIV,,,0.0,11087
31620,HIV,,,1.0,11087
31621,HIV,,,0.0,11088
31622,HIV,,,0.0,11196
31623,HIV,,,0.0,11089
31624,HIV,,,0.0,11090
31625,HIV,,,0.0,11091
31626,HIV,,,0.0,6752
31627,HIV,,,0.0,11092
31628,HIV,,,0.0,11093
31629,HIV,,,1.0,11094
31630,HIV,,,0.0,5363
31631,HIV,,,0.0,11095
31632,HIV,,,0.0,11095
31633,HIV,,,0.0,8686
31634,HIV,,,0.0,8686
31635,HIV,,,0.0,8686
31636,HIV,,,0.0,11096
31637,HIV,,,0.0,8686
31638,HIV,,,0.0,8686
31639,HIV,,,0.0,8686
31640,HIV,,,0.0,5363
31641,HIV,,,0.0,5363
31642,HIV,,,0.0,5363
31643,HIV,,,0.0,5363
31644,HIV,,,0.0,7591
31645,HIV,,,0.0,5363
31646,HIV,,,0.0,5363
31647,HIV,,,0.0,5363
31648,HIV,,,0.0,5363
31649,HIV,,,1.0,5363
31650,HIV,,,0.0,5363
31651,HIV,,,1.0,7591
31652,HIV,,,0.0,5363
31653,HIV,,,0.0,5363
31654,HIV,,,0.0,5363
31655,HIV,,,0.0,5363
31656,HIV,,,0.0,5363
31657,HIV,,,0.0,1742
31658,HIV,,,0.0,7040
31659,HIV,,,0.0,11097
31660,HIV,,,0.0,11098
31661,HIV,,,0.0,11099
31662,HIV,,,0.0,10138
31663,HIV,,,0.0,441
31664,HIV,,,0.0,5165
31665,HIV,,,0.0,5165
31666,HIV,,,0.0,441
31667,HIV,,,0.0,11100
31668,HIV,,,0.0,11767
31669,HIV,,,0.0,285
31670,HIV,,,0.0,285
31671,HIV,,,0.0,285
31672,HIV,,,0.0,10429
31673,HIV,,,0.0,11101
31674,HIV,,,1.0,285
31675,HIV,,,0.0,285
31676,HIV,,,0.0,11102
31677,HIV,,,0.0,11103
31678,HIV,,,0.0,11104
31679,HIV,,,0.0,11105
31680,HIV,,,0.0,11106
31681,HIV,,,0.0,11107
31682,HIV,,,0.0,11753
31683,HIV,,,1.0,11108
31684,HIV,,,0.0,335
31685,HIV,,,0.0,11109
31686,HIV,,,0.0,11110
31687,HIV,,,0.0,13261
31688,HIV,,,0.0,11111
31689,HIV,,,0.0,13261
31690,HIV,,,0.0,4548
31691,HIV,,,0.0,4548
31692,HIV,,,0.0,4548
31693,HIV,,,0.0,4548
31694,HIV,,,0.0,4548
31695,HIV,,,0.0,4548
31696,HIV,,,0.0,4548
31697,HIV,,,0.0,4548
31698,HIV,,,0.0,4548
31699,HIV,,,0.0,4548
31700,HIV,,,0.0,4548
31701,HIV,,,0.0,4548
31702,HIV,,,0.0,11112
31703,HIV,,,0.0,11113
31704,HIV,,,0.0,11113
31705,HIV,,,0.0,11114
31706,HIV,,,0.0,11115
31707,HIV,,,0.0,5424
31708,HIV,,,0.0,5424
31709,HIV,,,0.0,1016
31710,HIV,,,0.0,11116
31711,HIV,,,0.0,11116
31712,HIV,,,0.0,11116
31713,HIV,,,0.0,11116
31714,HIV,,,0.0,11116
31715,HIV,,,0.0,11116
31716,HIV,,,0.0,11116
31717,HIV,,,0.0,11116
31718,HIV,,,0.0,11116
31719,HIV,,,0.0,11116
31720,HIV,,,0.0,11116
31721,HIV,,,0.0,11116
31722,HIV,,,0.0,11116
31723,HIV,,,0.0,11116
31724,HIV,,,0.0,11116
31725,HIV,,,0.0,11116
31726,HIV,,,0.0,11116
31727,HIV,,,0.0,11116
31728,HIV,,,0.0,11116
31729,HIV,,,0.0,11116
31730,HIV,,,0.0,11116
31731,HIV,,,0.0,11116
31732,HIV,,,0.0,11116
31733,HIV,,,0.0,11116
31734,HIV,,,0.0,11116
31735,HIV,,,0.0,11116
31736,HIV,,,0.0,11116
31737,HIV,,,0.0,11116
31738,HIV,,,0.0,11116
31739,HIV,,,0.0,11116
31740,HIV,,,0.0,11117
31741,HIV,,,0.0,11117
31742,HIV,,,0.0,11117
31743,HIV,,,0.0,11117
31744,HIV,,,0.0,3279
31745,HIV,,,0.0,11117
31746,HIV,,,0.0,604
31747,HIV,,,0.0,3279
31748,HIV,,,0.0,3279
31749,HIV,,,0.0,10746
31750,HIV,,,0.0,10746
31751,HIV,,,0.0,11118
31752,HIV,,,0.0,11117
31753,HIV,,,0.0,11119
31754,HIV,,,0.0,11120
31755,HIV,,,0.0,11121
31756,HIV,,,0.0,3279
31757,HIV,,,0.0,11121
31758,HIV,,,0.0,11117
31759,HIV,,,0.0,11117
31760,HIV,,,0.0,11121
31761,HIV,,,1.0,13040
31762,HIV,,,0.0,13040
31763,HIV,,,0.0,5165
31764,HIV,,,0.0,5165
31765,HIV,,,0.0,5165
31766,HIV,,,0.0,11122
31767,HIV,,,0.0,11123
31768,HIV,,,0.0,11124
31769,HIV,,,0.0,12510
31770,HIV,,,0.0,7666
31771,HIV,,,0.0,11125
31772,HIV,,,0.0,11126
31773,HIV,,,0.0,11127
31774,HIV,,,0.0,10423
31775,HIV,,,0.0,10423
31776,HIV,,,0.0,11127
31777,HIV,,,0.0,11128
31778,HIV,,,0.0,11129
31779,HIV,,,0.0,11130
31780,HIV,,,0.0,11131
31781,HIV,,,0.0,11127
31782,HIV,,,0.0,11127
31783,HIV,,,0.0,11131
31784,HIV,,,0.0,10423
31785,HIV,,,0.0,11132
31786,HIV,,,0.0,11133
31787,HIV,,,1.0,3021
31788,HIV,,,0.0,11134
31789,HIV,,,0.0,11134
31790,HIV,,,0.0,7591
31791,HIV,,,0.0,11135
31792,HIV,,,0.0,11136
31793,HIV,,,0.0,12567
31794,HIV,,,0.0,11137
31795,HIV,,,0.0,11138
31796,HIV,,,0.0,11138
31797,HIV,,,0.0,11139
31798,HIV,,,0.0,11140
31799,HIV,,,0.0,9505
31800,HIV,,,0.0,9505
31801,HIV,,,0.0,11141
31802,HIV,,,0.0,11142
31803,HIV,,,0.0,11143
31804,HIV,,,0.0,11143
31805,HIV,,,0.0,11143
31806,HIV,,,0.0,3309
31807,HIV,,,0.0,11144
31808,HIV,,,0.0,11145
31809,HIV,,,0.0,11146
31810,HIV,,,0.0,11147
31811,HIV,,,0.0,2546
31812,HIV,,,0.0,2546
31813,HIV,,,0.0,11147
31814,HIV,,,1.0,10924
31815,HIV,,,0.0,11148
31816,HIV,,,0.0,10684
31817,HIV,,,1.0,10568
31818,HIV,,,0.0,10976
31819,HIV,,,0.0,11149
31820,HIV,,,0.0,10684
31821,HIV,,,0.0,11150
31822,HIV,,,0.0,11151
31823,HIV,,,0.0,11152
31824,HIV,,,0.0,9831
31825,HIV,,,0.0,9831
31826,HIV,,,0.0,9831
31827,HIV,,,0.0,9831
31828,HIV,,,0.0,9831
31829,HIV,,,0.0,9831
31830,HIV,,,0.0,10676
31831,HIV,,,0.0,10678
31832,HIV,,,0.0,10665
31833,HIV,,,0.0,10676
31834,HIV,,,0.0,10676
31835,HIV,,,0.0,10676
31836,HIV,,,0.0,10676
31837,HIV,,,0.0,10676
31838,HIV,,,0.0,10676
31839,HIV,,,0.0,11153
31840,HIV,,,0.0,10676
31841,HIV,,,0.0,10676
31842,HIV,,,0.0,11373
31843,HIV,,,0.0,10676
31844,HIV,,,0.0,10665
31845,HIV,,,0.0,10676
31846,HIV,,,0.0,10676
31847,HIV,,,0.0,10676
31848,HIV,,,0.0,10676
31849,HIV,,,0.0,10676
31850,HIV,,,0.0,10676
31851,HIV,,,0.0,10676
31852,HIV,,,0.0,10676
31853,HIV,,,0.0,8862
31854,HIV,,,0.0,10676
31855,HIV,,,0.0,10676
31856,HIV,,,0.0,10676
31857,HIV,,,0.0,10676
31858,HIV,,,0.0,10676
31859,HIV,,,0.0,10676
31860,HIV,,,0.0,10676
31861,HIV,,,0.0,10676
31862,HIV,,,0.0,10676
31863,HIV,,,0.0,3759
31864,HIV,,,0.0,3759
31865,HIV,,,0.0,3759
31866,HIV,,,0.0,11154
31867,HIV,,,1.0,11155
31868,HIV,,,1.0,11156
31869,HIV,,,1.0,11156
31870,HIV,,,0.0,10876
31871,HIV,,,0.0,10876
31872,HIV,,,0.0,10876
31873,HIV,,,0.0,10876
31874,HIV,,,0.0,10862
31875,HIV,,,0.0,10876
31876,HIV,,,0.0,10862
31877,HIV,,,0.0,10862
31878,HIV,,,0.0,10862
31879,HIV,,,0.0,11157
31880,HIV,,,0.0,11157
31881,HIV,,,0.0,11157
31882,HIV,,,0.0,11157
31883,HIV,,,0.0,11157
31884,HIV,,,0.0,11157
31885,HIV,,,0.0,11157
31886,HIV,,,0.0,11157
31887,HIV,,,0.0,10876
31888,HIV,,,0.0,10876
31889,HIV,,,0.0,11158
31890,HIV,,,0.0,11159
31891,HIV,,,0.0,7591
31892,HIV,,,0.0,285
31893,HIV,,,0.0,285
31894,HIV,,,0.0,285
31895,HIV,,,0.0,7591
31896,HIV,,,0.0,285
31897,HIV,,,0.0,7591
31898,HIV,,,0.0,285
31899,HIV,,,0.0,7591
31900,HIV,,,0.0,11160
31901,HIV,,,0.0,3309
31902,HIV,,,0.0,3309
31903,HIV,,,0.0,11161
31904,HIV,,,0.0,11162
31905,HIV,,,0.0,6801
31906,HIV,,,0.0,11163
31907,HIV,,,1.0,434
31908,HIV,,,0.0,11202
31909,HIV,,,0.0,11202
31910,HIV,,,0.0,11202
31911,HIV,,,1.0,7591
31912,HIV,,,0.0,11202
31913,HIV,,,1.0,11202
31914,HIV,,,0.0,7591
31915,HIV,,,0.0,5424
31916,HIV,,,0.0,5424
31917,HIV,,,0.0,1344
31918,HIV,,,1.0,1344
31919,HIV,,,1.0,1344
31920,HIV,,,0.0,1344
31921,HIV,,,0.0,1344
31922,HIV,,,0.0,1344
31923,HIV,,,1.0,1344
31924,HIV,,,0.0,11164
31925,HIV,,,0.0,11164
31926,HIV,,,0.0,11164
31927,HIV,,,0.0,11164
31928,HIV,,,0.0,11164
31929,HIV,,,0.0,11165
31930,HIV,,,0.0,8272
31931,HIV,,,0.0,335
31932,HIV,,,0.0,335
31933,HIV,,,0.0,11166
31934,HIV,,,0.0,11167
31935,HIV,,,0.0,11168
31936,HIV,,,0.0,11168
31937,HIV,,,1.0,10924
31938,HIV,,,1.0,434
31939,HIV,,,0.0,5165
31940,HIV,,,0.0,11169
31941,HIV,,,0.0,11169
31942,HIV,,,0.0,11170
31943,HIV,,,0.0,11170
31944,HIV,,,0.0,11170
31945,HIV,,,0.0,11170
31946,HIV,,,0.0,11170
31947,HIV,,,0.0,11170
31948,HIV,,,0.0,9275
31949,HIV,,,0.0,11170
31950,HIV,,,0.0,11170
31951,HIV,,,0.0,11170
31952,HIV,,,0.0,11170
31953,HIV,,,0.0,11171
31954,HIV,,,0.0,11171
31955,HIV,,,0.0,11172
31956,HIV,,,0.0,11172
31957,HIV,,,0.0,11172
31958,HIV,,,0.0,11172
31959,HIV,,,0.0,11172
31960,HIV,,,0.0,11173
31961,HIV,,,0.0,11174
31962,HIV,,,1.0,11174
31963,HIV,,,0.0,11174
31964,HIV,,,1.0,11174
31965,HIV,,,0.0,11069
31966,HIV,,,0.0,11175
31967,HIV,,,0.0,5424
31968,HIV,,,0.0,5424
31969,HIV,,,0.0,11176
31970,HIV,,,0.0,11177
31971,HIV,,,0.0,11178
31972,HIV,,,0.0,11179
31973,HIV,,,0.0,2414
31974,HIV,,,0.0,2414
31975,HIV,,,0.0,6801
31976,HIV,,,0.0,2414
31977,HIV,,,0.0,11181
31978,HIV,,,0.0,11180
31979,HIV,,,0.0,6801
31980,HIV,,,0.0,2414
31981,HIV,,,0.0,6801
31982,HIV,,,0.0,2414
31983,HIV,,,0.0,11181
31984,HIV,,,0.0,11182
31985,HIV,,,0.0,6801
31986,HIV,,,0.0,2414
31987,HIV,,,0.0,2414
31988,HIV,,,0.0,6801
31989,HIV,,,0.0,2414
31990,HIV,,,0.0,2414
31991,HIV,,,0.0,2414
31992,HIV,,,0.0,2414
31993,HIV,,,0.0,7388
31994,HIV,,,0.0,7388
31995,HIV,,,0.0,7388
31996,HIV,,,0.0,11183
31997,HIV,,,0.0,7388
31998,HIV,,,0.0,11183
31999,HIV,,,0.0,7388
32000,HIV,,,0.0,11183
32001,HIV,,,0.0,11184
32002,HIV,,,0.0,7390
32003,HIV,,,0.0,335
32004,HIV,,,0.0,10966
32005,HIV,,,0.0,10966
32006,HIV,,,0.0,10966
32007,HIV,,,0.0,11186
32008,HIV,,,0.0,11185
32009,HIV,,,0.0,11185
32010,HIV,,,0.0,11185
32011,HIV,,,0.0,11185
32012,HIV,,,0.0,11186
32013,HIV,,,0.0,11187
32014,HIV,,,0.0,11187
32015,HIV,,,0.0,11187
32016,HIV,,,0.0,11187
32017,HIV,,,0.0,13419
32018,HIV,,,0.0,13419
32019,HIV,,,0.0,13419
32020,HIV,,,0.0,13419
32021,HIV,,,0.0,13419
32022,HIV,,,0.0,13419
32023,HIV,,,0.0,13419
32024,HIV,,,0.0,13419
32025,HIV,,,0.0,13419
32026,HIV,,,0.0,13419
32027,HIV,,,0.0,13419
32028,HIV,,,0.0,13419
32029,HIV,,,0.0,13419
32030,HIV,,,0.0,13419
32031,HIV,,,0.0,11188
32032,HIV,,,0.0,11188
32033,HIV,,,0.0,11188
32034,HIV,,,0.0,11188
32035,HIV,,,0.0,11189
32036,HIV,,,0.0,11188
32037,HIV,,,0.0,11188
32038,HIV,,,0.0,11188
32039,HIV,,,0.0,11188
32040,HIV,,,0.0,11188
32041,HIV,,,0.0,11188
32042,HIV,,,0.0,11188
32043,HIV,,,0.0,11188
32044,HIV,,,0.0,5363
32045,HIV,,,0.0,5363
32046,HIV,,,0.0,11190
32047,HIV,,,0.0,11191
32048,HIV,,,0.0,5363
32049,HIV,,,0.0,2546
32050,HIV,,,0.0,2546
32051,HIV,,,0.0,11217
32052,HIV,,,0.0,11217
32053,HIV,,,0.0,11217
32054,HIV,,,0.0,11217
32055,HIV,,,0.0,11192
32056,HIV,,,0.0,11193
32057,HIV,,,0.0,11196
32058,HIV,,,0.0,11193
32059,HIV,,,0.0,11194
32060,HIV,,,0.0,11195
32061,HIV,,,0.0,5747
32062,HIV,,,0.0,7591
32063,HIV,,,0.0,7591
32064,HIV,,,0.0,7591
32065,HIV,,,0.0,7591
32066,HIV,,,0.0,7591
32067,HIV,,,0.0,5363
32068,HIV,,,0.0,7591
32069,HIV,,,0.0,7591
32070,HIV,,,0.0,7591
32071,HIV,,,1.0,7591
32072,HIV,,,0.0,11196
32073,HIV,,,0.0,11196
32074,HIV,,,0.0,11193
32075,HIV,,,0.0,11197
32076,HIV,,,0.0,11198
32077,HIV,,,0.0,11199
32078,HIV,,,0.0,11200
32079,HIV,,,0.0,10138
32080,HIV,,,0.0,11201
32081,HIV,,,0.0,5363
32082,HIV,,,0.0,3021
32083,HIV,,,0.0,5501
32084,HIV,,,0.0,11203
32085,HIV,,,0.0,10711
32086,HIV,,,0.0,11204
32087,HIV,,,0.0,11205
32088,HIV,,,0.0,11206
32089,HIV,,,0.0,11207
32090,HIV,,,0.0,12338
32091,HIV,,,0.0,11208
32092,HIV,,,0.0,11208
32093,HIV,,,0.0,11209
32094,HIV,,,0.0,11208
32095,HIV,,,0.0,11208
32096,HIV,,,0.0,11209
32097,HIV,,,0.0,11208
32098,HIV,,,0.0,11208
32099,HIV,,,0.0,11209
32100,HIV,,,0.0,11210
32101,HIV,,,0.0,11210
32102,HIV,,,0.0,11211
32103,HIV,,,0.0,11212
32104,HIV,,,0.0,11212
32105,HIV,,,0.0,11213
32106,HIV,,,0.0,11212
32107,HIV,,,0.0,11212
32108,HIV,,,0.0,11213
32109,HIV,,,1.0,11214
32110,HIV,,,0.0,11215
32111,HIV,,,0.0,441
32112,HIV,,,0.0,441
32113,HIV,,,0.0,11216
32114,HIV,,,0.0,11216
32115,HIV,,,0.0,2546
32116,HIV,,,0.0,5363
32117,HIV,,,0.0,7591
32118,HIV,,,0.0,5363
32119,HIV,,,0.0,11217
32120,HIV,,,0.0,8786
32121,HIV,,,0.0,8786
32122,HIV,,,0.0,8786
32123,HIV,,,0.0,5363
32124,HIV,,,0.0,11218
32125,HIV,,,0.0,11218
32126,HIV,,,0.0,5363
32127,HIV,,,0.0,5363
32128,HIV,,,0.0,5363
32129,HIV,,,0.0,11219
32130,HIV,,,0.0,11219
32131,HIV,,,0.0,11220
32132,HIV,,,0.0,11221
32133,HIV,,,0.0,11222
32134,HIV,,,0.0,3309
32135,HIV,,,0.0,3309
32136,HIV,,,0.0,3309
32137,HIV,,,0.0,3021
32138,HIV,,,0.0,7604
32139,HIV,,,1.0,434
32140,HIV,,,0.0,11223
32141,HIV,,,0.0,11223
32142,HIV,,,0.0,11010
32143,HIV,,,0.0,11223
32144,HIV,,,0.0,11223
32145,HIV,,,0.0,11223
32146,HIV,,,0.0,11224
32147,HIV,,,0.0,11225
32148,HIV,,,0.0,5992
32149,HIV,,,0.0,5992
32150,HIV,,,0.0,10889
32151,HIV,,,0.0,10889
32152,HIV,,,0.0,10889
32153,HIV,,,0.0,11226
32154,HIV,,,0.0,10889
32155,HIV,,,0.0,1016
32156,HIV,,,0.0,11227
32157,HIV,,,0.0,2546
32158,HIV,,,0.0,2546
32159,HIV,,,0.0,11228
32160,HIV,,,0.0,11229
32161,HIV,,,0.0,11230
32162,HIV,,,0.0,11231
32163,HIV,,,0.0,11232
32164,HIV,,,0.0,11233
32165,HIV,,,0.0,10498
32166,HIV,,,0.0,10498
32167,HIV,,,0.0,10498
32168,HIV,,,0.0,10496
32169,HIV,,,0.0,10496
32170,HIV,,,0.0,10496
32171,HIV,,,0.0,10496
32172,HIV,,,0.0,10496
32173,HIV,,,0.0,10496
32174,HIV,,,0.0,11234
32175,HIV,,,0.0,11234
32176,HIV,,,0.0,11234
32177,HIV,,,0.0,11235
32178,HIV,,,0.0,11235
32179,HIV,,,0.0,11235
32180,HIV,,,0.0,10497
32181,HIV,,,0.0,10497
32182,HIV,,,0.0,10498
32183,HIV,,,0.0,10498
32184,HIV,,,0.0,11236
32185,HIV,,,0.0,10497
32186,HIV,,,0.0,10497
32187,HIV,,,0.0,10497
32188,HIV,,,0.0,10498
32189,HIV,,,0.0,10498
32190,HIV,,,0.0,11236
32191,HIV,,,0.0,11236
32192,HIV,,,0.0,10498
32193,HIV,,,0.0,10498
32194,HIV,,,0.0,10496
32195,HIV,,,0.0,11237
32196,HIV,,,0.0,11237
32197,HIV,,,0.0,11238
32198,HIV,,,0.0,11238
32199,HIV,,,0.0,10497
32200,HIV,,,0.0,10497
32201,HIV,,,0.0,11239
32202,HIV,,,0.0,10498
32203,HIV,,,0.0,10498
32204,HIV,,,0.0,11246
32205,HIV,,,0.0,11247
32206,HIV,,,0.0,11247
32207,HIV,,,0.0,11246
32208,HIV,,,0.0,11247
32209,HIV,,,0.0,11240
32210,HIV,,,0.0,11241
32211,HIV,,,0.0,11247
32212,HIV,,,0.0,11246
32213,HIV,,,0.0,11242
32214,HIV,,,0.0,11246
32215,HIV,,,0.0,11246
32216,HIV,,,0.0,11246
32217,HIV,,,0.0,11243
32218,HIV,,,0.0,11243
32219,HIV,,,0.0,11243
32220,HIV,,,0.0,11243
32221,HIV,,,0.0,11243
32222,HIV,,,0.0,11246
32223,HIV,,,0.0,11246
32224,HIV,,,0.0,11246
32225,HIV,,,0.0,11246
32226,HIV,,,0.0,11244
32227,HIV,,,0.0,11246
32228,HIV,,,0.0,11246
32229,HIV,,,0.0,11246
32230,HIV,,,0.0,11246
32231,HIV,,,0.0,11246
32232,HIV,,,0.0,11246
32233,HIV,,,0.0,11246
32234,HIV,,,0.0,11246
32235,HIV,,,0.0,11247
32236,HIV,,,0.0,11246
32237,HIV,,,0.0,11245
32238,HIV,,,0.0,11246
32239,HIV,,,0.0,11247
32240,HIV,,,0.0,11247
32241,HIV,,,0.0,11247
32242,HIV,,,0.0,11247
32243,HIV,,,0.0,11247
32244,HIV,,,0.0,11246
32245,HIV,,,0.0,11246
32246,HIV,,,0.0,11266
32247,HIV,,,0.0,11246
32248,HIV,,,1.0,11247
32249,HIV,,,0.0,11246
32250,HIV,,,0.0,11246
32251,HIV,,,0.0,11246
32252,HIV,,,0.0,11246
32253,HIV,,,0.0,11246
32254,HIV,,,0.0,11246
32255,HIV,,,0.0,11247
32256,HIV,,,0.0,11246
32257,HIV,,,0.0,11247
32258,HIV,,,0.0,11247
32259,HIV,,,0.0,11246
32260,HIV,,,0.0,11247
32261,HIV,,,0.0,11246
32262,HIV,,,0.0,11246
32263,HIV,,,0.0,11246
32264,HIV,,,0.0,11247
32265,HIV,,,0.0,11246
32266,HIV,,,0.0,11247
32267,HIV,,,0.0,11246
32268,HIV,,,0.0,11248
32269,HIV,,,0.0,11246
32270,HIV,,,0.0,11246
32271,HIV,,,0.0,11249
32272,HIV,,,0.0,12122
32273,HIV,,,0.0,11243
32274,HIV,,,0.0,11246
32275,HIV,,,0.0,11246
32276,HIV,,,0.0,11247
32277,HIV,,,0.0,11250
32278,HIV,,,0.0,11250
32279,HIV,,,0.0,11250
32280,HIV,,,0.0,11244
32281,HIV,,,0.0,11246
32282,HIV,,,0.0,11251
32283,HIV,,,0.0,11246
32284,HIV,,,0.0,11252
32285,HIV,,,0.0,11246
32286,HIV,,,0.0,11246
32287,HIV,,,0.0,11247
32288,HIV,,,0.0,11253
32289,HIV,,,0.0,11253
32290,HIV,,,0.0,11254
32291,HIV,,,0.0,11255
32292,HIV,,,0.0,11256
32293,HIV,,,0.0,11257
32294,HIV,,,0.0,11258
32295,HIV,,,0.0,11256
32296,HIV,,,0.0,11258
32297,HIV,,,0.0,11257
32298,HIV,,,0.0,11259
32299,HIV,,,0.0,11261
32300,HIV,,,0.0,11260
32301,HIV,,,0.0,11261
32302,HIV,,,0.0,11261
32303,HIV,,,0.0,335
32304,HIV,,,0.0,11262
32305,HIV,,,0.0,335
32306,HIV,,,0.0,335
32307,HIV,,,0.0,11263
32308,HIV,,,0.0,11264
32309,HIV,,,0.0,11265
32310,HIV,,,0.0,11246
32311,HIV,,,0.0,11266
32312,HIV,,,0.0,11246
32313,HIV,,,1.0,1344
32314,HIV,,,0.0,11267
32315,HIV,,,0.0,11268
32316,HIV,,,0.0,11267
32317,HIV,,,0.0,11269
32318,HIV,,,0.0,11270
32319,HIV,,,0.0,11271
32320,HIV,,,0.0,9831
32321,HIV,,,0.0,12932
32322,HIV,,,0.0,11272
32323,HIV,,,0.0,11273
32324,HIV,,,0.0,11301
32325,HIV,,,0.0,3021
32326,HIV,,,0.0,11274
32327,HIV,,,0.0,11275
32328,HIV,,,0.0,12533
32329,HIV,,,0.0,11276
32330,HIV,,,0.0,11277
32331,HIV,,,0.0,3279
32332,HIV,,,0.0,11278
32333,HIV,,,0.0,11279
32334,HIV,,,0.0,11279
32335,HIV,,,0.0,11278
32336,HIV,,,0.0,11280
32337,HIV,,,0.0,5601
32338,HIV,,,0.0,3279
32339,HIV,,,0.0,5601
32340,HIV,,,0.0,11281
32341,HIV,,,0.0,11282
32342,HIV,,,0.0,11283
32343,HIV,,,0.0,11284
32344,HIV,,,0.0,5992
32345,HIV,,,0.0,11285
32346,HIV,,,0.0,5165
32347,HIV,,,0.0,5165
32348,HIV,,,0.0,5165
32349,HIV,,,0.0,11285
32350,HIV,,,0.0,6801
32351,HIV,,,0.0,11286
32352,HIV,,,0.0,11287
32353,HIV,,,0.0,11288
32354,HIV,,,0.0,7337
32355,HIV,,,0.0,6764
32356,HIV,,,0.0,6764
32357,HIV,,,0.0,6764
32358,HIV,,,0.0,6764
32359,HIV,,,0.0,6764
32360,HIV,,,0.0,7337
32361,HIV,,,0.0,6764
32362,HIV,,,0.0,6764
32363,HIV,,,0.0,11289
32364,HIV,,,1.0,11156
32365,HIV,,,0.0,7591
32366,HIV,,,0.0,12633
32367,HIV,,,0.0,11290
32368,HIV,,,0.0,11358
32369,HIV,,,0.0,11358
32370,HIV,,,0.0,11291
32371,HIV,,,0.0,11292
32372,HIV,,,0.0,11506
32373,HIV,,,0.0,6801
32374,HIV,,,0.0,6801
32375,HIV,,,0.0,6801
32376,HIV,,,0.0,5718
32377,HIV,,,0.0,11296
32378,HIV,,,0.0,11296
32379,HIV,,,0.0,11296
32380,HIV,,,0.0,11296
32381,HIV,,,0.0,11296
32382,HIV,,,0.0,11293
32383,HIV,,,0.0,11294
32384,HIV,,,0.0,11295
32385,HIV,,,0.0,11296
32386,HIV,,,0.0,11296
32387,HIV,,,0.0,11296
32388,HIV,,,0.0,11296
32389,HIV,,,0.0,11296
32390,HIV,,,0.0,11295
32391,HIV,,,0.0,11297
32392,HIV,,,0.0,11295
32393,HIV,,,0.0,11296
32394,HIV,,,0.0,11296
32395,HIV,,,0.0,11296
32396,HIV,,,0.0,11296
32397,HIV,,,0.0,10924
32398,HIV,,,1.0,434
32399,HIV,,,0.0,11298
32400,HIV,,,0.0,11298
32401,HIV,,,0.0,11298
32402,HIV,,,0.0,11298
32403,HIV,,,0.0,11298
32404,HIV,,,0.0,11298
32405,HIV,,,0.0,11298
32406,HIV,,,0.0,11298
32407,HIV,,,0.0,11299
32408,HIV,,,0.0,10138
32409,HIV,,,0.0,10138
32410,HIV,,,0.0,10138
32411,HIV,,,0.0,11301
32412,HIV,,,0.0,11301
32413,HIV,,,0.0,11301
32414,HIV,,,0.0,11300
32415,HIV,,,0.0,11300
32416,HIV,,,0.0,11300
32417,HIV,,,0.0,10138
32418,HIV,,,0.0,10138
32419,HIV,,,0.0,11301
32420,HIV,,,0.0,10138
32421,HIV,,,0.0,10138
32422,HIV,,,0.0,10138
32423,HIV,,,1.0,10138
32424,HIV,,,0.0,11300
32425,HIV,,,0.0,11300
32426,HIV,,,0.0,11300
32427,HIV,,,0.0,10138
32428,HIV,,,0.0,10138
32429,HIV,,,0.0,10138
32430,HIV,,,0.0,10138
32431,HIV,,,0.0,10138
32432,HIV,,,0.0,11301
32433,HIV,,,0.0,11301
32434,HIV,,,0.0,11301
32435,HIV,,,0.0,11301
32436,HIV,,,0.0,12533
32437,HIV,,,0.0,11302
32438,HIV,,,0.0,11303
32439,HIV,,,0.0,2816
32440,HIV,,,0.0,2816
32441,HIV,,,0.0,2816
32442,HIV,,,0.0,2816
32443,HIV,,,0.0,11304
32444,HIV,,,0.0,11305
32445,HIV,,,0.0,11306
32446,HIV,,,0.0,12667
32447,HIV,,,0.0,11307
32448,HIV,,,0.0,11308
32449,HIV,,,0.0,11308
32450,HIV,,,0.0,335
32451,HIV,,,0.0,11309
32452,HIV,,,0.0,11310
32453,HIV,,,0.0,11311
32454,HIV,,,0.0,3309
32455,HIV,,,0.0,11312
32456,HIV,,,0.0,335
32457,HIV,,,0.0,11307
32458,HIV,,,0.0,11313
32459,HIV,,,0.0,11313
32460,HIV,,,0.0,11313
32461,HIV,,,1.0,11313
32462,HIV,,,1.0,11313
32463,HIV,,,0.0,11313
32464,HIV,,,0.0,11314
32465,HIV,,,0.0,11314
32466,HIV,,,0.0,11314
32467,HIV,,,0.0,11314
32468,HIV,,,0.0,11314
32469,HIV,,,0.0,11315
32470,HIV,,,0.0,285
32471,HIV,,,0.0,285
32472,HIV,,,0.0,7591
32473,HIV,,,0.0,3689
32474,HIV,,,0.0,11316
32475,HIV,,,0.0,11316
32476,HIV,,,0.0,285
32477,HIV,,,0.0,285
32478,HIV,,,0.0,11317
32479,HIV,,,0.0,285
32480,HIV,,,0.0,11318
32481,HIV,,,0.0,11319
32482,HIV,,,0.0,11319
32483,HIV,,,0.0,11319
32484,HIV,,,0.0,11320
32485,HIV,,,0.0,11321
32486,HIV,,,0.0,6564
32487,HIV,,,1.0,11322
32488,HIV,,,0.0,11326
32489,HIV,,,0.0,11325
32490,HIV,,,0.0,5597
32491,HIV,,,0.0,11325
32492,HIV,,,0.0,11323
32493,HIV,,,0.0,11323
32494,HIV,,,0.0,11324
32495,HIV,,,0.0,11323
32496,HIV,,,0.0,11325
32497,HIV,,,0.0,11325
32498,HIV,,,0.0,11325
32499,HIV,,,0.0,11326
32500,HIV,,,0.0,10862
32501,HIV,,,0.0,11327
32502,HIV,,,0.0,10862
32503,HIV,,,0.0,5597
32504,HIV,,,0.0,11328
32505,HIV,,,0.0,11328
32506,HIV,,,0.0,11328
32507,HIV,,,0.0,11328
32508,HIV,,,0.0,11328
32509,HIV,,,0.0,11329
32510,HIV,,,0.0,10858
32511,HIV,,,0.0,11330
32512,HIV,,,0.0,11330
32513,HIV,,,0.0,11330
32514,HIV,,,0.0,3021
32515,HIV,,,0.0,11331
32516,HIV,,,0.0,11332
32517,HIV,,,0.0,3878
32518,HIV,,,0.0,11333
32519,HIV,,,0.0,11334
32520,HIV,,,0.0,11335
32521,HIV,,,0.0,10138
32522,HIV,,,0.0,10138
32523,HIV,,,0.0,11336
32524,HIV,,,0.0,11337
32525,HIV,,,0.0,5363
32526,HIV,,,0.0,11338
32527,HIV,,,0.0,11339
32528,HIV,,,0.0,11340
32529,HIV,,,0.0,11341
32530,HIV,,,0.0,335
32531,HIV,,,0.0,335
32532,HIV,,,0.0,13793
32533,HIV,,,0.0,11840
32534,HIV,,,0.0,11342
32535,HIV,,,0.0,11342
32536,HIV,,,0.0,9191
32537,HIV,,,0.0,11343
32538,HIV,,,0.0,11344
32539,HIV,,,0.0,11344
32540,HIV,,,0.0,11345
32541,HIV,,,0.0,11345
32542,HIV,,,0.0,11345
32543,HIV,,,0.0,11346
32544,HIV,,,0.0,11346
32545,HIV,,,0.0,11346
32546,HIV,,,0.0,5363
32547,HIV,,,0.0,10734
32548,HIV,,,0.0,10734
32549,HIV,,,0.0,10734
32550,HIV,,,0.0,10734
32551,HIV,,,0.0,11347
32552,HIV,,,0.0,7591
32553,HIV,,,0.0,11347
32554,HIV,,,0.0,11347
32555,HIV,,,0.0,11347
32556,HIV,,,0.0,10862
32557,HIV,,,0.0,10862
32558,HIV,,,0.0,10862
32559,HIV,,,0.0,10862
32560,HIV,,,0.0,10862
32561,HIV,,,0.0,11348
32562,HIV,,,0.0,11348
32563,HIV,,,0.0,11407
32564,HIV,,,0.0,11407
32565,HIV,,,0.0,11407
32566,HIV,,,0.0,10956
32567,HIV,,,0.0,11349
32568,HIV,,,0.0,8686
32569,HIV,,,0.0,205
32570,HIV,,,0.0,205
32571,HIV,,,0.0,205
32572,HIV,,,0.0,11350
32573,HIV,,,0.0,11350
32574,HIV,,,0.0,11350
32575,HIV,,,0.0,11350
32576,HIV,,,0.0,7186
32577,HIV,,,0.0,11350
32578,HIV,,,0.0,5363
32579,HIV,,,1.0,11202
32580,HIV,,,0.0,11351
32581,HIV,,,0.0,11351
32582,HIV,,,0.0,11352
32583,HIV,,,0.0,11353
32584,HIV,,,0.0,11354
32585,HIV,,,0.0,11355
32586,HIV,,,0.0,11343
32587,HIV,,,0.0,11356
32588,HIV,,,0.0,11357
32589,HIV,,,0.0,11358
32590,HIV,,,0.0,11358
32591,HIV,,,0.0,12243
32592,HIV,,,0.0,11359
32593,HIV,,,0.0,5363
32594,HIV,,,0.0,11360
32595,HIV,,,0.0,11361
32596,HIV,,,0.0,11362
32597,HIV,,,0.0,11363
32598,HIV,,,0.0,11364
32599,HIV,,,0.0,11366
32600,HIV,,,0.0,10676
32601,HIV,,,0.0,11365
32602,HIV,,,0.0,11365
32603,HIV,,,0.0,11365
32604,HIV,,,0.0,11365
32605,HIV,,,0.0,11365
32606,HIV,,,0.0,3279
32607,HIV,,,0.0,11366
32608,HIV,,,0.0,11365
32609,HIV,,,0.0,10676
32610,HIV,,,0.0,11367
32611,HIV,,,0.0,10676
32612,HIV,,,0.0,10676
32613,HIV,,,0.0,10676
32614,HIV,,,0.0,10676
32615,HIV,,,0.0,10676
32616,HIV,,,0.0,10676
32617,HIV,,,0.0,10676
32618,HIV,,,0.0,10676
32619,HIV,,,0.0,10676
32620,HIV,,,0.0,10676
32621,HIV,,,0.0,8862
32622,HIV,,,0.0,10676
32623,HIV,,,0.0,10676
32624,HIV,,,0.0,8862
32625,HIV,,,0.0,10676
32626,HIV,,,0.0,10676
32627,HIV,,,0.0,10676
32628,HIV,,,0.0,10676
32629,HIV,,,0.0,10661
32630,HIV,,,0.0,11368
32631,HIV,,,0.0,10676
32632,HIV,,,0.0,11369
32633,HIV,,,0.0,11369
32634,HIV,,,0.0,11369
32635,HIV,,,0.0,11370
32636,HIV,,,0.0,10663
32637,HIV,,,0.0,5747
32638,HIV,,,0.0,5747
32639,HIV,,,0.0,5747
32640,HIV,,,0.0,11370
32641,HIV,,,0.0,11370
32642,HIV,,,0.0,11370
32643,HIV,,,0.0,11370
32644,HIV,,,0.0,11370
32645,HIV,,,0.0,5747
32646,HIV,,,0.0,5747
32647,HIV,,,0.0,11370
32648,HIV,,,0.0,11370
32649,HIV,,,1.0,11370
32650,HIV,,,0.0,5747
32651,HIV,,,0.0,11370
32652,HIV,,,0.0,5747
32653,HIV,,,0.0,11474
32654,HIV,,,0.0,11474
32655,HIV,,,0.0,11474
32656,HIV,,,0.0,11474
32657,HIV,,,0.0,11474
32658,HIV,,,0.0,11474
32659,HIV,,,0.0,11474
32660,HIV,,,0.0,11371
32661,HIV,,,0.0,10676
32662,HIV,,,0.0,10676
32663,HIV,,,0.0,10676
32664,HIV,,,0.0,10676
32665,HIV,,,0.0,10676
32666,HIV,,,0.0,10676
32667,HIV,,,0.0,11153
32668,HIV,,,0.0,10676
32669,HIV,,,0.0,8959
32670,HIV,,,0.0,8959
32671,HIV,,,0.0,8959
32672,HIV,,,0.0,10665
32673,HIV,,,0.0,10676
32674,HIV,,,0.0,10676
32675,HIV,,,0.0,10676
32676,HIV,,,0.0,10676
32677,HIV,,,0.0,10676
32678,HIV,,,0.0,10676
32679,HIV,,,0.0,10676
32680,HIV,,,0.0,10676
32681,HIV,,,0.0,10676
32682,HIV,,,0.0,10676
32683,HIV,,,0.0,11369
32684,HIV,,,0.0,10676
32685,HIV,,,0.0,11372
32686,HIV,,,0.0,10676
32687,HIV,,,0.0,11373
32688,HIV,,,0.0,11373
32689,HIV,,,0.0,11373
32690,HIV,,,0.0,11373
32691,HIV,,,0.0,11373
32692,HIV,,,0.0,11373
32693,HIV,,,0.0,11373
32694,HIV,,,0.0,11373
32695,HIV,,,0.0,11374
32696,HIV,,,0.0,10924
32697,HIV,,,0.0,10924
32698,HIV,,,1.0,4548
32699,HIV,,,1.0,4548
32700,HIV,,,0.0,4548
32701,HIV,,,0.0,4548
32702,HIV,,,1.0,4548
32703,HIV,,,1.0,4548
32704,HIV,,,0.0,4548
32705,HIV,,,0.0,4548
32706,HIV,,,0.0,4548
32707,HIV,,,1.0,4548
32708,HIV,,,0.0,4548
32709,HIV,,,0.0,4548
32710,HIV,,,1.0,4548
32711,HIV,,,0.0,4548
32712,HIV,,,0.0,4548
32713,HIV,,,0.0,4548
32714,HIV,,,0.0,4548
32715,HIV,,,0.0,4548
32716,HIV,,,0.0,4548
32717,HIV,,,0.0,4548
32718,HIV,,,1.0,4548
32719,HIV,,,0.0,4548
32720,HIV,,,0.0,4548
32721,HIV,,,0.0,11375
32722,HIV,,,0.0,11375
32723,HIV,,,0.0,11375
32724,HIV,,,0.0,4548
32725,HIV,,,0.0,4548
32726,HIV,,,0.0,4548
32727,HIV,,,0.0,4548
32728,HIV,,,0.0,4548
32729,HIV,,,0.0,4548
32730,HIV,,,0.0,5872
32731,HIV,,,0.0,4548
32732,HIV,,,0.0,4548
32733,HIV,,,0.0,4548
32734,HIV,,,0.0,4548
32735,HIV,,,0.0,4548
32736,HIV,,,0.0,4548
32737,HIV,,,0.0,4548
32738,HIV,,,0.0,4548
32739,HIV,,,0.0,4548
32740,HIV,,,0.0,4548
32741,HIV,,,0.0,4548
32742,HIV,,,0.0,4548
32743,HIV,,,0.0,4548
32744,HIV,,,0.0,4548
32745,HIV,,,0.0,4548
32746,HIV,,,0.0,11377
32747,HIV,,,0.0,11377
32748,HIV,,,0.0,11376
32749,HIV,,,0.0,11377
32750,HIV,,,0.0,11377
32751,HIV,,,0.0,11377
32752,HIV,,,0.0,11377
32753,HIV,,,0.0,11378
32754,HIV,,,0.0,11378
32755,HIV,,,0.0,11378
32756,HIV,,,0.0,11379
32757,HIV,,,0.0,11380
32758,HIV,,,0.0,11381
32759,HIV,,,0.0,11382
32760,HIV,,,0.0,5718
32761,HIV,,,0.0,5718
32762,HIV,,,0.0,5718
32763,HIV,,,0.0,5718
32764,HIV,,,0.0,5718
32765,HIV,,,0.0,5718
32766,HIV,,,0.0,6764
32767,HIV,,,0.0,6764
32768,HIV,,,0.0,6764
32769,HIV,,,0.0,6764
32770,HIV,,,0.0,6764
32771,HIV,,,0.0,6764
32772,HIV,,,0.0,6764
32773,HIV,,,0.0,6764
32774,HIV,,,0.0,6764
32775,HIV,,,0.0,6764
32776,HIV,,,0.0,6764
32777,HIV,,,0.0,5165
32778,HIV,,,0.0,6764
32779,HIV,,,0.0,441
32780,HIV,,,0.0,6764
32781,HIV,,,0.0,6764
32782,HIV,,,0.0,2546
32783,HIV,,,0.0,604
32784,HIV,,,0.0,11383
32785,HIV,,,0.0,11383
32786,HIV,,,0.0,11384
32787,HIV,,,0.0,11385
32788,HIV,,,0.0,11386
32789,HIV,,,0.0,11387
32790,HIV,,,0.0,11388
32791,HIV,,,0.0,11389
32792,HIV,,,0.0,11390
32793,HIV,,,0.0,11391
32794,HIV,,,0.0,5165
32795,HIV,,,0.0,5165
32796,HIV,,,0.0,11392
32797,HIV,,,0.0,11393
32798,HIV,,,0.0,1344
32799,HIV,,,0.0,11394
32800,HIV,,,0.0,11395
32801,HIV,,,0.0,11396
32802,HIV,,,0.0,11397
32803,HIV,,,0.0,11397
32804,HIV,,,0.0,11844
32805,HIV,,,0.0,57
32806,HIV,,,0.0,57
32807,HIV,,,0.0,57
32808,HIV,,,0.0,57
32809,HIV,,,0.0,57
32810,HIV,,,0.0,57
32811,HIV,,,0.0,57
32812,HIV,,,0.0,57
32813,HIV,,,0.0,11399
32814,HIV,,,0.0,57
32815,HIV,,,0.0,57
32816,HIV,,,0.0,57
32817,HIV,,,0.0,57
32818,HIV,,,0.0,57
32819,HIV,,,0.0,11398
32820,HIV,,,0.0,11399
32821,HIV,,,0.0,11399
32822,HIV,,,0.0,11399
32823,HIV,,,0.0,57
32824,HIV,,,0.0,11399
32825,HIV,,,0.0,11399
32826,HIV,,,0.0,11399
32827,HIV,,,0.0,57
32828,HIV,,,0.0,11399
32829,HIV,,,0.0,11399
32830,HIV,,,0.0,11398
32831,HIV,,,0.0,57
32832,HIV,,,0.0,57
32833,HIV,,,0.0,57
32834,HIV,,,0.0,57
32835,HIV,,,0.0,57
32836,HIV,,,0.0,11400
32837,HIV,,,0.0,57
32838,HIV,,,0.0,57
32839,HIV,,,0.0,57
32840,HIV,,,0.0,57
32841,HIV,,,0.0,57
32842,HIV,,,0.0,57
32843,HIV,,,0.0,5424
32844,HIV,,,0.0,5424
32845,HIV,,,0.0,5424
32846,HIV,,,0.0,5424
32847,HIV,,,0.0,5424
32848,HIV,,,0.0,11401
32849,HIV,,,0.0,2800
32850,HIV,,,0.0,2800
32851,HIV,,,0.0,2800
32852,HIV,,,0.0,2800
32853,HIV,,,0.0,2800
32854,HIV,,,0.0,2800
32855,HIV,,,0.0,2800
32856,HIV,,,0.0,11402
32857,HIV,,,0.0,11402
32858,HIV,,,0.0,11402
32859,HIV,,,0.0,11402
32860,HIV,,,0.0,11402
32861,HIV,,,0.0,11402
32862,HIV,,,0.0,11403
32863,HIV,,,0.0,11404
32864,HIV,,,0.0,11405
32865,HIV,,,0.0,11405
32866,HIV,,,0.0,11406
32867,HIV,,,0.0,11406
32868,HIV,,,0.0,11406
32869,HIV,,,0.0,11406
32870,HIV,,,0.0,11406
32871,HIV,,,0.0,11406
32872,HIV,,,0.0,11406
32873,HIV,,,0.0,11406
32874,HIV,,,0.0,11406
32875,HIV,,,0.0,11406
32876,HIV,,,0.0,11406
32877,HIV,,,0.0,11406
32878,HIV,,,0.0,11407
32879,HIV,,,0.0,11407
32880,HIV,,,0.0,11407
32881,HIV,,,0.0,11407
32882,HIV,,,0.0,11407
32883,HIV,,,0.0,11407
32884,HIV,,,0.0,11407
32885,HIV,,,0.0,11407
32886,HIV,,,0.0,7337
32887,HIV,,,0.0,11408
32888,HIV,,,0.0,11408
32889,HIV,,,0.0,11409
32890,HIV,,,0.0,11410
32891,HIV,,,0.0,11411
32892,HIV,,,0.0,11506
32893,HIV,,,0.0,11412
32894,HIV,,,0.0,11505
32895,HIV,,,0.0,3098
32896,HIV,,,0.0,3098
32897,HIV,,,0.0,11413
32898,HIV,,,0.0,1444
32899,HIV,,,0.0,1444
32900,HIV,,,0.0,11414
32901,HIV,,,0.0,11415
32902,HIV,,,0.0,11416
32903,HIV,,,0.0,11417
32904,HIV,,,0.0,11418
32905,HIV,,,0.0,11417
32906,HIV,,,0.0,11419
32907,HIV,,,0.0,11425
32908,HIV,,,0.0,1520
32909,HIV,,,0.0,6801
32910,HIV,,,0.0,11420
32911,HIV,,,0.0,9645
32912,HIV,,,0.0,11421
32913,HIV,,,0.0,6801
32914,HIV,,,0.0,6801
32915,HIV,,,0.0,11422
32916,HIV,,,0.0,17
32917,HIV,,,0.0,5992
32918,HIV,,,0.0,11423
32919,HIV,,,0.0,1016
32920,HIV,,,0.0,899
32921,HIV,,,0.0,1016
32922,HIV,,,0.0,6801
32923,HIV,,,0.0,6801
32924,HIV,,,0.0,7337
32925,HIV,,,0.0,13419
32926,HIV,,,0.0,5165
32927,HIV,,,0.0,17
32928,HIV,,,0.0,6801
32929,HIV,,,0.0,5992
32930,HIV,,,0.0,5597
32931,HIV,,,0.0,3279
32932,HIV,,,0.0,11424
32933,HIV,,,0.0,11425
32934,HIV,,,0.0,11426
32935,HIV,,,0.0,5165
32936,HIV,,,0.0,12533
32937,HIV,,,0.0,5597
32938,HIV,,,0.0,6801
32939,HIV,,,0.0,335
32940,HIV,,,0.0,1016
32941,HIV,,,0.0,5597
32942,HIV,,,1.0,5165
32943,HIV,,,0.0,5597
32944,HIV,,,0.0,11427
32945,HIV,,,0.0,4111
32946,HIV,,,0.0,4971
32947,HIV,,,0.0,3279
32948,HIV,,,0.0,13815
32949,HIV,,,0.0,1016
32950,HIV,,,0.0,5597
32951,HIV,,,0.0,10400
32952,HIV,,,0.0,6801
32953,HIV,,,0.0,11428
32954,HIV,,,0.0,10279
32955,HIV,,,0.0,5165
32956,HIV,,,0.0,11429
32957,HIV,,,0.0,5165
32958,HIV,,,0.0,5165
32959,HIV,,,0.0,5165
32960,HIV,,,0.0,5165
32961,HIV,,,0.0,5165
32962,HIV,,,0.0,11430
32963,HIV,,,0.0,2739
32964,HIV,,,0.0,2739
32965,HIV,,,1.0,2739
32966,HIV,,,0.0,2739
32967,HIV,,,0.0,11431
32968,HIV,,,0.0,11432
32969,HIV,,,0.0,5165
32970,HIV,,,0.0,1319
32971,HIV,,,0.0,1319
32972,HIV,,,0.0,11433
32973,HIV,,,0.0,6801
32974,HIV,,,0.0,11434
32975,HIV,,,0.0,5165
32976,HIV,,,0.0,61
32977,HIV,,,0.0,1319
32978,HIV,,,0.0,11433
32979,HIV,,,0.0,1319
32980,HIV,,,0.0,1319
32981,HIV,,,0.0,1319
32982,HIV,,,0.0,11435
32983,HIV,,,0.0,1319
32984,HIV,,,0.0,1319
32985,HIV,,,0.0,1319
32986,HIV,,,0.0,5363
32987,HIV,,,0.0,5165
32988,HIV,,,0.0,434
32989,HIV,,,0.0,11436
32990,HIV,,,0.0,11437
32991,HIV,,,0.0,1319
32992,HIV,,,0.0,1319
32993,HIV,,,0.0,1319
32994,HIV,,,0.0,1319
32995,HIV,,,0.0,5165
32996,HIV,,,0.0,11438
32997,HIV,,,0.0,11439
32998,HIV,,,0.0,11440
32999,HIV,,,0.0,1319
33000,HIV,,,0.0,11441
33001,HIV,,,0.0,11442
33002,HIV,,,0.0,11443
33003,HIV,,,0.0,11444
33004,HIV,,,1.0,11445
33005,HIV,,,0.0,1016
33006,HIV,,,0.0,5597
33007,HIV,,,0.0,1116
33008,HIV,,,0.0,5597
33009,HIV,,,0.0,5165
33010,HIV,,,0.0,5165
33011,HIV,,,0.0,5165
33012,HIV,,,0.0,5165
33013,HIV,,,0.0,11428
33014,HIV,,,0.0,2739
33015,HIV,,,0.0,2739
33016,HIV,,,0.0,5165
33017,HIV,,,0.0,11446
33018,HIV,,,0.0,11446
33019,HIV,,,1.0,11446
33020,HIV,,,0.0,11447
33021,HIV,,,0.0,11447
33022,HIV,,,0.0,2546
33023,HIV,,,0.0,2546
33024,HIV,,,0.0,2546
33025,HIV,,,0.0,2546
33026,HIV,,,0.0,2546
33027,HIV,,,0.0,2546
33028,HIV,,,0.0,8522
33029,HIV,,,0.0,8522
33030,HIV,,,0.0,8522
33031,HIV,,,0.0,2546
33032,HIV,,,0.0,2546
33033,HIV,,,0.0,10138
33034,HIV,,,0.0,3021
33035,HIV,,,0.0,3021
33036,HIV,,,0.0,11448
33037,HIV,,,0.0,11449
33038,HIV,,,0.0,6748
33039,HIV,,,0.0,11733
33040,HIV,,,0.0,11450
33041,HIV,,,0.0,11451
33042,HIV,,,0.0,11733
33043,HIV,,,0.0,11733
33044,HIV,,,0.0,11733
33045,HIV,,,0.0,11452
33046,HIV,,,0.0,11453
33047,HIV,,,0.0,11454
33048,HIV,,,0.0,6801
33049,HIV,,,0.0,11455
33050,HIV,,,0.0,11456
33051,HIV,,,0.0,3021
33052,HIV,,,0.0,3021
33053,HIV,,,0.0,11457
33054,HIV,,,0.0,11458
33055,HIV,,,0.0,11459
33056,HIV,,,0.0,11460
33057,HIV,,,0.0,11460
33058,HIV,,,0.0,5363
33059,HIV,,,0.0,11461
33060,HIV,,,0.0,11462
33061,HIV,,,0.0,2546
33062,HIV,,,0.0,11463
33063,HIV,,,0.0,11464
33064,HIV,,,0.0,14043
33065,HIV,,,0.0,11465
33066,HIV,,,0.0,11466
33067,HIV,,,0.0,11468
33068,HIV,,,0.0,11467
33069,HIV,,,0.0,11467
33070,HIV,,,0.0,11468
33071,HIV,,,0.0,11467
33072,HIV,,,0.0,1752
33073,HIV,,,0.0,1752
33074,HIV,,,0.0,1752
33075,HIV,,,0.0,441
33076,HIV,,,0.0,441
33077,HIV,,,0.0,11469
33078,HIV,,,0.0,3759
33079,HIV,,,0.0,7388
33080,HIV,,,1.0,7388
33081,HIV,,,0.0,11470
33082,HIV,,,0.0,11314
33083,HIV,,,0.0,11471
33084,HIV,,,0.0,7388
33085,HIV,,,0.0,11950
33086,HIV,,,0.0,11950
33087,HIV,,,0.0,11950
33088,HIV,,,0.0,11950
33089,HIV,,,0.0,4556
33090,HIV,,,0.0,4556
33091,HIV,,,0.0,4556
33092,HIV,,,0.0,1752
33093,HIV,,,0.0,7388
33094,HIV,,,0.0,7388
33095,HIV,,,1.0,7388
33096,HIV,,,0.0,7388
33097,HIV,,,0.0,7388
33098,HIV,,,0.0,7388
33099,HIV,,,0.0,11472
33100,HIV,,,0.0,11473
33101,HIV,,,0.0,285
33102,HIV,,,0.0,285
33103,HIV,,,1.0,285
33104,HIV,,,0.0,285
33105,HIV,,,1.0,285
33106,HIV,,,0.0,285
33107,HIV,,,0.0,285
33108,HIV,,,0.0,285
33109,HIV,,,0.0,11158
33110,HIV,,,0.0,11069
33111,HIV,,,0.0,11069
33112,HIV,,,0.0,11069
33113,HIV,,,0.0,11069
33114,HIV,,,0.0,11069
33115,HIV,,,0.0,11069
33116,HIV,,,0.0,11069
33117,HIV,,,0.0,11069
33118,HIV,,,0.0,11069
33119,HIV,,,0.0,11069
33120,HIV,,,1.0,11370
33121,HIV,,,0.0,11370
33122,HIV,,,0.0,11370
33123,HIV,,,0.0,11370
33124,HIV,,,0.0,11370
33125,HIV,,,0.0,11370
33126,HIV,,,0.0,11370
33127,HIV,,,0.0,11370
33128,HIV,,,0.0,11370
33129,HIV,,,0.0,11370
33130,HIV,,,0.0,11370
33131,HIV,,,0.0,11370
33132,HIV,,,0.0,11370
33133,HIV,,,0.0,11370
33134,HIV,,,0.0,11370
33135,HIV,,,0.0,11370
33136,HIV,,,0.0,11370
33137,HIV,,,0.0,11370
33138,HIV,,,1.0,11370
33139,HIV,,,0.0,11474
33140,HIV,,,0.0,11474
33141,HIV,,,0.0,11474
33142,HIV,,,0.0,11475
33143,HIV,,,0.0,11476
33144,HIV,,,0.0,11477
33145,HIV,,,0.0,11478
33146,HIV,,,0.0,11479
33147,HIV,,,0.0,11480
33148,HIV,,,0.0,11481
33149,HIV,,,0.0,9384
33150,HIV,,,0.0,11482
33151,HIV,,,0.0,11483
33152,HIV,,,0.0,14106
33153,HIV,,,0.0,14106
33154,HIV,,,0.0,434
33155,HIV,,,0.0,5165
33156,HIV,,,0.0,11484
33157,HIV,,,0.0,5363
33158,HIV,,,0.0,335
33159,HIV,,,0.0,335
33160,HIV,,,0.0,335
33161,HIV,,,0.0,11202
33162,HIV,,,0.0,10138
33163,HIV,,,0.0,3021
33164,HIV,,,0.0,3021
33165,HIV,,,0.0,11485
33166,HIV,,,0.0,11486
33167,HIV,,,0.0,11487
33168,HIV,,,0.0,7356
33169,HIV,,,0.0,7356
33170,HIV,,,0.0,11488
33171,HIV,,,0.0,10138
33172,HIV,,,1.0,11489
33173,HIV,,,0.0,14043
33174,HIV,,,0.0,11490
33175,HIV,,,0.0,11491
33176,HIV,,,0.0,11492
33177,HIV,,,0.0,11492
33178,HIV,,,0.0,11492
33179,HIV,,,0.0,2546
33180,HIV,,,0.0,9908
33181,HIV,,,0.0,9908
33182,HIV,,,0.0,9908
33183,HIV,,,0.0,11493
33184,HIV,,,0.0,9900
33185,HIV,,,0.0,9908
33186,HIV,,,0.0,11494
33187,HIV,,,0.0,9908
33188,HIV,,,0.0,9900
33189,HIV,,,0.0,11495
33190,HIV,,,0.0,11496
33191,HIV,,,0.0,11496
33192,HIV,,,0.0,11496
33193,HIV,,,0.0,11496
33194,HIV,,,0.0,11496
33195,HIV,,,0.0,11496
33196,HIV,,,0.0,11496
33197,HIV,,,0.0,11497
33198,HIV,,,0.0,10138
33199,HIV,,,0.0,9485
33200,HIV,,,0.0,10138
33201,HIV,,,0.0,11301
33202,HIV,,,0.0,11301
33203,HIV,,,0.0,10138
33204,HIV,,,0.0,1444
33205,HIV,,,0.0,9319
33206,HIV,,,0.0,11301
33207,HIV,,,0.0,11301
33208,HIV,,,0.0,10138
33209,HIV,,,0.0,11301
33210,HIV,,,0.0,10138
33211,HIV,,,1.0,10138
33212,HIV,,,0.0,10138
33213,HIV,,,0.0,10138
33214,HIV,,,0.0,10138
33215,HIV,,,0.0,11301
33216,HIV,,,0.0,11301
33217,HIV,,,0.0,11301
33218,HIV,,,0.0,10138
33219,HIV,,,0.0,10138
33220,HIV,,,0.0,11498
33221,HIV,,,0.0,11499
33222,HIV,,,0.0,10138
33223,HIV,,,0.0,10138
33224,HIV,,,0.0,11301
33225,HIV,,,0.0,11301
33226,HIV,,,0.0,2546
33227,HIV,,,0.0,2546
33228,HIV,,,0.0,2546
33229,HIV,,,1.0,2546
33230,HIV,,,0.0,2546
33231,HIV,,,0.0,2546
33232,HIV,,,0.0,2546
33233,HIV,,,0.0,2546
33234,HIV,,,0.0,2546
33235,HIV,,,0.0,2546
33236,HIV,,,0.0,2546
33237,HIV,,,0.0,2546
33238,HIV,,,0.0,2546
33239,HIV,,,0.0,10924
33240,HIV,,,0.0,2546
33241,HIV,,,0.0,2546
33242,HIV,,,0.0,2546
33243,HIV,,,0.0,2546
33244,HIV,,,0.0,2546
33245,HIV,,,0.0,11500
33246,HIV,,,0.0,11501
33247,HIV,,,0.0,11502
33248,HIV,,,0.0,11502
33249,HIV,,,0.0,7591
33250,HIV,,,0.0,7591
33251,HIV,,,0.0,7591
33252,HIV,,,0.0,7591
33253,HIV,,,0.0,7591
33254,HIV,,,0.0,7591
33255,HIV,,,0.0,7591
33256,HIV,,,0.0,7591
33257,HIV,,,0.0,7591
33258,HIV,,,0.0,3309
33259,HIV,,,0.0,2546
33260,HIV,,,0.0,7529
33261,HIV,,,0.0,11503
33262,HIV,,,0.0,11504
33263,HIV,,,0.0,12666
33264,HIV,,,0.0,1016
33265,HIV,,,0.0,7337
33266,HIV,,,0.0,7337
33267,HIV,,,0.0,13785
33268,HIV,,,0.0,11505
33269,HIV,,,0.0,11505
33270,HIV,,,0.0,11506
33271,HIV,,,0.0,2546
33272,HIV,,,0.0,2546
33273,HIV,,,0.0,2546
33274,HIV,,,0.0,2546
33275,HIV,,,0.0,2546
33276,HIV,,,0.0,2546
33277,HIV,,,0.0,2546
33278,HIV,,,0.0,11507
33279,HIV,,,0.0,11507
33280,HIV,,,0.0,11507
33281,HIV,,,0.0,11508
33282,HIV,,,0.0,11508
33283,HIV,,,0.0,11508
33284,HIV,,,0.0,10924
33285,HIV,,,0.0,11509
33286,HIV,,,0.0,11510
33287,HIV,,,0.0,11511
33288,HIV,,,0.0,5
33289,HIV,,,0.0,3279
33290,HIV,,,0.0,11512
33291,HIV,,,0.0,11513
33292,HIV,,,0.0,11513
33293,HIV,,,0.0,11514
33294,HIV,,,0.0,11514
33295,HIV,,,0.0,8959
33296,HIV,,,0.0,8959
33297,HIV,,,0.0,8959
33298,HIV,,,0.0,8959
33299,HIV,,,0.0,8959
33300,HIV,,,0.0,8959
33301,HIV,,,0.0,8959
33302,HIV,,,0.0,8959
33303,HIV,,,0.0,8959
33304,HIV,,,0.0,8959
33305,HIV,,,0.0,8959
33306,HIV,,,0.0,8959
33307,HIV,,,0.0,8959
33308,HIV,,,0.0,8959
33309,HIV,,,0.0,8959
33310,HIV,,,0.0,8959
33311,HIV,,,0.0,8959
33312,HIV,,,0.0,8959
33313,HIV,,,0.0,8959
33314,HIV,,,0.0,8959
33315,HIV,,,0.0,8959
33316,HIV,,,0.0,8959
33317,HIV,,,0.0,8959
33318,HIV,,,0.0,8959
33319,HIV,,,0.0,10665
33320,HIV,,,0.0,8959
33321,HIV,,,0.0,11515
33322,HIV,,,0.0,10665
33323,HIV,,,0.0,8959
33324,HIV,,,0.0,285
33325,HIV,,,0.0,7591
33326,HIV,,,0.0,285
33327,HIV,,,0.0,285
33328,HIV,,,0.0,7591
33329,HIV,,,0.0,7591
33330,HIV,,,1.0,3689
33331,HIV,,,0.0,7591
33332,HIV,,,0.0,12031
33333,HIV,,,0.0,285
33334,HIV,,,0.0,11517
33335,HIV,,,0.0,11516
33336,HIV,,,0.0,11516
33337,HIV,,,0.0,11517
33338,HIV,,,0.0,11517
33339,HIV,,,0.0,11518
33340,HIV,,,0.0,11519
33341,HIV,,,0.0,11520
33342,HIV,,,0.0,11521
33343,HIV,,,0.0,7591
33344,HIV,,,0.0,5992
33345,HIV,,,0.0,11522
33346,HIV,,,0.0,11950
33347,HIV,,,0.0,285
33348,HIV,,,0.0,285
33349,HIV,,,0.0,11523
33350,HIV,,,0.0,11768
33351,HIV,,,0.0,12564
33352,HIV,,,0.0,11524
33353,HIV,,,0.0,285
33354,HIV,,,0.0,11616
33355,HIV,,,0.0,11616
33356,HIV,,,0.0,11616
33357,HIV,,,0.0,11525
33358,HIV,,,0.0,11526
33359,HIV,,,0.0,11526
33360,HIV,,,0.0,11527
33361,HIV,,,0.0,2546
33362,HIV,,,0.0,4204
33363,HIV,,,0.0,11528
33364,HIV,,,0.0,11529
33365,HIV,,,0.0,11530
33366,HIV,,,0.0,11531
33367,HIV,,,0.0,11532
33368,HIV,,,0.0,11533
33369,HIV,,,0.0,6801
33370,HIV,,,0.0,11534
33371,HIV,,,0.0,11535
33372,HIV,,,0.0,11536
33373,HIV,,,0.0,11537
33374,HIV,,,0.0,8959
33375,HIV,,,0.0,11538
33376,HIV,,,0.0,11539
33377,HIV,,,0.0,11540
33378,HIV,,,0.0,11541
33379,HIV,,,0.0,11542
33380,HIV,,,0.0,11543
33381,HIV,,,0.0,11544
33382,HIV,,,0.0,441
33383,HIV,,,0.0,5718
33384,HIV,,,0.0,5718
33385,HIV,,,0.0,5718
33386,HIV,,,0.0,13301
33387,HIV,,,0.0,11545
33388,HIV,,,0.0,1990
33389,HIV,,,0.0,11546
33390,HIV,,,0.0,11547
33391,HIV,,,0.0,11548
33392,HIV,,,0.0,11548
33393,HIV,,,1.0,335
33394,HIV,,,0.0,11549
33395,HIV,,,0.0,11549
33396,HIV,,,0.0,11549
33397,HIV,,,1.0,10924
33398,HIV,,,1.0,10924
33399,HIV,,,0.0,10924
33400,HIV,,,0.0,10924
33401,HIV,,,0.0,5165
33402,HIV,,,0.0,3759
33403,HIV,,,0.0,3759
33404,HIV,,,0.0,11550
33405,HIV,,,1.0,11551
33406,HIV,,,0.0,11552
33407,HIV,,,0.0,11553
33408,HIV,,,0.0,11554
33409,HIV,,,0.0,11555
33410,HIV,,,0.0,11554
33411,HIV,,,0.0,11555
33412,HIV,,,1.0,5363
33413,HIV,,,0.0,1322
33414,HIV,,,0.0,5363
33415,HIV,,,0.0,11556
33416,HIV,,,0.0,5363
33417,HIV,,,0.0,11557
33418,HIV,,,0.0,11557
33419,HIV,,,0.0,11557
33420,HIV,,,0.0,11558
33421,HIV,,,0.0,7591
33422,HIV,,,0.0,5363
33423,HIV,,,0.0,11559
33424,HIV,,,0.0,11560
33425,HIV,,,0.0,11561
33426,HIV,,,0.0,11562
33427,HIV,,,0.0,11562
33428,HIV,,,0.0,11563
33429,HIV,,,0.0,11564
33430,HIV,,,0.0,11565
33431,HIV,,,0.0,11566
33432,HIV,,,0.0,11567
33433,HIV,,,0.0,11568
33434,HIV,,,1.0,11569
33435,HIV,,,0.0,11570
33436,HIV,,,0.0,11571
33437,HIV,,,0.0,3309
33438,HIV,,,0.0,11208
33439,HIV,,,0.0,11572
33440,HIV,,,0.0,11573
33441,HIV,,,0.0,11573
33442,HIV,,,0.0,868
33443,HIV,,,0.0,11574
33444,HIV,,,0.0,11575
33445,HIV,,,0.0,11576
33446,HIV,,,0.0,11577
33447,HIV,,,0.0,11578
33448,HIV,,,0.0,10955
33449,HIV,,,0.0,11579
33450,HIV,,,0.0,11580
33451,HIV,,,0.0,11581
33452,HIV,,,0.0,11582
33453,HIV,,,0.0,11583
33454,HIV,,,0.0,11584
33455,HIV,,,0.0,11585
33456,HIV,,,0.0,11586
33457,HIV,,,0.0,1729
33458,HIV,,,0.0,797
33459,HIV,,,0.0,11587
33460,HIV,,,0.0,11588
33461,HIV,,,0.0,11589
33462,HIV,,,0.0,11590
33463,HIV,,,0.0,11590
33464,HIV,,,0.0,6470
33465,HIV,,,0.0,11591
33466,HIV,,,0.0,11592
33467,HIV,,,0.0,7535
33468,HIV,,,0.0,7535
33469,HIV,,,0.0,2546
33470,HIV,,,0.0,2546
33471,HIV,,,0.0,2546
33472,HIV,,,0.0,2546
33473,HIV,,,0.0,2546
33474,HIV,,,0.0,5363
33475,HIV,,,0.0,2546
33476,HIV,,,0.0,2546
33477,HIV,,,0.0,5566
33478,HIV,,,0.0,10138
33479,HIV,,,0.0,5566
33480,HIV,,,0.0,5566
33481,HIV,,,0.0,5566
33482,HIV,,,0.0,10138
33483,HIV,,,0.0,10138
33484,HIV,,,0.0,5566
33485,HIV,,,0.0,10138
33486,HIV,,,0.0,8686
33487,HIV,,,0.0,8686
33488,HIV,,,0.0,5363
33489,HIV,,,0.0,8686
33490,HIV,,,1.0,4587
33491,HIV,,,0.0,10275
33492,HIV,,,0.0,11593
33493,HIV,,,0.0,11593
33494,HIV,,,0.0,11594
33495,HIV,,,0.0,11594
33496,HIV,,,0.0,10275
33497,HIV,,,0.0,10275
33498,HIV,,,1.0,10275
33499,HIV,,,1.0,11595
33500,HIV,,,0.0,5718
33501,HIV,,,0.0,5718
33502,HIV,,,0.0,5718
33503,HIV,,,0.0,5718
33504,HIV,,,1.0,11596
33505,HIV,,,0.0,11596
33506,HIV,,,0.0,12205
33507,HIV,,,0.0,12205
33508,HIV,,,0.0,10138
33509,HIV,,,0.0,10138
33510,HIV,,,0.0,10138
33511,HIV,,,0.0,11597
33512,HIV,,,0.0,11598
33513,HIV,,,0.0,11598
33514,HIV,,,0.0,11599
33515,HIV,,,0.0,5363
33516,HIV,,,0.0,10633
33517,HIV,,,0.0,11600
33518,HIV,,,0.0,10633
33519,HIV,,,0.0,11601
33520,HIV,,,0.0,11609
33521,HIV,,,0.0,11602
33522,HIV,,,0.0,11603
33523,HIV,,,0.0,11604
33524,HIV,,,0.0,1280
33525,HIV,,,0.0,11605
33526,HIV,,,0.0,11605
33527,HIV,,,0.0,11607
33528,HIV,,,0.0,11607
33529,HIV,,,0.0,11606
33530,HIV,,,0.0,11607
33531,HIV,,,0.0,11608
33532,HIV,,,0.0,11608
33533,HIV,,,0.0,11609
33534,HIV,,,0.0,11609
33535,HIV,,,0.0,1280
33536,HIV,,,0.0,1280
33537,HIV,,,0.0,11610
33538,HIV,,,0.0,11950
33539,HIV,,,0.0,7388
33540,HIV,,,0.0,7388
33541,HIV,,,0.0,11612
33542,HIV,,,0.0,11611
33543,HIV,,,0.0,11612
33544,HIV,,,0.0,5363
33545,HIV,,,0.0,11505
33546,HIV,,,0.0,11613
33547,HIV,,,0.0,11614
33548,HIV,,,0.0,11614
33549,HIV,,,0.0,11614
33550,HIV,,,0.0,11614
33551,HIV,,,0.0,11614
33552,HIV,,,0.0,11614
33553,HIV,,,0.0,11614
33554,HIV,,,0.0,11614
33555,HIV,,,0.0,11614
33556,HIV,,,0.0,11615
33557,HIV,,,0.0,11615
33558,HIV,,,0.0,11615
33559,HIV,,,0.0,6721
33560,HIV,,,0.0,11616
33561,HIV,,,0.0,6683
33562,HIV,,,0.0,11617
33563,HIV,,,0.0,11617
33564,HIV,,,0.0,11617
33565,HIV,,,0.0,3279
33566,HIV,,,0.0,3279
33567,HIV,,,0.0,3279
33568,HIV,,,0.0,6801
33569,HIV,,,0.0,11618
33570,HIV,,,0.0,11618
33571,HIV,,,0.0,11618
33572,HIV,,,0.0,11618
33573,HIV,,,0.0,11619
33574,HIV,,,0.0,11619
33575,HIV,,,0.0,11619
33576,HIV,,,0.0,11619
33577,HIV,,,0.0,11407
33578,HIV,,,0.0,11407
33579,HIV,,,0.0,11407
33580,HIV,,,0.0,11407
33581,HIV,,,0.0,11407
33582,HIV,,,0.0,11407
33583,HIV,,,0.0,11407
33584,HIV,,,0.0,5245
33585,HIV,,,0.0,5245
33586,HIV,,,0.0,5245
33587,HIV,,,0.0,5245
33588,HIV,,,0.0,5245
33589,HIV,,,0.0,5245
33590,HIV,,,0.0,5245
33591,HIV,,,0.0,11620
33592,HIV,,,0.0,11621
33593,HIV,,,0.0,11620
33594,HIV,,,0.0,11622
33595,HIV,,,0.0,11623
33596,HIV,,,0.0,11624
33597,HIV,,,0.0,11624
33598,HIV,,,0.0,11625
33599,HIV,,,1.0,11626
33600,HIV,,,0.0,11627
33601,HIV,,,0.0,11628
33602,HIV,,,0.0,11628
33603,HIV,,,0.0,13146
33604,HIV,,,0.0,11629
33605,HIV,,,0.0,11631
33606,HIV,,,0.0,11630
33607,HIV,,,0.0,11631
33608,HIV,,,0.0,11632
33609,HIV,,,0.0,11634
33610,HIV,,,1.0,11633
33611,HIV,,,0.0,11634
33612,HIV,,,0.0,7436
33613,HIV,,,0.0,7436
33614,HIV,,,0.0,7436
33615,HIV,,,0.0,11635
33616,HIV,,,0.0,11636
33617,HIV,,,0.0,11637
33618,HIV,,,0.0,7356
33619,HIV,,,0.0,5992
33620,HIV,,,0.0,8392
33621,HIV,,,0.0,11638
33622,HIV,,,0.0,5597
33623,HIV,,,0.0,7356
33624,HIV,,,0.0,10746
33625,HIV,,,0.0,11639
33626,HIV,,,0.0,10516
33627,HIV,,,0.0,11640
33628,HIV,,,0.0,11641
33629,HIV,,,0.0,11642
33630,HIV,,,0.0,11643
33631,HIV,,,0.0,11644
33632,HIV,,,0.0,7388
33633,HIV,,,0.0,7356
33634,HIV,,,0.0,11645
33635,HIV,,,0.0,11646
33636,HIV,,,0.0,11647
33637,HIV,,,0.0,5363
33638,HIV,,,0.0,3279
33639,HIV,,,0.0,3279
33640,HIV,,,0.0,3279
33641,HIV,,,0.0,3279
33642,HIV,,,0.0,3279
33643,HIV,,,0.0,3279
33644,HIV,,,0.0,3279
33645,HIV,,,0.0,3279
33646,HIV,,,0.0,10409
33647,HIV,,,0.0,3279
33648,HIV,,,0.0,3279
33649,HIV,,,0.0,3279
33650,HIV,,,0.0,11648
33651,HIV,,,0.0,11649
33652,HIV,,,0.0,8710
33653,HIV,,,0.0,11650
33654,HIV,,,0.0,5350
33655,HIV,,,0.0,11651
33656,HIV,,,0.0,5350
33657,HIV,,,0.0,11651
33658,HIV,,,0.0,11652
33659,HIV,,,0.0,11653
33660,HIV,,,0.0,11655
33661,HIV,,,0.0,11654
33662,HIV,,,0.0,11654
33663,HIV,,,0.0,11655
33664,HIV,,,0.0,12162
33665,HIV,,,0.0,11656
33666,HIV,,,0.0,11657
33667,HIV,,,0.0,1729
33668,HIV,,,0.0,1729
33669,HIV,,,0.0,11658
33670,HIV,,,0.0,11659
33671,HIV,,,0.0,11659
33672,HIV,,,0.0,11660
33673,HIV,,,0.0,11660
33674,HIV,,,0.0,11660
33675,HIV,,,0.0,11660
33676,HIV,,,0.0,11661
33677,HIV,,,0.0,11662
33678,HIV,,,1.0,11663
33679,HIV,,,0.0,11663
33680,HIV,,,0.0,11663
33681,HIV,,,0.0,11664
33682,HIV,,,0.0,604
33683,HIV,,,0.0,604
33684,HIV,,,0.0,604
33685,HIV,,,0.0,604
33686,HIV,,,0.0,604
33687,HIV,,,0.0,604
33688,HIV,,,0.0,7092
33689,HIV,,,0.0,604
33690,HIV,,,0.0,7092
33691,HIV,,,0.0,604
33692,HIV,,,0.0,604
33693,HIV,,,1.0,5718
33694,HIV,,,1.0,11665
33695,HIV,,,0.0,14106
33696,HIV,,,0.0,11666
33697,HIV,,,0.0,10924
33698,HIV,,,0.0,11667
33699,HIV,,,0.0,11668
33700,HIV,,,0.0,11669
33701,HIV,,,0.0,11670
33702,HIV,,,1.0,11671
33703,HIV,,,0.0,11672
33704,HIV,,,0.0,7388
33705,HIV,,,0.0,7388
33706,HIV,,,0.0,11950
33707,HIV,,,0.0,11950
33708,HIV,,,0.0,11673
33709,HIV,,,0.0,11673
33710,HIV,,,0.0,11673
33711,HIV,,,0.0,11673
33712,HIV,,,0.0,11673
33713,HIV,,,0.0,11674
33714,HIV,,,0.0,14106
33715,HIV,,,0.0,14106
33716,HIV,,,0.0,14106
33717,HIV,,,0.0,14106
33718,HIV,,,0.0,14106
33719,HIV,,,0.0,14106
33720,HIV,,,0.0,14106
33721,HIV,,,0.0,14106
33722,HIV,,,0.0,14106
33723,HIV,,,0.0,14106
33724,HIV,,,0.0,14106
33725,HIV,,,0.0,14106
33726,HIV,,,0.0,14106
33727,HIV,,,0.0,14106
33728,HIV,,,0.0,14106
33729,HIV,,,0.0,14106
33730,HIV,,,1.0,434
33731,HIV,,,0.0,11950
33732,HIV,,,0.0,13229
33733,HIV,,,0.0,13419
33734,HIV,,,0.0,14106
33735,HIV,,,0.0,11675
33736,HIV,,,0.0,11676
33737,HIV,,,0.0,11677
33738,HIV,,,0.0,9201
33739,HIV,,,0.0,11678
33740,HIV,,,0.0,12243
33741,HIV,,,0.0,12243
33742,HIV,,,0.0,11680
33743,HIV,,,0.0,11679
33744,HIV,,,0.0,11680
33745,HIV,,,0.0,11681
33746,HIV,,,0.0,11681
33747,HIV,,,0.0,14114
33748,HIV,,,0.0,11682
33749,HIV,,,0.0,11683
33750,HIV,,,0.0,11684
33751,HIV,,,0.0,11685
33752,HIV,,,0.0,6470
33753,HIV,,,0.0,11686
33754,HIV,,,0.0,11687
33755,HIV,,,0.0,11688
33756,HIV,,,0.0,13419
33757,HIV,,,0.0,11689
33758,HIV,,,0.0,11690
33759,HIV,,,0.0,5363
33760,HIV,,,0.0,3021
33761,HIV,,,0.0,3021
33762,HIV,,,0.0,9175
33763,HIV,,,0.0,9175
33764,HIV,,,0.0,11691
33765,HIV,,,0.0,8786
33766,HIV,,,0.0,8786
33767,HIV,,,1.0,8786
33768,HIV,,,0.0,11692
33769,HIV,,,0.0,11910
33770,HIV,,,0.0,613
33771,HIV,,,0.0,8786
33772,HIV,,,0.0,11693
33773,HIV,,,0.0,11307
33774,HIV,,,0.0,11370
33775,HIV,,,0.0,335
33776,HIV,,,0.0,3021
33777,HIV,,,0.0,335
33778,HIV,,,0.0,11694
33779,HIV,,,0.0,11694
33780,HIV,,,0.0,11695
33781,HIV,,,0.0,11695
33782,HIV,,,0.0,11695
33783,HIV,,,0.0,5747
33784,HIV,,,0.0,11696
33785,HIV,,,0.0,3309
33786,HIV,,,0.0,3309
33787,HIV,,,0.0,8971
33788,HIV,,,0.0,11697
33789,HIV,,,0.0,3279
33790,HIV,,,0.0,3279
33791,HIV,,,0.0,11698
33792,HIV,,,0.0,11699
33793,HIV,,,0.0,3279
33794,HIV,,,0.0,7591
33795,HIV,,,0.0,9676
33796,HIV,,,0.0,3279
33797,HIV,,,0.0,3279
33798,HIV,,,0.0,3279
33799,HIV,,,0.0,11700
33800,HIV,,,0.0,11700
33801,HIV,,,0.0,11701
33802,HIV,,,0.0,11702
33803,HIV,,,0.0,3279
33804,HIV,,,0.0,3279
33805,HIV,,,0.0,3309
33806,HIV,,,0.0,12822
33807,HIV,,,1.0,6918
33808,HIV,,,1.0,6918
33809,HIV,,,1.0,6918
33810,HIV,,,1.0,6918
33811,HIV,,,0.0,6918
33812,HIV,,,1.0,6918
33813,HIV,,,0.0,10924
33814,HIV,,,0.0,11509
33815,HIV,,,0.0,10924
33816,HIV,,,0.0,10924
33817,HIV,,,0.0,4548
33818,HIV,,,0.0,4548
33819,HIV,,,0.0,4548
33820,HIV,,,0.0,4548
33821,HIV,,,0.0,4548
33822,HIV,,,0.0,4548
33823,HIV,,,0.0,4548
33824,HIV,,,0.0,4548
33825,HIV,,,1.0,4548
33826,HIV,,,0.0,4548
33827,HIV,,,0.0,4548
33828,HIV,,,0.0,3021
33829,HIV,,,0.0,3021
33830,HIV,,,0.0,3021
33831,HIV,,,0.0,3021
33832,HIV,,,0.0,11703
33833,HIV,,,0.0,3021
33834,HIV,,,0.0,3021
33835,HIV,,,0.0,3021
33836,HIV,,,0.0,11703
33837,HIV,,,0.0,11704
33838,HIV,,,0.0,11705
33839,HIV,,,0.0,2473
33840,HIV,,,0.0,5363
33841,HIV,,,0.0,10746
33842,HIV,,,0.0,11722
33843,HIV,,,0.0,11707
33844,HIV,,,0.0,1016
33845,HIV,,,0.0,377
33846,HIV,,,1.0,6801
33847,HIV,,,0.0,11725
33848,HIV,,,0.0,11706
33849,HIV,,,0.0,11707
33850,HIV,,,0.0,11724
33851,HIV,,,0.0,11708
33852,HIV,,,0.0,2473
33853,HIV,,,0.0,11709
33854,HIV,,,0.0,11710
33855,HIV,,,0.0,11711
33856,HIV,,,0.0,11712
33857,HIV,,,0.0,11713
33858,HIV,,,0.0,11722
33859,HIV,,,0.0,11714
33860,HIV,,,0.0,11715
33861,HIV,,,0.0,1664
33862,HIV,,,0.0,11716
33863,HIV,,,0.0,4348
33864,HIV,,,0.0,7591
33865,HIV,,,0.0,5363
33866,HIV,,,0.0,11717
33867,HIV,,,0.0,13419
33868,HIV,,,0.0,11718
33869,HIV,,,0.0,11719
33870,HIV,,,0.0,5992
33871,HIV,,,0.0,11713
33872,HIV,,,0.0,11720
33873,HIV,,,0.0,11721
33874,HIV,,,0.0,11722
33875,HIV,,,0.0,11722
33876,HIV,,,0.0,1664
33877,HIV,,,0.0,11723
33878,HIV,,,0.0,11724
33879,HIV,,,0.0,11725
33880,HIV,,,0.0,11726
33881,HIV,,,0.0,13419
33882,HIV,,,0.0,10746
33883,HIV,,,0.0,10746
33884,HIV,,,0.0,11727
33885,HIV,,,0.0,5363
33886,HIV,,,0.0,2473
33887,HIV,,,0.0,2473
33888,HIV,,,0.0,7591
33889,HIV,,,0.0,6752
33890,HIV,,,0.0,11728
33891,HIV,,,1.0,6752
33892,HIV,,,1.0,6752
33893,HIV,,,0.0,6752
33894,HIV,,,0.0,11729
33895,HIV,,,0.0,5501
33896,HIV,,,0.0,11730
33897,HIV,,,0.0,11731
33898,HIV,,,0.0,11732
33899,HIV,,,0.0,11733
33900,HIV,,,0.0,11733
33901,HIV,,,0.0,11733
33902,HIV,,,0.0,11733
33903,HIV,,,0.0,5165
33904,HIV,,,0.0,2546
33905,HIV,,,1.0,13419
33906,HIV,,,0.0,13419
33907,HIV,,,0.0,5718
33908,HIV,,,0.0,11734
33909,HIV,,,1.0,10760
33910,HIV,,,0.0,5363
33911,HIV,,,0.0,5363
33912,HIV,,,0.0,5363
33913,HIV,,,0.0,5363
33914,HIV,,,0.0,5363
33915,HIV,,,0.0,5363
33916,HIV,,,0.0,5363
33917,HIV,,,0.0,11736
33918,HIV,,,0.0,11736
33919,HIV,,,0.0,11736
33920,HIV,,,0.0,11736
33921,HIV,,,0.0,11735
33922,HIV,,,0.0,11736
33923,HIV,,,0.0,11736
33924,HIV,,,0.0,9376
33925,HIV,,,0.0,9376
33926,HIV,,,0.0,5363
33927,HIV,,,0.0,12955
33928,HIV,,,0.0,11737
33929,HIV,,,0.0,5363
33930,HIV,,,0.0,11738
33931,HIV,,,0.0,5363
33932,HIV,,,0.0,5363
33933,HIV,,,0.0,5363
33934,HIV,,,0.0,11739
33935,HIV,,,0.0,2546
33936,HIV,,,0.0,11740
33937,HIV,,,0.0,11741
33938,HIV,,,0.0,11742
33939,HIV,,,0.0,6433
33940,HIV,,,0.0,5165
33941,HIV,,,0.0,6433
33942,HIV,,,0.0,2473
33943,HIV,,,0.0,6433
33944,HIV,,,0.0,9156
33945,HIV,,,0.0,11743
33946,HIV,,,0.0,11744
33947,HIV,,,0.0,11745
33948,HIV,,,0.0,11746
33949,HIV,,,0.0,11745
33950,HIV,,,0.0,11746
33951,HIV,,,0.0,3309
33952,HIV,,,0.0,3309
33953,HIV,,,0.0,3309
33954,HIV,,,0.0,3309
33955,HIV,,,0.0,11748
33956,HIV,,,0.0,11748
33957,HIV,,,0.0,11747
33958,HIV,,,0.0,11748
33959,HIV,,,0.0,7632
33960,HIV,,,0.0,11749
33961,HIV,,,0.0,13948
33962,HIV,,,0.0,11750
33963,HIV,,,0.0,11751
33964,HIV,,,0.0,2095
33965,HIV,,,0.0,11748
33966,HIV,,,0.0,11752
33967,HIV,,,0.0,11748
33968,HIV,,,0.0,11753
33969,HIV,,,0.0,4496
33970,HIV,,,0.0,11754
33971,HIV,,,0.0,11755
33972,HIV,,,0.0,11756
33973,HIV,,,0.0,441
33974,HIV,,,0.0,5718
33975,HIV,,,1.0,5363
33976,HIV,,,0.0,57
33977,HIV,,,0.0,11757
33978,HIV,,,0.0,5363
33979,HIV,,,0.0,5363
33980,HIV,,,0.0,5363
33981,HIV,,,0.0,5363
33982,HIV,,,0.0,5363
33983,HIV,,,0.0,2546
33984,HIV,,,0.0,5363
33985,HIV,,,0.0,5363
33986,HIV,,,0.0,5363
33987,HIV,,,0.0,11758
33988,HIV,,,0.0,10390
33989,HIV,,,1.0,10390
33990,HIV,,,0.0,12394
33991,HIV,,,1.0,10138
33992,HIV,,,0.0,10138
33993,HIV,,,0.0,12394
33994,HIV,,,0.0,12394
33995,HIV,,,0.0,12394
33996,HIV,,,0.0,5424
33997,HIV,,,0.0,5424
33998,HIV,,,0.0,11759
33999,HIV,,,0.0,11760
34000,HIV,,,0.0,11761
34001,HIV,,,0.0,11762
34002,HIV,,,0.0,11766
34003,HIV,,,0.0,11763
34004,HIV,,,0.0,11764
34005,HIV,,,0.0,11765
34006,HIV,,,0.0,11766
34007,HIV,,,0.0,11766
34008,HIV,,,0.0,11766
34009,HIV,,,0.0,11766
34010,HIV,,,0.0,335
34011,HIV,,,0.0,11767
34012,HIV,,,0.0,285
34013,HIV,,,0.0,12384
34014,HIV,,,0.0,285
34015,HIV,,,0.0,285
34016,HIV,,,0.0,285
34017,HIV,,,0.0,285
34018,HIV,,,0.0,3279
34019,HIV,,,0.0,3279
34020,HIV,,,0.0,11768
34021,HIV,,,0.0,441
34022,HIV,,,0.0,10568
34023,HIV,,,0.0,10681
34024,HIV,,,0.0,10978
34025,HIV,,,0.0,11150
34026,HIV,,,0.0,11769
34027,HIV,,,0.0,11769
34028,HIV,,,0.0,11769
34029,HIV,,,0.0,11769
34030,HIV,,,0.0,11770
34031,HIV,,,0.0,11770
34032,HIV,,,0.0,11770
34033,HIV,,,0.0,3021
34034,HIV,,,0.0,11771
34035,HIV,,,0.0,5363
34036,HIV,,,0.0,11772
34037,HIV,,,0.0,11771
34038,HIV,,,0.0,5363
34039,HIV,,,0.0,5363
34040,HIV,,,0.0,11773
34041,HIV,,,0.0,5363
34042,HIV,,,0.0,2546
34043,HIV,,,0.0,2546
34044,HIV,,,0.0,11774
34045,HIV,,,0.0,2546
34046,HIV,,,0.0,11775
34047,HIV,,,0.0,11776
34048,HIV,,,0.0,11776
34049,HIV,,,0.0,11777
34050,HIV,,,0.0,11778
34051,HIV,,,0.0,11779
34052,HIV,,,0.0,11780
34053,HIV,,,0.0,11781
34054,HIV,,,0.0,11782
34055,HIV,,,0.0,11783
34056,HIV,,,0.0,11784
34057,HIV,,,0.0,7591
34058,HIV,,,0.0,11785
34059,HIV,,,0.0,11786
34060,HIV,,,0.0,11787
34061,HIV,,,0.0,9384
34062,HIV,,,0.0,11788
34063,HIV,,,0.0,11789
34064,HIV,,,0.0,14043
34065,HIV,,,0.0,14043
34066,HIV,,,0.0,11790
34067,HIV,,,0.0,11791
34068,HIV,,,0.0,11792
34069,HIV,,,0.0,11792
34070,HIV,,,0.0,11792
34071,HIV,,,0.0,5363
34072,HIV,,,0.0,5363
34073,HIV,,,0.0,8392
34074,HIV,,,0.0,11793
34075,HIV,,,0.0,98
34076,HIV,,,0.0,13535
34077,HIV,,,0.0,98
34078,HIV,,,0.0,13535
34079,HIV,,,0.0,98
34080,HIV,,,0.0,7337
34081,HIV,,,0.0,11794
34082,HIV,,,0.0,5165
34083,HIV,,,0.0,13419
34084,HIV,,,0.0,13419
34085,HIV,,,0.0,13419
34086,HIV,,,0.0,5363
34087,HIV,,,0.0,5363
34088,HIV,,,0.0,5363
34089,HIV,,,0.0,11795
34090,HIV,,,0.0,11795
34091,HIV,,,0.0,1016
34092,HIV,,,0.0,1016
34093,HIV,,,0.0,13419
34094,HIV,,,0.0,13419
34095,HIV,,,0.0,13419
34096,HIV,,,0.0,13419
34097,HIV,,,0.0,13419
34098,HIV,,,0.0,13419
34099,HIV,,,0.0,13419
34100,HIV,,,0.0,13419
34101,HIV,,,0.0,11796
34102,HIV,,,0.0,11069
34103,HIV,,,0.0,11069
34104,HIV,,,0.0,11797
34105,HIV,,,0.0,5165
34106,HIV,,,0.0,5363
34107,HIV,,,0.0,5363
34108,HIV,,,0.0,5363
34109,HIV,,,0.0,11798
34110,HIV,,,0.0,11798
34111,HIV,,,0.0,11798
34112,HIV,,,0.0,11799
34113,HIV,,,0.0,11799
34114,HIV,,,0.0,11800
34115,HIV,,,0.0,11800
34116,HIV,,,0.0,11800
34117,HIV,,,0.0,11801
34118,HIV,,,0.0,441
34119,HIV,,,0.0,13539
34120,HIV,,,0.0,13539
34121,HIV,,,0.0,13539
34122,HIV,,,0.0,13539
34123,HIV,,,0.0,11802
34124,HIV,,,0.0,13539
34125,HIV,,,1.0,11803
34126,HIV,,,0.0,11804
34127,HIV,,,0.0,11805
34128,HIV,,,0.0,11806
34129,HIV,,,0.0,11806
34130,HIV,,,1.0,14060
34131,HIV,,,1.0,11807
34132,HIV,,,0.0,13539
34133,HIV,,,0.0,13539
34134,HIV,,,0.0,13539
34135,HIV,,,0.0,11808
34136,HIV,,,0.0,11814
34137,HIV,,,0.0,10470
34138,HIV,,,0.0,8715
34139,HIV,,,0.0,5363
34140,HIV,,,0.0,11809
34141,HIV,,,0.0,5363
34142,HIV,,,0.0,5718
34143,HIV,,,0.0,12451
34144,HIV,,,0.0,11810
34145,HIV,,,0.0,11811
34146,HIV,,,0.0,11814
34147,HIV,,,0.0,5363
34148,HIV,,,0.0,5363
34149,HIV,,,0.0,5363
34150,HIV,,,0.0,5363
34151,HIV,,,0.0,11812
34152,HIV,,,0.0,5718
34153,HIV,,,0.0,11813
34154,HIV,,,0.0,11814
34155,HIV,,,0.0,5363
34156,HIV,,,0.0,5363
34157,HIV,,,0.0,5718
34158,HIV,,,0.0,10470
34159,HIV,,,0.0,11815
34160,HIV,,,0.0,5363
34161,HIV,,,0.0,10470
34162,HIV,,,0.0,11814
34163,HIV,,,0.0,5363
34164,HIV,,,0.0,5363
34165,HIV,,,0.0,8959
34166,HIV,,,0.0,11816
34167,HIV,,,0.0,12957
34168,HIV,,,0.0,11164
34169,HIV,,,0.0,11817
34170,HIV,,,0.0,11818
34171,HIV,,,0.0,11819
34172,HIV,,,0.0,11820
34173,HIV,,,0.0,11821
34174,HIV,,,0.0,4912
34175,HIV,,,0.0,11822
34176,HIV,,,0.0,11823
34177,HIV,,,0.0,11824
34178,HIV,,,0.0,11825
34179,HIV,,,0.0,11826
34180,HIV,,,0.0,3279
34181,HIV,,,0.0,11827
34182,HIV,,,0.0,5992
34183,HIV,,,0.0,11828
34184,HIV,,,0.0,10966
34185,HIV,,,0.0,11829
34186,HIV,,,0.0,11830
34187,HIV,,,0.0,5363
34188,HIV,,,0.0,11831
34189,HIV,,,0.0,11832
34190,HIV,,,0.0,11832
34191,HIV,,,0.0,11833
34192,HIV,,,0.0,2739
34193,HIV,,,0.0,11834
34194,HIV,,,0.0,2739
34195,HIV,,,0.0,11835
34196,HIV,,,0.0,11836
34197,HIV,,,0.0,11582
34198,HIV,,,0.0,11837
34199,HIV,,,0.0,11838
34200,HIV,,,0.0,11839
34201,HIV,,,0.0,11202
34202,HIV,,,0.0,11202
34203,HIV,,,0.0,11840
34204,HIV,,,0.0,11840
34205,HIV,,,0.0,11841
34206,HIV,,,0.0,11842
34207,HIV,,,0.0,98
34208,HIV,,,0.0,11843
34209,HIV,,,0.0,11844
34210,HIV,,,0.0,11845
34211,HIV,,,0.0,11845
34212,HIV,,,0.0,98
34213,HIV,,,0.0,98
34214,HIV,,,0.0,11846
34215,HIV,,,0.0,11846
34216,HIV,,,0.0,11847
34217,HIV,,,0.0,11848
34218,HIV,,,0.0,11849
34219,HIV,,,0.0,11417
34220,HIV,,,0.0,11418
34221,HIV,,,0.0,11850
34222,HIV,,,0.0,11850
34223,HIV,,,0.0,11850
34224,HIV,,,0.0,6433
34225,HIV,,,0.0,14106
34226,HIV,,,0.0,14106
34227,HIV,,,0.0,11851
34228,HIV,,,0.0,11964
34229,HIV,,,0.0,11964
34230,HIV,,,0.0,11964
34231,HIV,,,0.0,11852
34232,HIV,,,0.0,11852
34233,HIV,,,0.0,11852
34234,HIV,,,0.0,12384
34235,HIV,,,0.0,12384
34236,HIV,,,0.0,285
34237,HIV,,,1.0,285
34238,HIV,,,0.0,11853
34239,HIV,,,0.0,2536
34240,HIV,,,0.0,11854
34241,HIV,,,0.0,11768
34242,HIV,,,0.0,11768
34243,HIV,,,0.0,11768
34244,HIV,,,0.0,285
34245,HIV,,,0.0,285
34246,HIV,,,1.0,285
34247,HIV,,,0.0,11855
34248,HIV,,,0.0,441
34249,HIV,,,0.0,12557
34250,HIV,,,0.0,12557
34251,HIV,,,0.0,12557
34252,HIV,,,0.0,12557
34253,HIV,,,0.0,12557
34254,HIV,,,0.0,12557
34255,HIV,,,0.0,12557
34256,HIV,,,0.0,12557
34257,HIV,,,0.0,12557
34258,HIV,,,0.0,11856
34259,HIV,,,0.0,11856
34260,HIV,,,0.0,11856
34261,HIV,,,0.0,12557
34262,HIV,,,0.0,12557
34263,HIV,,,0.0,12557
34264,HIV,,,0.0,12557
34265,HIV,,,0.0,12557
34266,HIV,,,0.0,12557
34267,HIV,,,0.0,11857
34268,HIV,,,0.0,11857
34269,HIV,,,0.0,11857
34270,HIV,,,0.0,11857
34271,HIV,,,0.0,11195
34272,HIV,,,0.0,3309
34273,HIV,,,0.0,3309
34274,HIV,,,0.0,3309
34275,HIV,,,0.0,11858
34276,HIV,,,0.0,11861
34277,HIV,,,1.0,11859
34278,HIV,,,0.0,11860
34279,HIV,,,0.0,11861
34280,HIV,,,0.0,11860
34281,HIV,,,0.0,11861
34282,HIV,,,1.0,11861
34283,HIV,,,0.0,11860
34284,HIV,,,0.0,11860
34285,HIV,,,0.0,11860
34286,HIV,,,0.0,11860
34287,HIV,,,0.0,11862
34288,HIV,,,0.0,11863
34289,HIV,,,0.0,98
34290,HIV,,,1.0,8710
34291,HIV,,,1.0,8710
34292,HIV,,,1.0,14041
34293,HIV,,,0.0,11950
34294,HIV,,,0.0,11950
34295,HIV,,,0.0,11950
34296,HIV,,,0.0,11864
34297,HIV,,,0.0,5424
34298,HIV,,,0.0,5424
34299,HIV,,,0.0,5424
34300,HIV,,,0.0,11865
34301,HIV,,,0.0,5424
34302,HIV,,,0.0,5424
34303,HIV,,,0.0,5424
34304,HIV,,,0.0,5424
34305,HIV,,,0.0,11866
34306,HIV,,,0.0,5424
34307,HIV,,,0.0,5424
34308,HIV,,,0.0,5424
34309,HIV,,,0.0,5424
34310,HIV,,,0.0,5424
34311,HIV,,,0.0,5424
34312,HIV,,,0.0,5424
34313,HIV,,,0.0,5424
34314,HIV,,,0.0,11867
34315,HIV,,,1.0,11868
34316,HIV,,,0.0,11868
34317,HIV,,,0.0,2546
34318,HIV,,,0.0,11869
34319,HIV,,,0.0,10924
34320,HIV,,,1.0,10924
34321,HIV,,,0.0,5718
34322,HIV,,,0.0,10746
34323,HIV,,,0.0,10746
34324,HIV,,,0.0,10746
34325,HIV,,,0.0,10746
34326,HIV,,,0.0,10746
34327,HIV,,,0.0,10746
34328,HIV,,,0.0,10746
34329,HIV,,,0.0,11870
34330,HIV,,,0.0,10746
34331,HIV,,,0.0,10746
34332,HIV,,,0.0,10746
34333,HIV,,,0.0,10746
34334,HIV,,,0.0,11872
34335,HIV,,,0.0,11873
34336,HIV,,,0.0,11871
34337,HIV,,,0.0,11871
34338,HIV,,,0.0,11871
34339,HIV,,,0.0,11871
34340,HIV,,,0.0,11871
34341,HIV,,,0.0,11871
34342,HIV,,,0.0,11871
34343,HIV,,,0.0,11871
34344,HIV,,,0.0,11874
34345,HIV,,,0.0,11874
34346,HIV,,,0.0,11871
34347,HIV,,,0.0,11871
34348,HIV,,,0.0,11871
34349,HIV,,,0.0,11871
34350,HIV,,,0.0,10746
34351,HIV,,,0.0,11871
34352,HIV,,,0.0,10746
34353,HIV,,,0.0,11871
34354,HIV,,,0.0,10746
34355,HIV,,,0.0,11358
34356,HIV,,,0.0,11358
34357,HIV,,,0.0,11358
34358,HIV,,,0.0,11358
34359,HIV,,,0.0,11358
34360,HIV,,,0.0,11358
34361,HIV,,,0.0,11358
34362,HIV,,,0.0,11358
34363,HIV,,,0.0,11358
34364,HIV,,,0.0,11358
34365,HIV,,,0.0,11875
34366,HIV,,,0.0,11876
34367,HIV,,,0.0,9319
34368,HIV,,,0.0,9319
34369,HIV,,,0.0,9319
34370,HIV,,,0.0,9319
34371,HIV,,,0.0,9319
34372,HIV,,,0.0,9319
34373,HIV,,,0.0,9319
34374,HIV,,,0.0,9319
34375,HIV,,,0.0,11877
34376,HIV,,,0.0,11878
34377,HIV,,,0.0,9319
34378,HIV,,,0.0,9319
34379,HIV,,,0.0,11358
34380,HIV,,,0.0,11358
34381,HIV,,,0.0,11358
34382,HIV,,,0.0,11358
34383,HIV,,,0.0,11358
34384,HIV,,,0.0,11358
34385,HIV,,,0.0,11358
34386,HIV,,,0.0,11358
34387,HIV,,,0.0,11358
34388,HIV,,,0.0,11358
34389,HIV,,,0.0,11879
34390,HIV,,,0.0,11407
34391,HIV,,,0.0,11407
34392,HIV,,,0.0,11407
34393,HIV,,,0.0,11407
34394,HIV,,,0.0,11407
34395,HIV,,,0.0,11407
34396,HIV,,,0.0,11407
34397,HIV,,,0.0,11407
34398,HIV,,,0.0,11407
34399,HIV,,,0.0,11407
34400,HIV,,,0.0,10924
34401,HIV,,,0.0,11880
34402,HIV,,,0.0,11881
34403,HIV,,,0.0,11358
34404,HIV,,,0.0,11882
34405,HIV,,,0.0,11883
34406,HIV,,,0.0,11882
34407,HIV,,,0.0,11358
34408,HIV,,,0.0,11882
34409,HIV,,,0.0,11358
34410,HIV,,,0.0,11358
34411,HIV,,,0.0,11358
34412,HIV,,,0.0,11358
34413,HIV,,,0.0,11884
34414,HIV,,,0.0,11358
34415,HIV,,,0.0,11882
34416,HIV,,,0.0,11358
34417,HIV,,,0.0,11358
34418,HIV,,,0.0,11358
34419,HIV,,,0.0,11358
34420,HIV,,,0.0,11358
34421,HIV,,,0.0,9319
34422,HIV,,,0.0,9319
34423,HIV,,,0.0,11358
34424,HIV,,,0.0,11358
34425,HIV,,,0.0,11358
34426,HIV,,,0.0,11358
34427,HIV,,,0.0,11358
34428,HIV,,,0.0,11358
34429,HIV,,,0.0,11358
34430,HIV,,,0.0,11358
34431,HIV,,,0.0,11358
34432,HIV,,,0.0,11358
34433,HIV,,,0.0,11358
34434,HIV,,,0.0,11358
34435,HIV,,,0.0,11358
34436,HIV,,,0.0,11885
34437,HIV,,,0.0,11886
34438,HIV,,,0.0,3279
34439,HIV,,,0.0,3279
34440,HIV,,,0.0,11886
34441,HIV,,,0.0,11887
34442,HIV,,,0.0,11888
34443,HIV,,,0.0,3279
34444,HIV,,,0.0,3279
34445,HIV,,,0.0,11886
34446,HIV,,,0.0,11886
34447,HIV,,,0.0,3279
34448,HIV,,,0.0,3279
34449,HIV,,,0.0,10746
34450,HIV,,,0.0,10746
34451,HIV,,,0.0,10746
34452,HIV,,,0.0,10746
34453,HIV,,,0.0,10746
34454,HIV,,,0.0,10746
34455,HIV,,,0.0,10746
34456,HIV,,,0.0,10746
34457,HIV,,,0.0,10746
34458,HIV,,,0.0,10746
34459,HIV,,,0.0,10746
34460,HIV,,,0.0,10746
34461,HIV,,,0.0,10746
34462,HIV,,,0.0,10746
34463,HIV,,,0.0,10746
34464,HIV,,,0.0,10746
34465,HIV,,,0.0,10746
34466,HIV,,,0.0,12955
34467,HIV,,,0.0,12955
34468,HIV,,,0.0,5363
34469,HIV,,,0.0,5927
34470,HIV,,,0.0,5927
34471,HIV,,,0.0,11889
34472,HIV,,,0.0,10119
34473,HIV,,,0.0,10119
34474,HIV,,,0.0,10119
34475,HIV,,,0.0,10119
34476,HIV,,,0.0,11890
34477,HIV,,,0.0,11890
34478,HIV,,,0.0,11891
34479,HIV,,,0.0,11892
34480,HIV,,,0.0,11893
34481,HIV,,,0.0,11893
34482,HIV,,,0.0,11894
34483,HIV,,,0.0,11894
34484,HIV,,,0.0,11895
34485,HIV,,,0.0,11069
34486,HIV,,,0.0,12146
34487,HIV,,,0.0,12145
34488,HIV,,,0.0,7604
34489,HIV,,,0.0,11778
34490,HIV,,,0.0,11896
34491,HIV,,,0.0,11897
34492,HIV,,,0.0,11898
34493,HIV,,,0.0,12204
34494,HIV,,,0.0,12204
34495,HIV,,,0.0,5165
34496,HIV,,,0.0,5165
34497,HIV,,,0.0,5165
34498,HIV,,,0.0,11899
34499,HIV,,,1.0,8710
34500,HIV,,,1.0,8710
34501,HIV,,,0.0,11900
34502,HIV,,,0.0,11901
34503,HIV,,,0.0,5718
34504,HIV,,,0.0,11902
34505,HIV,,,0.0,11903
34506,HIV,,,0.0,5597
34507,HIV,,,0.0,14043
34508,HIV,,,0.0,14043
34509,HIV,,,0.0,11904
34510,HIV,,,0.0,5363
34511,HIV,,,0.0,11905
34512,HIV,,,0.0,11906
34513,HIV,,,0.0,7761
34514,HIV,,,0.0,335
34515,HIV,,,0.0,11907
34516,HIV,,,0.0,12958
34517,HIV,,,0.0,7388
34518,HIV,,,0.0,7388
34519,HIV,,,0.0,1729
34520,HIV,,,0.0,1729
34521,HIV,,,0.0,9512
34522,HIV,,,0.0,10491
34523,HIV,,,0.0,5363
34524,HIV,,,0.0,13419
34525,HIV,,,0.0,13419
34526,HIV,,,0.0,10491
34527,HIV,,,0.0,10491
34528,HIV,,,0.0,10491
34529,HIV,,,0.0,13419
34530,HIV,,,0.0,13419
34531,HIV,,,0.0,2546
34532,HIV,,,0.0,5363
34533,HIV,,,0.0,5363
34534,HIV,,,0.0,11908
34535,HIV,,,0.0,11908
34536,HIV,,,0.0,11909
34537,HIV,,,1.0,11910
34538,HIV,,,0.0,11910
34539,HIV,,,0.0,11910
34540,HIV,,,1.0,11910
34541,HIV,,,0.0,11910
34542,HIV,,,0.0,11910
34543,HIV,,,0.0,4202
34544,HIV,,,0.0,1830
34545,HIV,,,0.0,1830
34546,HIV,,,0.0,1016
34547,HIV,,,0.0,10924
34548,HIV,,,1.0,10924
34549,HIV,,,0.0,11911
34550,HIV,,,0.0,11912
34551,HIV,,,0.0,2546
34552,HIV,,,0.0,11913
34553,HIV,,,0.0,11913
34554,HIV,,,0.0,10924
34555,HIV,,,0.0,11914
34556,HIV,,,1.0,8710
34557,HIV,,,1.0,11202
34558,HIV,,,0.0,11915
34559,HIV,,,0.0,11916
34560,HIV,,,0.0,11916
34561,HIV,,,1.0,1344
34562,HIV,,,0.0,11917
34563,HIV,,,0.0,11917
34564,HIV,,,0.0,11917
34565,HIV,,,0.0,13041
34566,HIV,,,0.0,11918
34567,HIV,,,0.0,11919
34568,HIV,,,0.0,11920
34569,HIV,,,0.0,7388
34570,HIV,,,0.0,3021
34571,HIV,,,0.0,3279
34572,HIV,,,0.0,3279
34573,HIV,,,0.0,5954
34574,HIV,,,0.0,1344
34575,HIV,,,0.0,11921
34576,HIV,,,0.0,11922
34577,HIV,,,0.0,11923
34578,HIV,,,0.0,11924
34579,HIV,,,0.0,11924
34580,HIV,,,0.0,11924
34581,HIV,,,0.0,11925
34582,HIV,,,0.0,11924
34583,HIV,,,0.0,4187
34584,HIV,,,0.0,10400
34585,HIV,,,0.0,11926
34586,HIV,,,0.0,11927
34587,HIV,,,0.0,5363
34588,HIV,,,0.0,11928
34589,HIV,,,0.0,11929
34590,HIV,,,0.0,11930
34591,HIV,,,0.0,7388
34592,HIV,,,0.0,7388
34593,HIV,,,0.0,7388
34594,HIV,,,0.0,7388
34595,HIV,,,0.0,7388
34596,HIV,,,0.0,11950
34597,HIV,,,0.0,12957
34598,HIV,,,0.0,11931
34599,HIV,,,1.0,11932
34600,HIV,,,0.0,5424
34601,HIV,,,0.0,5424
34602,HIV,,,0.0,57
34603,HIV,,,0.0,11865
34604,HIV,,,0.0,11934
34605,HIV,,,0.0,12394
34606,HIV,,,0.0,11933
34607,HIV,,,0.0,12394
34608,HIV,,,0.0,57
34609,HIV,,,0.0,11934
34610,HIV,,,0.0,5424
34611,HIV,,,0.0,5424
34612,HIV,,,0.0,11935
34613,HIV,,,0.0,5424
34614,HIV,,,0.0,5424
34615,HIV,,,0.0,5424
34616,HIV,,,0.0,5424
34617,HIV,,,0.0,4526
34618,HIV,,,0.0,4526
34619,HIV,,,0.0,11942
34620,HIV,,,0.0,11942
34621,HIV,,,0.0,11942
34622,HIV,,,0.0,11942
34623,HIV,,,0.0,11936
34624,HIV,,,0.0,11942
34625,HIV,,,0.0,11942
34626,HIV,,,0.0,11937
34627,HIV,,,0.0,11937
34628,HIV,,,0.0,11938
34629,HIV,,,0.0,11939
34630,HIV,,,0.0,11940
34631,HIV,,,0.0,11941
34632,HIV,,,0.0,11941
34633,HIV,,,0.0,11943
34634,HIV,,,0.0,11942
34635,HIV,,,0.0,11942
34636,HIV,,,0.0,4526
34637,HIV,,,0.0,11943
34638,HIV,,,0.0,11942
34639,HIV,,,0.0,11942
34640,HIV,,,0.0,11942
34641,HIV,,,0.0,4526
34642,HIV,,,0.0,11942
34643,HIV,,,0.0,11942
34644,HIV,,,0.0,4526
34645,HIV,,,0.0,11942
34646,HIV,,,0.0,11942
34647,HIV,,,0.0,11944
34648,HIV,,,0.0,8959
34649,HIV,,,0.0,5718
34650,HIV,,,0.0,2546
34651,HIV,,,0.0,11945
34652,HIV,,,0.0,5165
34653,HIV,,,0.0,2546
34654,HIV,,,0.0,10633
34655,HIV,,,0.0,11946
34656,HIV,,,0.0,10633
34657,HIV,,,0.0,7576
34658,HIV,,,0.0,5165
34659,HIV,,,0.0,7576
34660,HIV,,,0.0,7576
34661,HIV,,,0.0,11947
34662,HIV,,,0.0,11948
34663,HIV,,,0.0,10633
34664,HIV,,,0.0,10633
34665,HIV,,,0.0,10633
34666,HIV,,,0.0,7576
34667,HIV,,,0.0,10633
34668,HIV,,,0.0,10633
34669,HIV,,,0.0,10633
34670,HIV,,,0.0,7576
34671,HIV,,,0.0,9384
34672,HIV,,,0.0,11949
34673,HIV,,,0.0,2546
34674,HIV,,,0.0,10924
34675,HIV,,,0.0,10924
34676,HIV,,,0.0,11950
34677,HIV,,,0.0,2546
34678,HIV,,,0.0,2546
34679,HIV,,,0.0,2546
34680,HIV,,,0.0,2546
34681,HIV,,,0.0,2546
34682,HIV,,,0.0,11950
34683,HIV,,,0.0,11950
34684,HIV,,,1.0,14017
34685,HIV,,,1.0,14017
34686,HIV,,,1.0,14017
34687,HIV,,,1.0,14017
34688,HIV,,,1.0,14017
34689,HIV,,,0.0,6238
34690,HIV,,,0.0,6238
34691,HIV,,,1.0,11951
34692,HIV,,,1.0,11951
34693,HIV,,,0.0,11952
34694,HIV,,,0.0,11953
34695,HIV,,,0.0,11953
34696,HIV,,,0.0,11954
34697,HIV,,,0.0,11955
34698,HIV,,,0.0,11956
34699,HIV,,,0.0,11957
34700,HIV,,,0.0,11957
34701,HIV,,,0.0,11957
34702,HIV,,,0.0,11957
34703,HIV,,,0.0,11957
34704,HIV,,,0.0,2546
34705,HIV,,,0.0,2546
34706,HIV,,,0.0,2546
34707,HIV,,,0.0,11958
34708,HIV,,,0.0,11959
34709,HIV,,,0.0,11960
34710,HIV,,,1.0,11768
34711,HIV,,,1.0,11768
34712,HIV,,,0.0,11961
34713,HIV,,,0.0,11962
34714,HIV,,,0.0,12182
34715,HIV,,,0.0,11768
34716,HIV,,,0.0,11963
34717,HIV,,,0.0,11964
34718,HIV,,,0.0,11965
34719,HIV,,,0.0,5
34720,HIV,,,0.0,5
34721,HIV,,,0.0,5
34722,HIV,,,0.0,5
34723,HIV,,,0.0,5
34724,HIV,,,0.0,11966
34725,HIV,,,0.0,11967
34726,HIV,,,0.0,5
34727,HIV,,,0.0,11968
34728,HIV,,,0.0,11966
34729,HIV,,,0.0,11969
34730,HIV,,,0.0,11971
34731,HIV,,,0.0,11970
34732,HIV,,,0.0,11970
34733,HIV,,,0.0,11971
34734,HIV,,,0.0,11973
34735,HIV,,,0.0,11972
34736,HIV,,,0.0,11973
34737,HIV,,,0.0,11973
34738,HIV,,,0.0,11406
34739,HIV,,,0.0,6801
34740,HIV,,,0.0,11974
34741,HIV,,,0.0,11975
34742,HIV,,,0.0,11974
34743,HIV,,,0.0,11976
34744,HIV,,,0.0,11974
34745,HIV,,,0.0,11977
34746,HIV,,,0.0,11975
34747,HIV,,,0.0,11974
34748,HIV,,,0.0,11974
34749,HIV,,,0.0,3309
34750,HIV,,,0.0,3309
34751,HIV,,,0.0,3309
34752,HIV,,,0.0,3309
34753,HIV,,,0.0,3309
34754,HIV,,,0.0,3309
34755,HIV,,,0.0,3309
34756,HIV,,,0.0,3309
34757,HIV,,,0.0,11978
34758,HIV,,,0.0,11978
34759,HIV,,,0.0,11979
34760,HIV,,,0.0,8544
34761,HIV,,,0.0,13270
34762,HIV,,,0.0,13261
34763,HIV,,,0.0,14033
34764,HIV,,,1.0,13261
34765,HIV,,,0.0,13261
34766,HIV,,,0.0,11980
34767,HIV,,,0.0,11980
34768,HIV,,,0.0,11981
34769,HIV,,,0.0,11982
34770,HIV,,,0.0,11983
34771,HIV,,,0.0,11406
34772,HIV,,,0.0,11983
34773,HIV,,,0.0,5363
34774,HIV,,,0.0,13885
34775,HIV,,,0.0,13885
34776,HIV,,,0.0,13885
34777,HIV,,,0.0,13885
34778,HIV,,,0.0,13885
34779,HIV,,,0.0,13885
34780,HIV,,,0.0,11406
34781,HIV,,,0.0,11406
34782,HIV,,,0.0,11406
34783,HIV,,,0.0,11406
34784,HIV,,,0.0,11406
34785,HIV,,,0.0,11406
34786,HIV,,,0.0,11406
34787,HIV,,,0.0,11406
34788,HIV,,,0.0,11406
34789,HIV,,,0.0,3011
34790,HIV,,,0.0,11406
34791,HIV,,,0.0,11406
34792,HIV,,,0.0,11406
34793,HIV,,,0.0,11406
34794,HIV,,,0.0,11406
34795,HIV,,,0.0,11406
34796,HIV,,,0.0,11406
34797,HIV,,,0.0,11406
34798,HIV,,,0.0,11406
34799,HIV,,,0.0,11406
34800,HIV,,,0.0,11406
34801,HIV,,,0.0,11984
34802,HIV,,,0.0,45
34803,HIV,,,0.0,45
34804,HIV,,,0.0,7132
34805,HIV,,,0.0,11985
34806,HIV,,,0.0,11986
34807,HIV,,,0.0,7132
34808,HIV,,,0.0,7132
34809,HIV,,,0.0,7132
34810,HIV,,,0.0,7132
34811,HIV,,,0.0,7132
34812,HIV,,,1.0,6801
34813,HIV,,,1.0,5992
34814,HIV,,,0.0,5992
34815,HIV,,,0.0,11987
34816,HIV,,,0.0,11208
34817,HIV,,,0.0,11988
34818,HIV,,,0.0,3742
34819,HIV,,,0.0,3742
34820,HIV,,,0.0,11989
34821,HIV,,,0.0,11990
34822,HIV,,,0.0,11991
34823,HIV,,,0.0,11992
34824,HIV,,,0.0,11993
34825,HIV,,,0.0,11994
34826,HIV,,,0.0,11995
34827,HIV,,,0.0,11996
34828,HIV,,,0.0,11997
34829,HIV,,,0.0,2546
34830,HIV,,,0.0,11998
34831,HIV,,,0.0,11999
34832,HIV,,,0.0,10314
34833,HIV,,,0.0,12163
34834,HIV,,,0.0,12000
34835,HIV,,,0.0,12001
34836,HIV,,,0.0,2546
34837,HIV,,,0.0,2546
34838,HIV,,,0.0,12002
34839,HIV,,,0.0,12002
34840,HIV,,,0.0,12003
34841,HIV,,,0.0,12004
34842,HIV,,,0.0,12004
34843,HIV,,,0.0,12005
34844,HIV,,,0.0,12006
34845,HIV,,,0.0,12005
34846,HIV,,,0.0,7388
34847,HIV,,,0.0,12007
34848,HIV,,,0.0,12007
34849,HIV,,,0.0,12008
34850,HIV,,,0.0,12008
34851,HIV,,,0.0,7337
34852,HIV,,,0.0,11358
34853,HIV,,,0.0,12009
34854,HIV,,,0.0,12010
34855,HIV,,,0.0,11202
34856,HIV,,,0.0,12011
34857,HIV,,,0.0,12011
34858,HIV,,,0.0,12011
34859,HIV,,,0.0,12011
34860,HIV,,,0.0,12011
34861,HIV,,,0.0,12012
34862,HIV,,,0.0,12013
34863,HIV,,,0.0,13419
34864,HIV,,,0.0,13419
34865,HIV,,,0.0,13419
34866,HIV,,,0.0,13419
34867,HIV,,,0.0,13419
34868,HIV,,,0.0,5363
34869,HIV,,,0.0,13419
34870,HIV,,,0.0,13419
34871,HIV,,,0.0,13419
34872,HIV,,,0.0,11950
34873,HIV,,,0.0,12014
34874,HIV,,,0.0,12015
34875,HIV,,,0.0,12016
34876,HIV,,,0.0,12017
34877,HIV,,,0.0,12018
34878,HIV,,,0.0,12018
34879,HIV,,,0.0,12019
34880,HIV,,,0.0,12020
34881,HIV,,,0.0,12021
34882,HIV,,,0.0,12022
34883,HIV,,,0.0,12023
34884,HIV,,,0.0,5951
34885,HIV,,,0.0,3098
34886,HIV,,,0.0,3098
34887,HIV,,,0.0,3098
34888,HIV,,,0.0,3098
34889,HIV,,,0.0,12024
34890,HIV,,,1.0,12025
34891,HIV,,,0.0,12026
34892,HIV,,,1.0,12026
34893,HIV,,,0.0,12027
34894,HIV,,,0.0,434
34895,HIV,,,0.0,434
34896,HIV,,,0.0,4548
34897,HIV,,,0.0,4548
34898,HIV,,,0.0,4548
34899,HIV,,,0.0,12028
34900,HIV,,,0.0,12028
34901,HIV,,,0.0,12028
34902,HIV,,,0.0,434
34903,HIV,,,0.0,434
34904,HIV,,,0.0,12029
34905,HIV,,,0.0,12030
34906,HIV,,,0.0,12030
34907,HIV,,,1.0,12030
34908,HIV,,,0.0,12030
34909,HIV,,,0.0,12030
34910,HIV,,,0.0,12030
34911,HIV,,,0.0,12030
34912,HIV,,,0.0,12028
34913,HIV,,,0.0,434
34914,HIV,,,0.0,434
34915,HIV,,,0.0,12031
34916,HIV,,,0.0,285
34917,HIV,,,0.0,285
34918,HIV,,,0.0,285
34919,HIV,,,0.0,3279
34920,HIV,,,0.0,3279
34921,HIV,,,0.0,3279
34922,HIV,,,0.0,11768
34923,HIV,,,0.0,12032
34924,HIV,,,0.0,11768
34925,HIV,,,0.0,12033
34926,HIV,,,0.0,12033
34927,HIV,,,1.0,12034
34928,HIV,,,0.0,7928
34929,HIV,,,0.0,12035
34930,HIV,,,0.0,12036
34931,HIV,,,0.0,12037
34932,HIV,,,1.0,12038
34933,HIV,,,0.0,11899
34934,HIV,,,0.0,12039
34935,HIV,,,0.0,12040
34936,HIV,,,0.0,12041
34937,HIV,,,0.0,12042
34938,HIV,,,0.0,12043
34939,HIV,,,0.0,335
34940,HIV,,,0.0,12044
34941,HIV,,,0.0,12045
34942,HIV,,,0.0,12045
34943,HIV,,,0.0,414
34944,HIV,,,0.0,7591
34945,HIV,,,0.0,12046
34946,HIV,,,0.0,10978
34947,HIV,,,0.0,10568
34948,HIV,,,0.0,10681
34949,HIV,,,0.0,11150
34950,HIV,,,0.0,12047
34951,HIV,,,0.0,12048
34952,HIV,,,0.0,12049
34953,HIV,,,0.0,12050
34954,HIV,,,0.0,4974
34955,HIV,,,0.0,8359
34956,HIV,,,0.0,12051
34957,HIV,,,0.0,12052
34958,HIV,,,0.0,4974
34959,HIV,,,0.0,12053
34960,HIV,,,0.0,10400
34961,HIV,,,0.0,12054
34962,HIV,,,0.0,12055
34963,HIV,,,0.0,12056
34964,HIV,,,0.0,12057
34965,HIV,,,0.0,12057
34966,HIV,,,0.0,12058
34967,HIV,,,0.0,12059
34968,HIV,,,0.0,12059
34969,HIV,,,0.0,12061
34970,HIV,,,0.0,12060
34971,HIV,,,0.0,12061
34972,HIV,,,0.0,12062
34973,HIV,,,0.0,10306
34974,HIV,,,0.0,12063
34975,HIV,,,0.0,12064
34976,HIV,,,0.0,12064
34977,HIV,,,0.0,12065
34978,HIV,,,0.0,12066
34979,HIV,,,0.0,12064
34980,HIV,,,0.0,12065
34981,HIV,,,0.0,12065
34982,HIV,,,0.0,12066
34983,HIV,,,0.0,12067
34984,HIV,,,0.0,12068
34985,HIV,,,0.0,5501
34986,HIV,,,0.0,12069
34987,HIV,,,0.0,12070
34988,HIV,,,0.0,12071
34989,HIV,,,0.0,3998
34990,HIV,,,0.0,12072
34991,HIV,,,0.0,12073
34992,HIV,,,0.0,12074
34993,HIV,,,0.0,1280
34994,HIV,,,0.0,12075
34995,HIV,,,0.0,12075
34996,HIV,,,0.0,12076
34997,HIV,,,0.0,13183
34998,HIV,,,0.0,13183
34999,HIV,,,0.0,13183
35000,HIV,,,0.0,13183
35001,HIV,,,0.0,12078
35002,HIV,,,0.0,13183
35003,HIV,,,0.0,13183
35004,HIV,,,0.0,13183
35005,HIV,,,0.0,13183
35006,HIV,,,0.0,13183
35007,HIV,,,0.0,12077
35008,HIV,,,0.0,12078
35009,HIV,,,0.0,12078
35010,HIV,,,0.0,13183
35011,HIV,,,0.0,13183
35012,HIV,,,0.0,12078
35013,HIV,,,0.0,12078
35014,HIV,,,0.0,12078
35015,HIV,,,0.0,12078
35016,HIV,,,0.0,12078
35017,HIV,,,0.0,12079
35018,HIV,,,0.0,3309
35019,HIV,,,0.0,3309
35020,HIV,,,0.0,3309
35021,HIV,,,0.0,3309
35022,HIV,,,0.0,3309
35023,HIV,,,0.0,12080
35024,HIV,,,0.0,12080
35025,HIV,,,0.0,12081
35026,HIV,,,0.0,12081
35027,HIV,,,0.0,12081
35028,HIV,,,0.0,12081
35029,HIV,,,0.0,12081
35030,HIV,,,0.0,12082
35031,HIV,,,0.0,12083
35032,HIV,,,0.0,12083
35033,HIV,,,0.0,4548
35034,HIV,,,0.0,4548
35035,HIV,,,0.0,12084
35036,HIV,,,0.0,1957
35037,HIV,,,0.0,1957
35038,HIV,,,1.0,5992
35039,HIV,,,0.0,1957
35040,HIV,,,0.0,12085
35041,HIV,,,0.0,12086
35042,HIV,,,0.0,12087
35043,HIV,,,0.0,1957
35044,HIV,,,0.0,1957
35045,HIV,,,0.0,9290
35046,HIV,,,0.0,9530
35047,HIV,,,0.0,9530
35048,HIV,,,0.0,5992
35049,HIV,,,0.0,5992
35050,HIV,,,0.0,5992
35051,HIV,,,0.0,4548
35052,HIV,,,0.0,1957
35053,HIV,,,0.0,10243
35054,HIV,,,0.0,12088
35055,HIV,,,0.0,12089
35056,HIV,,,0.0,12090
35057,HIV,,,0.0,7337
35058,HIV,,,0.0,13943
35059,HIV,,,0.0,12091
35060,HIV,,,0.0,13785
35061,HIV,,,0.0,12092
35062,HIV,,,0.0,7337
35063,HIV,,,0.0,1016
35064,HIV,,,0.0,12093
35065,HIV,,,0.0,12094
35066,HIV,,,0.0,10924
35067,HIV,,,0.0,10924
35068,HIV,,,0.0,12095
35069,HIV,,,0.0,12096
35070,HIV,,,0.0,12097
35071,HIV,,,0.0,10400
35072,HIV,,,0.0,12098
35073,HIV,,,0.0,12099
35074,HIV,,,0.0,12100
35075,HIV,,,0.0,12101
35076,HIV,,,0.0,12243
35077,HIV,,,0.0,12514
35078,HIV,,,0.0,12102
35079,HIV,,,0.0,10652
35080,HIV,,,0.0,5363
35081,HIV,,,1.0,12099
35082,HIV,,,0.0,2414
35083,HIV,,,0.0,12514
35084,HIV,,,0.0,6801
35085,HIV,,,0.0,12100
35086,HIV,,,0.0,12103
35087,HIV,,,0.0,12106
35088,HIV,,,0.0,12104
35089,HIV,,,0.0,12105
35090,HIV,,,0.0,12106
35091,HIV,,,0.0,1874
35092,HIV,,,0.0,12107
35093,HIV,,,0.0,12105
35094,HIV,,,0.0,10400
35095,HIV,,,0.0,12108
35096,HIV,,,0.0,12109
35097,HIV,,,0.0,12110
35098,HIV,,,0.0,12111
35099,HIV,,,0.0,12112
35100,HIV,,,0.0,12113
35101,HIV,,,0.0,12114
35102,HIV,,,0.0,12114
35103,HIV,,,0.0,2414
35104,HIV,,,0.0,10652
35105,HIV,,,0.0,5363
35106,HIV,,,0.0,5363
35107,HIV,,,0.0,5363
35108,HIV,,,0.0,12115
35109,HIV,,,0.0,12116
35110,HIV,,,0.0,12116
35111,HIV,,,0.0,12116
35112,HIV,,,0.0,12116
35113,HIV,,,0.0,13419
35114,HIV,,,0.0,13419
35115,HIV,,,0.0,13419
35116,HIV,,,0.0,13419
35117,HIV,,,0.0,9384
35118,HIV,,,0.0,9384
35119,HIV,,,0.0,2546
35120,HIV,,,0.0,12117
35121,HIV,,,0.0,13419
35122,HIV,,,0.0,2546
35123,HIV,,,0.0,12118
35124,HIV,,,0.0,2546
35125,HIV,,,0.0,2546
35126,HIV,,,0.0,57
35127,HIV,,,0.0,57
35128,HIV,,,0.0,12118
35129,HIV,,,0.0,12119
35130,HIV,,,0.0,57
35131,HIV,,,0.0,2546
35132,HIV,,,0.0,11399
35133,HIV,,,0.0,11399
35134,HIV,,,0.0,12120
35135,HIV,,,0.0,12121
35136,HIV,,,0.0,57
35137,HIV,,,0.0,12122
35138,HIV,,,0.0,12123
35139,HIV,,,0.0,12023
35140,HIV,,,0.0,12126
35141,HIV,,,0.0,12124
35142,HIV,,,0.0,12125
35143,HIV,,,0.0,12126
35144,HIV,,,0.0,12127
35145,HIV,,,0.0,12128
35146,HIV,,,0.0,5501
35147,HIV,,,0.0,12129
35148,HIV,,,0.0,11950
35149,HIV,,,0.0,12130
35150,HIV,,,0.0,12131
35151,HIV,,,0.0,8522
35152,HIV,,,0.0,12132
35153,HIV,,,0.0,8522
35154,HIV,,,0.0,8522
35155,HIV,,,0.0,8522
35156,HIV,,,0.0,8522
35157,HIV,,,0.0,8522
35158,HIV,,,0.0,11202
35159,HIV,,,0.0,11202
35160,HIV,,,0.0,12133
35161,HIV,,,0.0,12134
35162,HIV,,,0.0,12135
35163,HIV,,,0.0,12135
35164,HIV,,,0.0,13982
35165,HIV,,,0.0,12136
35166,HIV,,,0.0,12137
35167,HIV,,,0.0,2546
35168,HIV,,,0.0,12138
35169,HIV,,,0.0,12138
35170,HIV,,,0.0,1729
35171,HIV,,,0.0,1729
35172,HIV,,,1.0,12139
35173,HIV,,,0.0,12140
35174,HIV,,,0.0,12141
35175,HIV,,,0.0,12139
35176,HIV,,,0.0,12140
35177,HIV,,,0.0,12141
35178,HIV,,,0.0,12142
35179,HIV,,,0.0,12142
35180,HIV,,,0.0,12142
35181,HIV,,,0.0,12142
35182,HIV,,,0.0,12142
35183,HIV,,,0.0,12142
35184,HIV,,,0.0,12142
35185,HIV,,,0.0,12142
35186,HIV,,,0.0,12143
35187,HIV,,,0.0,12143
35188,HIV,,,0.0,12143
35189,HIV,,,0.0,12143
35190,HIV,,,0.0,12144
35191,HIV,,,0.0,12144
35192,HIV,,,0.0,12144
35193,HIV,,,0.0,11801
35194,HIV,,,0.0,3309
35195,HIV,,,0.0,12145
35196,HIV,,,0.0,12145
35197,HIV,,,0.0,12145
35198,HIV,,,0.0,12146
35199,HIV,,,0.0,12146
35200,HIV,,,0.0,12146
35201,HIV,,,0.0,11069
35202,HIV,,,0.0,36
35203,HIV,,,0.0,12147
35204,HIV,,,0.0,36
35205,HIV,,,0.0,14106
35206,HIV,,,0.0,1280
35207,HIV,,,0.0,12148
35208,HIV,,,0.0,12149
35209,HIV,,,0.0,12150
35210,HIV,,,0.0,12151
35211,HIV,,,0.0,3677
35212,HIV,,,0.0,12152
35213,HIV,,,0.0,12153
35214,HIV,,,0.0,12154
35215,HIV,,,0.0,12154
35216,HIV,,,0.0,12155
35217,HIV,,,0.0,12156
35218,HIV,,,0.0,3279
35219,HIV,,,0.0,9799
35220,HIV,,,0.0,3279
35221,HIV,,,0.0,10862
35222,HIV,,,0.0,10862
35223,HIV,,,0.0,12157
35224,HIV,,,0.0,12158
35225,HIV,,,0.0,10400
35226,HIV,,,0.0,12159
35227,HIV,,,0.0,12159
35228,HIV,,,0.0,12160
35229,HIV,,,0.0,2030
35230,HIV,,,0.0,8710
35231,HIV,,,0.0,8710
35232,HIV,,,0.0,8710
35233,HIV,,,0.0,8710
35234,HIV,,,0.0,8710
35235,HIV,,,0.0,12161
35236,HIV,,,0.0,11950
35237,HIV,,,0.0,12162
35238,HIV,,,1.0,11202
35239,HIV,,,0.0,11202
35240,HIV,,,0.0,11202
35241,HIV,,,0.0,11202
35242,HIV,,,0.0,12510
35243,HIV,,,0.0,12510
35244,HIV,,,0.0,12510
35245,HIV,,,0.0,12243
35246,HIV,,,0.0,9201
35247,HIV,,,0.0,12245
35248,HIV,,,0.0,12163
35249,HIV,,,0.0,12163
35250,HIV,,,0.0,12163
35251,HIV,,,0.0,3279
35252,HIV,,,0.0,12164
35253,HIV,,,0.0,12164
35254,HIV,,,0.0,10497
35255,HIV,,,0.0,2473
35256,HIV,,,0.0,2473
35257,HIV,,,0.0,2473
35258,HIV,,,0.0,2473
35259,HIV,,,0.0,2473
35260,HIV,,,0.0,2473
35261,HIV,,,0.0,2473
35262,HIV,,,0.0,2473
35263,HIV,,,0.0,2473
35264,HIV,,,0.0,2473
35265,HIV,,,0.0,2473
35266,HIV,,,0.0,10497
35267,HIV,,,0.0,2473
35268,HIV,,,0.0,2473
35269,HIV,,,0.0,2473
35270,HIV,,,0.0,2473
35271,HIV,,,0.0,2473
35272,HIV,,,0.0,2473
35273,HIV,,,0.0,2473
35274,HIV,,,0.0,2473
35275,HIV,,,0.0,2473
35276,HIV,,,0.0,2473
35277,HIV,,,0.0,2473
35278,HIV,,,0.0,12165
35279,HIV,,,0.0,12166
35280,HIV,,,0.0,6564
35281,HIV,,,0.0,12166
35282,HIV,,,0.0,9512
35283,HIV,,,0.0,12166
35284,HIV,,,0.0,12167
35285,HIV,,,0.0,12168
35286,HIV,,,0.0,12169
35287,HIV,,,0.0,12170
35288,HIV,,,0.0,12171
35289,HIV,,,0.0,12172
35290,HIV,,,0.0,12173
35291,HIV,,,0.0,12174
35292,HIV,,,0.0,11853
35293,HIV,,,0.0,12175
35294,HIV,,,0.0,12177
35295,HIV,,,0.0,12181
35296,HIV,,,0.0,12177
35297,HIV,,,0.0,5363
35298,HIV,,,0.0,12176
35299,HIV,,,0.0,12177
35300,HIV,,,0.0,12177
35301,HIV,,,0.0,5424
35302,HIV,,,0.0,12177
35303,HIV,,,0.0,12178
35304,HIV,,,0.0,12179
35305,HIV,,,0.0,12180
35306,HIV,,,0.0,12181
35307,HIV,,,0.0,12243
35308,HIV,,,0.0,12243
35309,HIV,,,0.0,12514
35310,HIV,,,0.0,12177
35311,HIV,,,0.0,285
35312,HIV,,,0.0,285
35313,HIV,,,0.0,285
35314,HIV,,,0.0,285
35315,HIV,,,0.0,285
35316,HIV,,,0.0,285
35317,HIV,,,0.0,285
35318,HIV,,,0.0,12182
35319,HIV,,,0.0,11768
35320,HIV,,,0.0,3279
35321,HIV,,,0.0,12183
35322,HIV,,,0.0,12184
35323,HIV,,,0.0,12185
35324,HIV,,,0.0,12186
35325,HIV,,,0.0,12186
35326,HIV,,,0.0,12187
35327,HIV,,,0.0,12188
35328,HIV,,,0.0,5
35329,HIV,,,0.0,6433
35330,HIV,,,0.0,5363
35331,HIV,,,0.0,5363
35332,HIV,,,0.0,12189
35333,HIV,,,0.0,12190
35334,HIV,,,0.0,12191
35335,HIV,,,0.0,12192
35336,HIV,,,0.0,12193
35337,HIV,,,0.0,12194
35338,HIV,,,0.0,12195
35339,HIV,,,0.0,12196
35340,HIV,,,0.0,12197
35341,HIV,,,0.0,6801
35342,HIV,,,0.0,12198
35343,HIV,,,0.0,12199
35344,HIV,,,0.0,12622
35345,HIV,,,0.0,12621
35346,HIV,,,0.0,854
35347,HIV,,,0.0,854
35348,HIV,,,0.0,12200
35349,HIV,,,0.0,12201
35350,HIV,,,0.0,12201
35351,HIV,,,0.0,12202
35352,HIV,,,0.0,12203
35353,HIV,,,0.0,12204
35354,HIV,,,0.0,12204
35355,HIV,,,0.0,5989
35356,HIV,,,0.0,1280
35357,HIV,,,0.0,1280
35358,HIV,,,0.0,1280
35359,HIV,,,0.0,3309
35360,HIV,,,0.0,5718
35361,HIV,,,0.0,5718
35362,HIV,,,0.0,5718
35363,HIV,,,0.0,5718
35364,HIV,,,0.0,5718
35365,HIV,,,0.0,12205
35366,HIV,,,0.0,12205
35367,HIV,,,0.0,12205
35368,HIV,,,0.0,12205
35369,HIV,,,0.0,12205
35370,HIV,,,0.0,12205
35371,HIV,,,0.0,12205
35372,HIV,,,0.0,12205
35373,HIV,,,0.0,12205
35374,HIV,,,0.0,12205
35375,HIV,,,0.0,12205
35376,HIV,,,0.0,12205
35377,HIV,,,0.0,5363
35378,HIV,,,0.0,5363
35379,HIV,,,0.0,5363
35380,HIV,,,0.0,5363
35381,HIV,,,0.0,5363
35382,HIV,,,0.0,5363
35383,HIV,,,0.0,5363
35384,HIV,,,0.0,12205
35385,HIV,,,0.0,12205
35386,HIV,,,0.0,12205
35387,HIV,,,0.0,12205
35388,HIV,,,0.0,12205
35389,HIV,,,0.0,12205
35390,HIV,,,0.0,12205
35391,HIV,,,0.0,5718
35392,HIV,,,0.0,5718
35393,HIV,,,0.0,5718
35394,HIV,,,0.0,12205
35395,HIV,,,0.0,12205
35396,HIV,,,0.0,12205
35397,HIV,,,0.0,12205
35398,HIV,,,0.0,5718
35399,HIV,,,0.0,5718
35400,HIV,,,0.0,5718
35401,HIV,,,0.0,5718
35402,HIV,,,0.0,5718
35403,HIV,,,0.0,12209
35404,HIV,,,0.0,12206
35405,HIV,,,0.0,12207
35406,HIV,,,0.0,12207
35407,HIV,,,0.0,12207
35408,HIV,,,0.0,12207
35409,HIV,,,0.0,12207
35410,HIV,,,0.0,12207
35411,HIV,,,0.0,12207
35412,HIV,,,0.0,12205
35413,HIV,,,0.0,12205
35414,HIV,,,0.0,12205
35415,HIV,,,0.0,12205
35416,HIV,,,0.0,12205
35417,HIV,,,0.0,12205
35418,HIV,,,0.0,12208
35419,HIV,,,0.0,12209
35420,HIV,,,0.0,12209
35421,HIV,,,0.0,12209
35422,HIV,,,0.0,12210
35423,HIV,,,0.0,12210
35424,HIV,,,0.0,12210
35425,HIV,,,0.0,5718
35426,HIV,,,0.0,5718
35427,HIV,,,1.0,10924
35428,HIV,,,0.0,12211
35429,HIV,,,0.0,11950
35430,HIV,,,0.0,441
35431,HIV,,,0.0,14106
35432,HIV,,,0.0,14106
35433,HIV,,,0.0,14106
35434,HIV,,,0.0,14106
35435,HIV,,,0.0,14106
35436,HIV,,,0.0,14106
35437,HIV,,,0.0,14106
35438,HIV,,,0.0,2546
35439,HIV,,,0.0,2546
35440,HIV,,,0.0,12212
35441,HIV,,,0.0,12212
35442,HIV,,,0.0,12212
35443,HIV,,,0.0,12213
35444,HIV,,,0.0,12214
35445,HIV,,,0.0,3279
35446,HIV,,,0.0,12214
35447,HIV,,,0.0,3279
35448,HIV,,,0.0,12215
35449,HIV,,,0.0,12216
35450,HIV,,,0.0,12217
35451,HIV,,,0.0,12218
35452,HIV,,,0.0,12219
35453,HIV,,,0.0,12220
35454,HIV,,,0.0,12221
35455,HIV,,,0.0,5718
35456,HIV,,,0.0,12222
35457,HIV,,,0.0,12222
35458,HIV,,,0.0,12223
35459,HIV,,,0.0,12222
35460,HIV,,,0.0,1016
35461,HIV,,,0.0,1016
35462,HIV,,,0.0,1016
35463,HIV,,,0.0,6039
35464,HIV,,,0.0,12224
35465,HIV,,,0.0,12224
35466,HIV,,,1.0,1016
35467,HIV,,,0.0,6016
35468,HIV,,,0.0,604
35469,HIV,,,0.0,5165
35470,HIV,,,0.0,12225
35471,HIV,,,0.0,12226
35472,HIV,,,0.0,8710
35473,HIV,,,0.0,8710
35474,HIV,,,0.0,8710
35475,HIV,,,0.0,1016
35476,HIV,,,0.0,1016
35477,HIV,,,0.0,11164
35478,HIV,,,0.0,11164
35479,HIV,,,1.0,14017
35480,HIV,,,0.0,12227
35481,HIV,,,0.0,7289
35482,HIV,,,0.0,12228
35483,HIV,,,0.0,7289
35484,HIV,,,0.0,1729
35485,HIV,,,0.0,5718
35486,HIV,,,0.0,12229
35487,HIV,,,0.0,12229
35488,HIV,,,1.0,12230
35489,HIV,,,0.0,12231
35490,HIV,,,0.0,12232
35491,HIV,,,0.0,12233
35492,HIV,,,0.0,12234
35493,HIV,,,0.0,12235
35494,HIV,,,0.0,12236
35495,HIV,,,0.0,12237
35496,HIV,,,0.0,12238
35497,HIV,,,0.0,12238
35498,HIV,,,0.0,12239
35499,HIV,,,0.0,12238
35500,HIV,,,0.0,12238
35501,HIV,,,0.0,12238
35502,HIV,,,0.0,12238
35503,HIV,,,0.0,12238
35504,HIV,,,0.0,13301
35505,HIV,,,1.0,13301
35506,HIV,,,0.0,13301
35507,HIV,,,0.0,13301
35508,HIV,,,0.0,13301
35509,HIV,,,0.0,12240
35510,HIV,,,0.0,12241
35511,HIV,,,0.0,12496
35512,HIV,,,0.0,12240
35513,HIV,,,0.0,12242
35514,HIV,,,0.0,9200
35515,HIV,,,0.0,12243
35516,HIV,,,0.0,12297
35517,HIV,,,0.0,12297
35518,HIV,,,0.0,12243
35519,HIV,,,0.0,12244
35520,HIV,,,0.0,12245
35521,HIV,,,0.0,12246
35522,HIV,,,0.0,12243
35523,HIV,,,0.0,12243
35524,HIV,,,0.0,12247
35525,HIV,,,0.0,12248
35526,HIV,,,0.0,10873
35527,HIV,,,0.0,7851
35528,HIV,,,0.0,10874
35529,HIV,,,0.0,10862
35530,HIV,,,0.0,10876
35531,HIV,,,0.0,12249
35532,HIV,,,0.0,12249
35533,HIV,,,0.0,12249
35534,HIV,,,0.0,12250
35535,HIV,,,0.0,12249
35536,HIV,,,0.0,12249
35537,HIV,,,0.0,12249
35538,HIV,,,0.0,12250
35539,HIV,,,0.0,10868
35540,HIV,,,0.0,12249
35541,HIV,,,0.0,12251
35542,HIV,,,0.0,5992
35543,HIV,,,0.0,10862
35544,HIV,,,1.0,10862
35545,HIV,,,0.0,10862
35546,HIV,,,0.0,12253
35547,HIV,,,0.0,10862
35548,HIV,,,0.0,12252
35549,HIV,,,0.0,10862
35550,HIV,,,0.0,12253
35551,HIV,,,0.0,10862
35552,HIV,,,0.0,10862
35553,HIV,,,0.0,10876
35554,HIV,,,0.0,10876
35555,HIV,,,0.0,10862
35556,HIV,,,0.0,10862
35557,HIV,,,0.0,10862
35558,HIV,,,0.0,10862
35559,HIV,,,0.0,10862
35560,HIV,,,0.0,10862
35561,HIV,,,0.0,98
35562,HIV,,,0.0,10862
35563,HIV,,,0.0,10862
35564,HIV,,,0.0,10862
35565,HIV,,,0.0,10862
35566,HIV,,,0.0,10862
35567,HIV,,,0.0,10862
35568,HIV,,,0.0,10862
35569,HIV,,,0.0,10862
35570,HIV,,,0.0,10862
35571,HIV,,,0.0,10862
35572,HIV,,,0.0,12254
35573,HIV,,,0.0,10862
35574,HIV,,,0.0,12253
35575,HIV,,,0.0,12255
35576,HIV,,,0.0,12256
35577,HIV,,,0.0,10862
35578,HIV,,,0.0,10862
35579,HIV,,,0.0,10862
35580,HIV,,,0.0,12257
35581,HIV,,,0.0,10862
35582,HIV,,,0.0,12258
35583,HIV,,,0.0,5165
35584,HIV,,,0.0,12259
35585,HIV,,,0.0,12260
35586,HIV,,,0.0,12261
35587,HIV,,,0.0,10862
35588,HIV,,,0.0,12262
35589,HIV,,,0.0,12262
35590,HIV,,,0.0,12262
35591,HIV,,,0.0,12262
35592,HIV,,,0.0,12262
35593,HIV,,,0.0,12262
35594,HIV,,,0.0,12262
35595,HIV,,,0.0,12262
35596,HIV,,,0.0,12262
35597,HIV,,,0.0,12262
35598,HIV,,,0.0,12262
35599,HIV,,,0.0,12262
35600,HIV,,,0.0,12262
35601,HIV,,,0.0,12262
35602,HIV,,,0.0,12262
35603,HIV,,,0.0,12262
35604,HIV,,,0.0,12262
35605,HIV,,,0.0,12263
35606,HIV,,,0.0,12264
35607,HIV,,,0.0,12264
35608,HIV,,,0.0,12264
35609,HIV,,,0.0,12264
35610,HIV,,,0.0,8565
35611,HIV,,,0.0,12265
35612,HIV,,,0.0,5789
35613,HIV,,,1.0,5789
35614,HIV,,,1.0,5789
35615,HIV,,,0.0,5789
35616,HIV,,,1.0,5789
35617,HIV,,,0.0,7388
35618,HIV,,,0.0,7388
35619,HIV,,,0.0,7388
35620,HIV,,,0.0,7388
35621,HIV,,,0.0,12266
35622,HIV,,,0.0,2473
35623,HIV,,,0.0,12267
35624,HIV,,,0.0,12267
35625,HIV,,,0.0,12267
35626,HIV,,,0.0,12267
35627,HIV,,,1.0,12267
35628,HIV,,,0.0,12267
35629,HIV,,,0.0,12268
35630,HIV,,,0.0,12269
35631,HIV,,,0.0,2546
35632,HIV,,,0.0,2546
35633,HIV,,,0.0,2546
35634,HIV,,,0.0,2546
35635,HIV,,,0.0,2546
35636,HIV,,,0.0,12270
35637,HIV,,,0.0,12270
35638,HIV,,,0.0,12270
35639,HIV,,,0.0,12271
35640,HIV,,,0.0,12267
35641,HIV,,,1.0,12267
35642,HIV,,,0.0,12267
35643,HIV,,,0.0,12267
35644,HIV,,,0.0,2546
35645,HIV,,,0.0,2546
35646,HIV,,,0.0,2546
35647,HIV,,,0.0,2546
35648,HIV,,,0.0,7591
35649,HIV,,,0.0,2546
35650,HIV,,,0.0,7591
35651,HIV,,,0.0,2546
35652,HIV,,,0.0,2546
35653,HIV,,,0.0,12272
35654,HIV,,,0.0,2546
35655,HIV,,,0.0,2546
35656,HIV,,,0.0,12273
35657,HIV,,,0.0,12273
35658,HIV,,,0.0,7591
35659,HIV,,,0.0,12273
35660,HIV,,,0.0,12273
35661,HIV,,,0.0,12273
35662,HIV,,,0.0,12273
35663,HIV,,,0.0,12273
35664,HIV,,,0.0,12273
35665,HIV,,,0.0,12273
35666,HIV,,,0.0,12274
35667,HIV,,,0.0,12275
35668,HIV,,,0.0,12277
35669,HIV,,,0.0,12277
35670,HIV,,,1.0,12277
35671,HIV,,,0.0,12276
35672,HIV,,,0.0,12277
35673,HIV,,,0.0,12277
35674,HIV,,,0.0,12277
35675,HIV,,,0.0,12278
35676,HIV,,,0.0,12279
35677,HIV,,,0.0,12280
35678,HIV,,,0.0,12281
35679,HIV,,,0.0,12281
35680,HIV,,,0.0,12282
35681,HIV,,,1.0,12282
35682,HIV,,,0.0,12283
35683,HIV,,,0.0,2546
35684,HIV,,,0.0,12284
35685,HIV,,,0.0,12285
35686,HIV,,,0.0,1016
35687,HIV,,,1.0,12286
35688,HIV,,,0.0,12287
35689,HIV,,,0.0,12288
35690,HIV,,,0.0,2546
35691,HIV,,,0.0,12289
35692,HIV,,,0.0,8199
35693,HIV,,,0.0,8199
35694,HIV,,,0.0,12290
35695,HIV,,,0.0,12291
35696,HIV,,,0.0,12555
35697,HIV,,,0.0,5718
35698,HIV,,,0.0,441
35699,HIV,,,0.0,5718
35700,HIV,,,0.0,12292
35701,HIV,,,1.0,12293
35702,HIV,,,0.0,12294
35703,HIV,,,0.0,12295
35704,HIV,,,0.0,12296
35705,HIV,,,0.0,3279
35706,HIV,,,0.0,12243
35707,HIV,,,0.0,9201
35708,HIV,,,0.0,12297
35709,HIV,,,0.0,12297
35710,HIV,,,0.0,12298
35711,HIV,,,0.0,12297
35712,HIV,,,0.0,12299
35713,HIV,,,0.0,36
35714,HIV,,,0.0,10633
35715,HIV,,,0.0,36
35716,HIV,,,0.0,12300
35717,HIV,,,0.0,13261
35718,HIV,,,0.0,13261
35719,HIV,,,0.0,13261
35720,HIV,,,0.0,13261
35721,HIV,,,0.0,13261
35722,HIV,,,0.0,12301
35723,HIV,,,0.0,13261
35724,HIV,,,0.0,12301
35725,HIV,,,0.0,13261
35726,HIV,,,0.0,9679
35727,HIV,,,0.0,335
35728,HIV,,,0.0,12302
35729,HIV,,,0.0,12304
35730,HIV,,,0.0,12303
35731,HIV,,,0.0,12303
35732,HIV,,,0.0,12304
35733,HIV,,,0.0,12304
35734,HIV,,,0.0,12305
35735,HIV,,,0.0,11164
35736,HIV,,,0.0,12306
35737,HIV,,,0.0,285
35738,HIV,,,0.0,7591
35739,HIV,,,0.0,5718
35740,HIV,,,0.0,5718
35741,HIV,,,0.0,5718
35742,HIV,,,0.0,12307
35743,HIV,,,0.0,12307
35744,HIV,,,0.0,12307
35745,HIV,,,0.0,12307
35746,HIV,,,0.0,12307
35747,HIV,,,0.0,12307
35748,HIV,,,0.0,12307
35749,HIV,,,0.0,12307
35750,HIV,,,0.0,10400
35751,HIV,,,0.0,12308
35752,HIV,,,0.0,10400
35753,HIV,,,0.0,10400
35754,HIV,,,0.0,10400
35755,HIV,,,0.0,10400
35756,HIV,,,0.0,12309
35757,HIV,,,0.0,12309
35758,HIV,,,0.0,12309
35759,HIV,,,0.0,2473
35760,HIV,,,0.0,9201
35761,HIV,,,1.0,12243
35762,HIV,,,0.0,9201
35763,HIV,,,0.0,7388
35764,HIV,,,0.0,7388
35765,HIV,,,0.0,9201
35766,HIV,,,0.0,5718
35767,HIV,,,0.0,5718
35768,HIV,,,0.0,5718
35769,HIV,,,0.0,5718
35770,HIV,,,0.0,5718
35771,HIV,,,0.0,5718
35772,HIV,,,0.0,5718
35773,HIV,,,0.0,5718
35774,HIV,,,0.0,12310
35775,HIV,,,0.0,12311
35776,HIV,,,0.0,5718
35777,HIV,,,0.0,11845
35778,HIV,,,0.0,12312
35779,HIV,,,0.0,12313
35780,HIV,,,0.0,12314
35781,HIV,,,0.0,9265
35782,HIV,,,0.0,5718
35783,HIV,,,0.0,5250
35784,HIV,,,0.0,12315
35785,HIV,,,0.0,12315
35786,HIV,,,0.0,12316
35787,HIV,,,0.0,12317
35788,HIV,,,0.0,12318
35789,HIV,,,0.0,10478
35790,HIV,,,0.0,12319
35791,HIV,,,0.0,12320
35792,HIV,,,0.0,12321
35793,HIV,,,0.0,12322
35794,HIV,,,0.0,12323
35795,HIV,,,0.0,12323
35796,HIV,,,0.0,2567
35797,HIV,,,0.0,12324
35798,HIV,,,0.0,12324
35799,HIV,,,0.0,5893
35800,HIV,,,0.0,12325
35801,HIV,,,0.0,12326
35802,HIV,,,0.0,12327
35803,HIV,,,0.0,12328
35804,HIV,,,0.0,5363
35805,HIV,,,0.0,5363
35806,HIV,,,0.0,12329
35807,HIV,,,0.0,12330
35808,HIV,,,0.0,12332
35809,HIV,,,0.0,12331
35810,HIV,,,0.0,12332
35811,HIV,,,0.0,8686
35812,HIV,,,0.0,8686
35813,HIV,,,0.0,8686
35814,HIV,,,0.0,5363
35815,HIV,,,1.0,335
35816,HIV,,,0.0,335
35817,HIV,,,0.0,335
35818,HIV,,,0.0,6564
35819,HIV,,,0.0,12333
35820,HIV,,,0.0,12334
35821,HIV,,,0.0,12335
35822,HIV,,,0.0,8454
35823,HIV,,,0.0,12336
35824,HIV,,,0.0,12336
35825,HIV,,,0.0,285
35826,HIV,,,0.0,285
35827,HIV,,,0.0,12337
35828,HIV,,,0.0,12338
35829,HIV,,,0.0,12338
35830,HIV,,,0.0,12338
35831,HIV,,,0.0,12339
35832,HIV,,,0.0,12339
35833,HIV,,,0.0,12339
35834,HIV,,,0.0,12340
35835,HIV,,,0.0,12341
35836,HIV,,,0.0,1016
35837,HIV,,,0.0,3768
35838,HIV,,,0.0,6769
35839,HIV,,,0.0,12342
35840,HIV,,,0.0,12343
35841,HIV,,,0.0,9175
35842,HIV,,,0.0,3768
35843,HIV,,,0.0,12344
35844,HIV,,,0.0,12345
35845,HIV,,,0.0,12788
35846,HIV,,,0.0,12346
35847,HIV,,,0.0,13419
35848,HIV,,,0.0,13419
35849,HIV,,,0.0,13419
35850,HIV,,,0.0,13419
35851,HIV,,,0.0,13419
35852,HIV,,,0.0,13419
35853,HIV,,,0.0,13419
35854,HIV,,,0.0,13419
35855,HIV,,,0.0,13419
35856,HIV,,,0.0,1964
35857,HIV,,,0.0,13419
35858,HIV,,,0.0,12347
35859,HIV,,,0.0,13419
35860,HIV,,,0.0,13419
35861,HIV,,,0.0,12681
35862,HIV,,,0.0,12681
35863,HIV,,,0.0,12348
35864,HIV,,,0.0,12349
35865,HIV,,,0.0,12683
35866,HIV,,,0.0,12350
35867,HIV,,,0.0,12351
35868,HIV,,,0.0,12352
35869,HIV,,,0.0,12353
35870,HIV,,,0.0,12354
35871,HIV,,,0.0,12355
35872,HIV,,,0.0,12360
35873,HIV,,,0.0,12360
35874,HIV,,,1.0,12360
35875,HIV,,,0.0,12356
35876,HIV,,,0.0,12357
35877,HIV,,,0.0,12358
35878,HIV,,,1.0,12359
35879,HIV,,,1.0,12360
35880,HIV,,,1.0,12359
35881,HIV,,,0.0,12361
35882,HIV,,,0.0,12362
35883,HIV,,,0.0,8982
35884,HIV,,,0.0,7707
35885,HIV,,,0.0,12363
35886,HIV,,,0.0,441
35887,HIV,,,0.0,12364
35888,HIV,,,0.0,441
35889,HIV,,,0.0,441
35890,HIV,,,0.0,441
35891,HIV,,,0.0,12365
35892,HIV,,,0.0,12366
35893,HIV,,,0.0,12367
35894,HIV,,,0.0,12368
35895,HIV,,,0.0,12369
35896,HIV,,,0.0,12370
35897,HIV,,,0.0,12371
35898,HIV,,,0.0,12371
35899,HIV,,,0.0,12374
35900,HIV,,,0.0,12372
35901,HIV,,,0.0,12373
35902,HIV,,,0.0,12374
35903,HIV,,,0.0,12375
35904,HIV,,,0.0,12376
35905,HIV,,,0.0,12377
35906,HIV,,,0.0,12378
35907,HIV,,,0.0,12379
35908,HIV,,,0.0,205
35909,HIV,,,0.0,12380
35910,HIV,,,0.0,12381
35911,HIV,,,0.0,12381
35912,HIV,,,0.0,10036
35913,HIV,,,0.0,1344
35914,HIV,,,0.0,11694
35915,HIV,,,0.0,12383
35916,HIV,,,0.0,12382
35917,HIV,,,0.0,12383
35918,HIV,,,0.0,12383
35919,HIV,,,0.0,285
35920,HIV,,,0.0,12384
35921,HIV,,,0.0,285
35922,HIV,,,0.0,285
35923,HIV,,,0.0,7591
35924,HIV,,,0.0,285
35925,HIV,,,0.0,12385
35926,HIV,,,0.0,12385
35927,HIV,,,0.0,12386
35928,HIV,,,0.0,11768
35929,HIV,,,0.0,12387
35930,HIV,,,0.0,12388
35931,HIV,,,0.0,12388
35932,HIV,,,0.0,12389
35933,HIV,,,0.0,12394
35934,HIV,,,0.0,3021
35935,HIV,,,0.0,12394
35936,HIV,,,0.0,5424
35937,HIV,,,0.0,5424
35938,HIV,,,0.0,12390
35939,HIV,,,0.0,57
35940,HIV,,,0.0,5424
35941,HIV,,,0.0,57
35942,HIV,,,0.0,5424
35943,HIV,,,0.0,5424
35944,HIV,,,0.0,12118
35945,HIV,,,0.0,57
35946,HIV,,,0.0,11399
35947,HIV,,,0.0,57
35948,HIV,,,0.0,12391
35949,HIV,,,0.0,12392
35950,HIV,,,0.0,57
35951,HIV,,,0.0,12393
35952,HIV,,,0.0,57
35953,HIV,,,0.0,5424
35954,HIV,,,0.0,12394
35955,HIV,,,0.0,5424
35956,HIV,,,0.0,5424
35957,HIV,,,0.0,5424
35958,HIV,,,0.0,5424
35959,HIV,,,0.0,12394
35960,HIV,,,0.0,11798
35961,HIV,,,0.0,5424
35962,HIV,,,0.0,5424
35963,HIV,,,0.0,5424
35964,HIV,,,0.0,12394
35965,HIV,,,0.0,12394
35966,HIV,,,0.0,57
35967,HIV,,,0.0,12394
35968,HIV,,,0.0,12394
35969,HIV,,,0.0,12394
35970,HIV,,,0.0,12394
35971,HIV,,,0.0,12395
35972,HIV,,,0.0,5424
35973,HIV,,,0.0,12396
35974,HIV,,,0.0,12397
35975,HIV,,,0.0,6801
35976,HIV,,,0.0,12398
35977,HIV,,,0.0,7591
35978,HIV,,,0.0,8686
35979,HIV,,,0.0,8686
35980,HIV,,,0.0,8959
35981,HIV,,,0.0,8959
35982,HIV,,,0.0,8959
35983,HIV,,,0.0,8959
35984,HIV,,,0.0,8959
35985,HIV,,,0.0,8959
35986,HIV,,,0.0,8959
35987,HIV,,,0.0,12399
35988,HIV,,,0.0,12400
35989,HIV,,,0.0,12399
35990,HIV,,,0.0,11717
35991,HIV,,,0.0,12401
35992,HIV,,,0.0,12401
35993,HIV,,,0.0,14114
35994,HIV,,,0.0,5363
35995,HIV,,,0.0,8686
35996,HIV,,,0.0,12402
35997,HIV,,,0.0,12403
35998,HIV,,,0.0,4548
35999,HIV,,,0.0,4548
36000,HIV,,,0.0,4548
36001,HIV,,,0.0,4548
36002,HIV,,,0.0,4548
36003,HIV,,,0.0,12404
36004,HIV,,,0.0,12404
36005,HIV,,,0.0,12404
36006,HIV,,,0.0,12405
36007,HIV,,,0.0,12405
36008,HIV,,,0.0,12406
36009,HIV,,,0.0,12406
36010,HIV,,,0.0,12407
36011,HIV,,,0.0,4548
36012,HIV,,,0.0,4548
36013,HIV,,,0.0,4548
36014,HIV,,,0.0,12408
36015,HIV,,,0.0,12408
36016,HIV,,,0.0,12409
36017,HIV,,,0.0,12410
36018,HIV,,,0.0,12410
36019,HIV,,,0.0,12411
36020,HIV,,,0.0,12411
36021,HIV,,,0.0,12411
36022,HIV,,,0.0,10746
36023,HIV,,,0.0,10746
36024,HIV,,,0.0,10746
36025,HIV,,,0.0,10746
36026,HIV,,,0.0,10746
36027,HIV,,,0.0,10746
36028,HIV,,,0.0,10746
36029,HIV,,,0.0,10746
36030,HIV,,,0.0,10746
36031,HIV,,,0.0,10746
36032,HIV,,,0.0,10862
36033,HIV,,,0.0,3279
36034,HIV,,,0.0,3279
36035,HIV,,,0.0,1016
36036,HIV,,,0.0,10862
36037,HIV,,,0.0,10862
36038,HIV,,,0.0,3279
36039,HIV,,,0.0,3279
36040,HIV,,,0.0,3279
36041,HIV,,,0.0,3279
36042,HIV,,,0.0,10862
36043,HIV,,,0.0,10862
36044,HIV,,,0.0,10862
36045,HIV,,,0.0,10862
36046,HIV,,,0.0,10862
36047,HIV,,,0.0,3279
36048,HIV,,,0.0,10862
36049,HIV,,,0.0,10862
36050,HIV,,,0.0,3279
36051,HIV,,,0.0,10862
36052,HIV,,,0.0,10862
36053,HIV,,,0.0,10862
36054,HIV,,,0.0,3279
36055,HIV,,,0.0,10862
36056,HIV,,,0.0,10862
36057,HIV,,,0.0,10862
36058,HIV,,,0.0,10862
36059,HIV,,,0.0,10862
36060,HIV,,,1.0,441
36061,HIV,,,0.0,12412
36062,HIV,,,0.0,12412
36063,HIV,,,0.0,12412
36064,HIV,,,0.0,12413
36065,HIV,,,0.0,12413
36066,HIV,,,0.0,12413
36067,HIV,,,0.0,10138
36068,HIV,,,0.0,10138
36069,HIV,,,0.0,10138
36070,HIV,,,0.0,10138
36071,HIV,,,0.0,11301
36072,HIV,,,0.0,11301
36073,HIV,,,0.0,11301
36074,HIV,,,0.0,11301
36075,HIV,,,0.0,13419
36076,HIV,,,0.0,13419
36077,HIV,,,0.0,13419
36078,HIV,,,0.0,13419
36079,HIV,,,0.0,13419
36080,HIV,,,0.0,13419
36081,HIV,,,0.0,13419
36082,HIV,,,0.0,13419
36083,HIV,,,1.0,3768
36084,HIV,,,0.0,12414
36085,HIV,,,0.0,1817
36086,HIV,,,0.0,12415
36087,HIV,,,0.0,10633
36088,HIV,,,0.0,5363
36089,HIV,,,0.0,5165
36090,HIV,,,0.0,5747
36091,HIV,,,0.0,12416
36092,HIV,,,0.0,3279
36093,HIV,,,0.0,7576
36094,HIV,,,0.0,12417
36095,HIV,,,0.0,12417
36096,HIV,,,0.0,12417
36097,HIV,,,0.0,12417
36098,HIV,,,0.0,12417
36099,HIV,,,0.0,12417
36100,HIV,,,0.0,12417
36101,HIV,,,0.0,12417
36102,HIV,,,0.0,12417
36103,HIV,,,0.0,12417
36104,HIV,,,0.0,12418
36105,HIV,,,0.0,12419
36106,HIV,,,0.0,8454
36107,HIV,,,0.0,12420
36108,HIV,,,0.0,12420
36109,HIV,,,0.0,12420
36110,HIV,,,0.0,12420
36111,HIV,,,0.0,12420
36112,HIV,,,0.0,12421
36113,HIV,,,0.0,12421
36114,HIV,,,0.0,12421
36115,HIV,,,0.0,12421
36116,HIV,,,0.0,12421
36117,HIV,,,0.0,14106
36118,HIV,,,0.0,14106
36119,HIV,,,0.0,12422
36120,HIV,,,0.0,12422
36121,HIV,,,0.0,12423
36122,HIV,,,0.0,12424
36123,HIV,,,0.0,1344
36124,HIV,,,0.0,12425
36125,HIV,,,0.0,1344
36126,HIV,,,0.0,45
36127,HIV,,,0.0,1344
36128,HIV,,,0.0,10098
36129,HIV,,,0.0,2546
36130,HIV,,,0.0,2546
36131,HIV,,,0.0,12630
36132,HIV,,,1.0,12426
36133,HIV,,,0.0,5992
36134,HIV,,,0.0,5718
36135,HIV,,,0.0,12427
36136,HIV,,,0.0,7388
36137,HIV,,,0.0,7388
36138,HIV,,,0.0,12428
36139,HIV,,,0.0,12429
36140,HIV,,,0.0,12430
36141,HIV,,,0.0,12431
36142,HIV,,,0.0,12431
36143,HIV,,,0.0,12432
36144,HIV,,,0.0,12433
36145,HIV,,,0.0,12434
36146,HIV,,,0.0,12435
36147,HIV,,,0.0,12435
36148,HIV,,,0.0,12436
36149,HIV,,,0.0,12437
36150,HIV,,,0.0,12438
36151,HIV,,,0.0,12439
36152,HIV,,,0.0,12440
36153,HIV,,,0.0,285
36154,HIV,,,0.0,5363
36155,HIV,,,0.0,12441
36156,HIV,,,0.0,2473
36157,HIV,,,0.0,2473
36158,HIV,,,0.0,12442
36159,HIV,,,0.0,12443
36160,HIV,,,0.0,12444
36161,HIV,,,0.0,7801
36162,HIV,,,0.0,5363
36163,HIV,,,0.0,5363
36164,HIV,,,0.0,12445
36165,HIV,,,0.0,12446
36166,HIV,,,0.0,12447
36167,HIV,,,0.0,12448
36168,HIV,,,0.0,441
36169,HIV,,,0.0,2546
36170,HIV,,,1.0,2546
36171,HIV,,,0.0,2546
36172,HIV,,,0.0,2546
36173,HIV,,,0.0,2546
36174,HIV,,,0.0,2546
36175,HIV,,,0.0,2546
36176,HIV,,,0.0,2546
36177,HIV,,,0.0,2546
36178,HIV,,,0.0,2546
36179,HIV,,,0.0,2546
36180,HIV,,,0.0,2546
36181,HIV,,,0.0,2546
36182,HIV,,,0.0,2546
36183,HIV,,,1.0,2546
36184,HIV,,,0.0,2546
36185,HIV,,,0.0,2546
36186,HIV,,,0.0,2546
36187,HIV,,,0.0,5363
36188,HIV,,,0.0,12449
36189,HIV,,,0.0,5
36190,HIV,,,0.0,12450
36191,HIV,,,0.0,12451
36192,HIV,,,0.0,12451
36193,HIV,,,0.0,12452
36194,HIV,,,0.0,12453
36195,HIV,,,0.0,12454
36196,HIV,,,0.0,12454
36197,HIV,,,0.0,8686
36198,HIV,,,0.0,5165
36199,HIV,,,0.0,5165
36200,HIV,,,0.0,5165
36201,HIV,,,0.0,5165
36202,HIV,,,0.0,12455
36203,HIV,,,0.0,5165
36204,HIV,,,0.0,8686
36205,HIV,,,0.0,5165
36206,HIV,,,0.0,5165
36207,HIV,,,0.0,5165
36208,HIV,,,0.0,5165
36209,HIV,,,0.0,5165
36210,HIV,,,0.0,5165
36211,HIV,,,0.0,5165
36212,HIV,,,0.0,5165
36213,HIV,,,0.0,12456
36214,HIV,,,0.0,5165
36215,HIV,,,0.0,5165
36216,HIV,,,0.0,12455
36217,HIV,,,0.0,8686
36218,HIV,,,0.0,12455
36219,HIV,,,0.0,5718
36220,HIV,,,0.0,5718
36221,HIV,,,0.0,5718
36222,HIV,,,0.0,5718
36223,HIV,,,0.0,5718
36224,HIV,,,0.0,5718
36225,HIV,,,0.0,5363
36226,HIV,,,0.0,12457
36227,HIV,,,0.0,12458
36228,HIV,,,0.0,12459
36229,HIV,,,0.0,1264
36230,HIV,,,0.0,6870
36231,HIV,,,0.0,2546
36232,HIV,,,0.0,12460
36233,HIV,,,0.0,12461
36234,HIV,,,0.0,12462
36235,HIV,,,0.0,8959
36236,HIV,,,0.0,2546
36237,HIV,,,0.0,12463
36238,HIV,,,0.0,12464
36239,HIV,,,0.0,12465
36240,HIV,,,0.0,7356
36241,HIV,,,0.0,12466
36242,HIV,,,0.0,2546
36243,HIV,,,0.0,12467
36244,HIV,,,0.0,12468
36245,HIV,,,0.0,12469
36246,HIV,,,0.0,12470
36247,HIV,,,0.0,12471
36248,HIV,,,0.0,12472
36249,HIV,,,0.0,12473
36250,HIV,,,0.0,12474
36251,HIV,,,0.0,12475
36252,HIV,,,0.0,3279
36253,HIV,,,0.0,12476
36254,HIV,,,0.0,12477
36255,HIV,,,0.0,12478
36256,HIV,,,0.0,12479
36257,HIV,,,0.0,12480
36258,HIV,,,0.0,12481
36259,HIV,,,0.0,12481
36260,HIV,,,0.0,12481
36261,HIV,,,0.0,1016
36262,HIV,,,0.0,1016
36263,HIV,,,0.0,12482
36264,HIV,,,0.0,12483
36265,HIV,,,0.0,13215
36266,HIV,,,0.0,1828
36267,HIV,,,0.0,12484
36268,HIV,,,0.0,13215
36269,HIV,,,0.0,12485
36270,HIV,,,0.0,1828
36271,HIV,,,0.0,12486
36272,HIV,,,0.0,12487
36273,HIV,,,0.0,9527
36274,HIV,,,0.0,12488
36275,HIV,,,0.0,12489
36276,HIV,,,0.0,12490
36277,HIV,,,0.0,12491
36278,HIV,,,0.0,12492
36279,HIV,,,0.0,12492
36280,HIV,,,0.0,12492
36281,HIV,,,0.0,12493
36282,HIV,,,0.0,12494
36283,HIV,,,0.0,12495
36284,HIV,,,0.0,12496
36285,HIV,,,0.0,12496
36286,HIV,,,0.0,12497
36287,HIV,,,0.0,12497
36288,HIV,,,0.0,12497
36289,HIV,,,0.0,12498
36290,HIV,,,0.0,12499
36291,HIV,,,0.0,12500
36292,HIV,,,0.0,12500
36293,HIV,,,0.0,12500
36294,HIV,,,0.0,12501
36295,HIV,,,0.0,11950
36296,HIV,,,0.0,441
36297,HIV,,,0.0,1258
36298,HIV,,,0.0,3759
36299,HIV,,,0.0,12502
36300,HIV,,,0.0,12503
36301,HIV,,,0.0,12504
36302,HIV,,,1.0,12505
36303,HIV,,,1.0,12505
36304,HIV,,,0.0,12506
36305,HIV,,,0.0,12507
36306,HIV,,,0.0,12508
36307,HIV,,,0.0,12508
36308,HIV,,,0.0,12509
36309,HIV,,,0.0,2546
36310,HIV,,,0.0,11910
36311,HIV,,,0.0,2546
36312,HIV,,,0.0,2546
36313,HIV,,,0.0,2546
36314,HIV,,,0.0,11910
36315,HIV,,,0.0,12510
36316,HIV,,,0.0,12510
36317,HIV,,,0.0,12510
36318,HIV,,,0.0,12510
36319,HIV,,,0.0,12510
36320,HIV,,,0.0,12510
36321,HIV,,,0.0,12510
36322,HIV,,,0.0,12510
36323,HIV,,,0.0,12511
36324,HIV,,,0.0,12511
36325,HIV,,,0.0,12511
36326,HIV,,,0.0,12512
36327,HIV,,,0.0,12512
36328,HIV,,,0.0,12512
36329,HIV,,,0.0,12513
36330,HIV,,,0.0,6801
36331,HIV,,,0.0,12514
36332,HIV,,,0.0,10400
36333,HIV,,,0.0,12515
36334,HIV,,,0.0,6801
36335,HIV,,,0.0,12516
36336,HIV,,,0.0,12517
36337,HIV,,,0.0,12518
36338,HIV,,,0.0,12519
36339,HIV,,,0.0,12517
36340,HIV,,,0.0,12167
36341,HIV,,,0.0,12177
36342,HIV,,,0.0,12177
36343,HIV,,,0.0,12520
36344,HIV,,,0.0,12177
36345,HIV,,,0.0,12521
36346,HIV,,,0.0,12177
36347,HIV,,,0.0,12522
36348,HIV,,,0.0,12523
36349,HIV,,,0.0,12524
36350,HIV,,,0.0,12525
36351,HIV,,,0.0,3309
36352,HIV,,,0.0,12526
36353,HIV,,,0.0,12527
36354,HIV,,,0.0,12527
36355,HIV,,,0.0,12528
36356,HIV,,,0.0,12915
36357,HIV,,,1.0,13539
36358,HIV,,,1.0,13539
36359,HIV,,,1.0,13539
36360,HIV,,,1.0,13539
36361,HIV,,,0.0,13539
36362,HIV,,,0.0,13539
36363,HIV,,,0.0,13539
36364,HIV,,,0.0,13539
36365,HIV,,,1.0,13539
36366,HIV,,,1.0,13539
36367,HIV,,,1.0,13539
36368,HIV,,,0.0,7604
36369,HIV,,,0.0,7604
36370,HIV,,,0.0,7604
36371,HIV,,,0.0,7604
36372,HIV,,,0.0,7604
36373,HIV,,,0.0,12533
36374,HIV,,,0.0,12533
36375,HIV,,,0.0,12533
36376,HIV,,,0.0,12533
36377,HIV,,,0.0,12533
36378,HIV,,,0.0,12529
36379,HIV,,,0.0,12529
36380,HIV,,,0.0,12529
36381,HIV,,,0.0,12533
36382,HIV,,,0.0,12529
36383,HIV,,,0.0,12529
36384,HIV,,,0.0,12529
36385,HIV,,,0.0,12529
36386,HIV,,,0.0,12529
36387,HIV,,,0.0,2761
36388,HIV,,,0.0,12533
36389,HIV,,,0.0,12530
36390,HIV,,,0.0,12531
36391,HIV,,,0.0,12533
36392,HIV,,,0.0,12533
36393,HIV,,,0.0,12532
36394,HIV,,,0.0,12533
36395,HIV,,,0.0,12533
36396,HIV,,,0.0,12533
36397,HIV,,,0.0,12533
36398,HIV,,,0.0,12533
36399,HIV,,,0.0,13165
36400,HIV,,,0.0,7604
36401,HIV,,,0.0,12534
36402,HIV,,,0.0,13201
36403,HIV,,,0.0,10279
36404,HIV,,,0.0,7604
36405,HIV,,,0.0,12535
36406,HIV,,,0.0,12536
36407,HIV,,,0.0,12537
36408,HIV,,,0.0,12538
36409,HIV,,,0.0,12539
36410,HIV,,,0.0,12540
36411,HIV,,,0.0,12541
36412,HIV,,,0.0,12542
36413,HIV,,,0.0,12543
36414,HIV,,,0.0,10429
36415,HIV,,,0.0,285
36416,HIV,,,0.0,11768
36417,HIV,,,0.0,11768
36418,HIV,,,0.0,11768
36419,HIV,,,0.0,11768
36420,HIV,,,0.0,285
36421,HIV,,,0.0,285
36422,HIV,,,0.0,285
36423,HIV,,,0.0,10400
36424,HIV,,,0.0,12544
36425,HIV,,,0.0,36
36426,HIV,,,0.0,36
36427,HIV,,,0.0,36
36428,HIV,,,0.0,36
36429,HIV,,,0.0,12545
36430,HIV,,,0.0,12546
36431,HIV,,,0.0,10138
36432,HIV,,,0.0,13261
36433,HIV,,,0.0,13261
36434,HIV,,,0.0,10138
36435,HIV,,,0.0,13261
36436,HIV,,,0.0,13261
36437,HIV,,,0.0,5363
36438,HIV,,,0.0,12942
36439,HIV,,,0.0,1227
36440,HIV,,,0.0,12547
36441,HIV,,,0.0,12548
36442,HIV,,,0.0,12549
36443,HIV,,,0.0,5363
36444,HIV,,,0.0,12550
36445,HIV,,,0.0,12551
36446,HIV,,,0.0,12552
36447,HIV,,,0.0,12553
36448,HIV,,,0.0,12554
36449,HIV,,,0.0,12555
36450,HIV,,,0.0,12556
36451,HIV,,,0.0,285
36452,HIV,,,0.0,12554
36453,HIV,,,0.0,12554
36454,HIV,,,0.0,3279
36455,HIV,,,0.0,12557
36456,HIV,,,0.0,12557
36457,HIV,,,0.0,12557
36458,HIV,,,0.0,12557
36459,HIV,,,0.0,12557
36460,HIV,,,0.0,12557
36461,HIV,,,0.0,12557
36462,HIV,,,0.0,12558
36463,HIV,,,0.0,12557
36464,HIV,,,0.0,12557
36465,HIV,,,0.0,12559
36466,HIV,,,0.0,12560
36467,HIV,,,0.0,12561
36468,HIV,,,0.0,12561
36469,HIV,,,0.0,12561
36470,HIV,,,0.0,14111
36471,HIV,,,0.0,14111
36472,HIV,,,0.0,14111
36473,HIV,,,0.0,12562
36474,HIV,,,0.0,12561
36475,HIV,,,0.0,14111
36476,HIV,,,0.0,14106
36477,HIV,,,0.0,14106
36478,HIV,,,0.0,2546
36479,HIV,,,0.0,2546
36480,HIV,,,0.0,285
36481,HIV,,,0.0,12563
36482,HIV,,,0.0,285
36483,HIV,,,0.0,285
36484,HIV,,,0.0,285
36485,HIV,,,0.0,12564
36486,HIV,,,0.0,11617
36487,HIV,,,0.0,12565
36488,HIV,,,0.0,12566
36489,HIV,,,0.0,5363
36490,HIV,,,0.0,3279
36491,HIV,,,0.0,12567
36492,HIV,,,0.0,3279
36493,HIV,,,0.0,12568
36494,HIV,,,0.0,12569
36495,HIV,,,0.0,12570
36496,HIV,,,0.0,12571
36497,HIV,,,0.0,285
36498,HIV,,,0.0,285
36499,HIV,,,0.0,5718
36500,HIV,,,0.0,12572
36501,HIV,,,0.0,12573
36502,HIV,,,0.0,12573
36503,HIV,,,0.0,12574
36504,HIV,,,0.0,12575
36505,HIV,,,0.0,13161
36506,HIV,,,0.0,12576
36507,HIV,,,0.0,13419
36508,HIV,,,0.0,12577
36509,HIV,,,0.0,335
36510,HIV,,,0.0,12578
36511,HIV,,,0.0,5747
36512,HIV,,,0.0,3759
36513,HIV,,,0.0,3759
36514,HIV,,,0.0,6801
36515,HIV,,,0.0,13163
36516,HIV,,,0.0,12579
36517,HIV,,,0.0,12580
36518,HIV,,,0.0,12590
36519,HIV,,,0.0,12590
36520,HIV,,,0.0,12590
36521,HIV,,,0.0,12581
36522,HIV,,,0.0,12582
36523,HIV,,,0.0,12583
36524,HIV,,,0.0,5
36525,HIV,,,0.0,12584
36526,HIV,,,0.0,12585
36527,HIV,,,0.0,12585
36528,HIV,,,0.0,12586
36529,HIV,,,0.0,12587
36530,HIV,,,0.0,5
36531,HIV,,,0.0,5
36532,HIV,,,0.0,335
36533,HIV,,,0.0,12588
36534,HIV,,,0.0,6918
36535,HIV,,,0.0,6918
36536,HIV,,,0.0,6918
36537,HIV,,,1.0,6918
36538,HIV,,,0.0,12589
36539,HIV,,,0.0,12589
36540,HIV,,,0.0,12590
36541,HIV,,,0.0,11950
36542,HIV,,,0.0,12591
36543,HIV,,,0.0,12591
36544,HIV,,,0.0,12591
36545,HIV,,,0.0,12591
36546,HIV,,,0.0,8983
36547,HIV,,,0.0,12591
36548,HIV,,,0.0,12591
36549,HIV,,,0.0,12591
36550,HIV,,,0.0,12591
36551,HIV,,,0.0,12591
36552,HIV,,,0.0,12591
36553,HIV,,,0.0,12591
36554,HIV,,,0.0,12592
36555,HIV,,,0.0,12593
36556,HIV,,,0.0,12594
36557,HIV,,,0.0,11121
36558,HIV,,,0.0,3279
36559,HIV,,,0.0,12595
36560,HIV,,,0.0,3279
36561,HIV,,,0.0,3279
36562,HIV,,,0.0,12596
36563,HIV,,,0.0,12596
36564,HIV,,,0.0,3279
36565,HIV,,,0.0,12597
36566,HIV,,,0.0,12597
36567,HIV,,,0.0,12598
36568,HIV,,,0.0,12599
36569,HIV,,,0.0,12600
36570,HIV,,,0.0,12601
36571,HIV,,,0.0,5718
36572,HIV,,,0.0,12601
36573,HIV,,,0.0,12602
36574,HIV,,,0.0,5718
36575,HIV,,,0.0,12607
36576,HIV,,,0.0,5718
36577,HIV,,,0.0,9319
36578,HIV,,,0.0,9319
36579,HIV,,,0.0,9319
36580,HIV,,,0.0,9319
36581,HIV,,,0.0,9319
36582,HIV,,,0.0,9319
36583,HIV,,,0.0,9319
36584,HIV,,,0.0,9319
36585,HIV,,,0.0,9319
36586,HIV,,,0.0,9319
36587,HIV,,,0.0,9319
36588,HIV,,,0.0,9319
36589,HIV,,,0.0,9319
36590,HIV,,,0.0,9319
36591,HIV,,,0.0,9319
36592,HIV,,,0.0,9319
36593,HIV,,,0.0,9319
36594,HIV,,,0.0,9319
36595,HIV,,,0.0,9319
36596,HIV,,,0.0,9319
36597,HIV,,,0.0,9319
36598,HIV,,,0.0,9319
36599,HIV,,,0.0,9319
36600,HIV,,,0.0,9319
36601,HIV,,,0.0,9319
36602,HIV,,,0.0,9319
36603,HIV,,,0.0,9319
36604,HIV,,,0.0,9319
36605,HIV,,,0.0,9319
36606,HIV,,,0.0,9319
36607,HIV,,,0.0,9319
36608,HIV,,,0.0,9319
36609,HIV,,,0.0,9319
36610,HIV,,,0.0,9319
36611,HIV,,,0.0,9319
36612,HIV,,,0.0,9319
36613,HIV,,,0.0,9319
36614,HIV,,,0.0,9319
36615,HIV,,,0.0,9319
36616,HIV,,,0.0,12604
36617,HIV,,,0.0,12608
36618,HIV,,,0.0,12605
36619,HIV,,,0.0,13054
36620,HIV,,,0.0,12605
36621,HIV,,,0.0,12608
36622,HIV,,,0.0,5718
36623,HIV,,,0.0,12603
36624,HIV,,,0.0,12605
36625,HIV,,,0.0,12604
36626,HIV,,,0.0,5363
36627,HIV,,,0.0,13059
36628,HIV,,,0.0,12605
36629,HIV,,,0.0,12606
36630,HIV,,,0.0,12601
36631,HIV,,,0.0,5718
36632,HIV,,,0.0,12607
36633,HIV,,,0.0,12601
36634,HIV,,,0.0,5718
36635,HIV,,,0.0,12608
36636,HIV,,,0.0,12608
36637,HIV,,,0.0,12605
36638,HIV,,,0.0,12609
36639,HIV,,,0.0,12610
36640,HIV,,,0.0,8959
36641,HIV,,,0.0,10633
36642,HIV,,,0.0,8959
36643,HIV,,,0.0,8959
36644,HIV,,,0.0,8959
36645,HIV,,,0.0,8959
36646,HIV,,,0.0,8959
36647,HIV,,,0.0,8959
36648,HIV,,,0.0,8959
36649,HIV,,,0.0,8959
36650,HIV,,,0.0,8959
36651,HIV,,,0.0,10633
36652,HIV,,,0.0,10633
36653,HIV,,,0.0,8959
36654,HIV,,,0.0,12611
36655,HIV,,,0.0,12612
36656,HIV,,,0.0,12613
36657,HIV,,,0.0,12614
36658,HIV,,,0.0,12615
36659,HIV,,,0.0,12616
36660,HIV,,,0.0,12617
36661,HIV,,,0.0,12619
36662,HIV,,,0.0,12618
36663,HIV,,,0.0,12618
36664,HIV,,,0.0,12619
36665,HIV,,,0.0,12619
36666,HIV,,,0.0,12619
36667,HIV,,,0.0,12620
36668,HIV,,,0.0,12621
36669,HIV,,,0.0,12622
36670,HIV,,,0.0,12623
36671,HIV,,,0.0,12624
36672,HIV,,,0.0,12624
36673,HIV,,,0.0,12624
36674,HIV,,,0.0,12624
36675,HIV,,,0.0,12624
36676,HIV,,,0.0,45
36677,HIV,,,0.0,45
36678,HIV,,,0.0,45
36679,HIV,,,0.0,45
36680,HIV,,,0.0,45
36681,HIV,,,0.0,12625
36682,HIV,,,0.0,2473
36683,HIV,,,0.0,12626
36684,HIV,,,0.0,604
36685,HIV,,,0.0,12627
36686,HIV,,,0.0,12628
36687,HIV,,,0.0,12629
36688,HIV,,,0.0,12630
36689,HIV,,,0.0,12631
36690,HIV,,,0.0,12631
36691,HIV,,,0.0,9200
36692,HIV,,,0.0,12632
36693,HIV,,,0.0,12243
36694,HIV,,,0.0,12243
36695,HIV,,,0.0,11908
36696,HIV,,,0.0,5363
36697,HIV,,,0.0,5363
36698,HIV,,,0.0,2546
36699,HIV,,,0.0,2546
36700,HIV,,,0.0,2546
36701,HIV,,,0.0,12633
36702,HIV,,,0.0,12634
36703,HIV,,,0.0,12635
36704,HIV,,,0.0,12640
36705,HIV,,,0.0,12640
36706,HIV,,,0.0,12636
36707,HIV,,,0.0,12637
36708,HIV,,,0.0,11471
36709,HIV,,,0.0,12638
36710,HIV,,,0.0,12639
36711,HIV,,,0.0,12640
36712,HIV,,,0.0,12635
36713,HIV,,,0.0,12640
36714,HIV,,,0.0,12641
36715,HIV,,,0.0,12641
36716,HIV,,,0.0,12641
36717,HIV,,,0.0,12641
36718,HIV,,,0.0,12641
36719,HIV,,,0.0,12642
36720,HIV,,,0.0,12642
36721,HIV,,,0.0,12644
36722,HIV,,,0.0,12643
36723,HIV,,,0.0,12644
36724,HIV,,,0.0,12644
36725,HIV,,,0.0,12641
36726,HIV,,,0.0,12645
36727,HIV,,,0.0,12645
36728,HIV,,,0.0,5992
36729,HIV,,,0.0,5992
36730,HIV,,,0.0,5992
36731,HIV,,,0.0,5992
36732,HIV,,,0.0,5992
36733,HIV,,,0.0,5992
36734,HIV,,,0.0,5992
36735,HIV,,,0.0,5992
36736,HIV,,,0.0,12646
36737,HIV,,,0.0,6801
36738,HIV,,,0.0,12646
36739,HIV,,,0.0,12646
36740,HIV,,,0.0,12647
36741,HIV,,,0.0,5992
36742,HIV,,,0.0,5992
36743,HIV,,,0.0,5992
36744,HIV,,,0.0,12648
36745,HIV,,,0.0,12649
36746,HIV,,,0.0,12649
36747,HIV,,,0.0,12648
36748,HIV,,,0.0,12649
36749,HIV,,,0.0,12649
36750,HIV,,,0.0,12650
36751,HIV,,,0.0,12650
36752,HIV,,,0.0,12648
36753,HIV,,,0.0,12649
36754,HIV,,,0.0,12649
36755,HIV,,,0.0,12649
36756,HIV,,,0.0,12649
36757,HIV,,,0.0,12648
36758,HIV,,,0.0,12649
36759,HIV,,,0.0,12649
36760,HIV,,,0.0,12649
36761,HIV,,,0.0,12649
36762,HIV,,,0.0,12650
36763,HIV,,,0.0,12650
36764,HIV,,,0.0,12650
36765,HIV,,,0.0,12650
36766,HIV,,,0.0,12651
36767,HIV,,,0.0,12651
36768,HIV,,,0.0,12651
36769,HIV,,,0.0,12651
36770,HIV,,,1.0,12651
36771,HIV,,,0.0,5718
36772,HIV,,,0.0,5718
36773,HIV,,,0.0,5718
36774,HIV,,,0.0,5718
36775,HIV,,,0.0,12652
36776,HIV,,,0.0,12652
36777,HIV,,,0.0,5718
36778,HIV,,,0.0,5363
36779,HIV,,,0.0,5363
36780,HIV,,,0.0,5363
36781,HIV,,,0.0,1830
36782,HIV,,,0.0,1830
36783,HIV,,,0.0,5165
36784,HIV,,,0.0,5165
36785,HIV,,,0.0,5165
36786,HIV,,,0.0,5165
36787,HIV,,,0.0,5165
36788,HIV,,,0.0,5165
36789,HIV,,,0.0,12653
36790,HIV,,,0.0,5165
36791,HIV,,,0.0,12654
36792,HIV,,,0.0,12655
36793,HIV,,,0.0,12656
36794,HIV,,,0.0,12656
36795,HIV,,,0.0,12657
36796,HIV,,,0.0,12657
36797,HIV,,,0.0,12658
36798,HIV,,,0.0,8971
36799,HIV,,,0.0,12545
36800,HIV,,,0.0,9461
36801,HIV,,,0.0,12659
36802,HIV,,,0.0,12659
36803,HIV,,,0.0,12659
36804,HIV,,,0.0,12659
36805,HIV,,,0.0,8686
36806,HIV,,,0.0,8686
36807,HIV,,,0.0,8686
36808,HIV,,,0.0,8686
36809,HIV,,,0.0,8686
36810,HIV,,,0.0,8686
36811,HIV,,,0.0,8686
36812,HIV,,,0.0,8686
36813,HIV,,,0.0,8686
36814,HIV,,,0.0,5951
36815,HIV,,,0.0,5951
36816,HIV,,,0.0,12660
36817,HIV,,,0.0,12661
36818,HIV,,,0.0,441
36819,HIV,,,0.0,12662
36820,HIV,,,1.0,10924
36821,HIV,,,0.0,12663
36822,HIV,,,0.0,335
36823,HIV,,,0.0,12664
36824,HIV,,,0.0,12664
36825,HIV,,,0.0,12665
36826,HIV,,,0.0,8971
36827,HIV,,,0.0,12666
36828,HIV,,,0.0,1016
36829,HIV,,,0.0,11307
36830,HIV,,,0.0,11307
36831,HIV,,,0.0,12667
36832,HIV,,,0.0,12667
36833,HIV,,,0.0,7591
36834,HIV,,,0.0,12668
36835,HIV,,,0.0,12668
36836,HIV,,,0.0,12667
36837,HIV,,,0.0,604
36838,HIV,,,0.0,12669
36839,HIV,,,0.0,12669
36840,HIV,,,0.0,12669
36841,HIV,,,0.0,12669
36842,HIV,,,0.0,11517
36843,HIV,,,0.0,5
36844,HIV,,,0.0,7388
36845,HIV,,,0.0,12670
36846,HIV,,,0.0,3279
36847,HIV,,,0.0,3279
36848,HIV,,,0.0,12671
36849,HIV,,,0.0,5992
36850,HIV,,,1.0,5992
36851,HIV,,,0.0,5992
36852,HIV,,,0.0,5992
36853,HIV,,,0.0,4348
36854,HIV,,,0.0,4348
36855,HIV,,,0.0,4348
36856,HIV,,,0.0,4348
36857,HIV,,,0.0,12672
36858,HIV,,,0.0,12673
36859,HIV,,,0.0,12673
36860,HIV,,,0.0,12673
36861,HIV,,,0.0,12674
36862,HIV,,,0.0,12675
36863,HIV,,,0.0,12676
36864,HIV,,,0.0,12676
36865,HIV,,,0.0,1729
36866,HIV,,,0.0,14106
36867,HIV,,,0.0,12957
36868,HIV,,,0.0,12957
36869,HIV,,,0.0,12677
36870,HIV,,,0.0,12678
36871,HIV,,,0.0,12679
36872,HIV,,,0.0,12352
36873,HIV,,,0.0,12680
36874,HIV,,,0.0,12352
36875,HIV,,,0.0,12680
36876,HIV,,,0.0,12681
36877,HIV,,,0.0,12682
36878,HIV,,,0.0,12683
36879,HIV,,,0.0,3693
36880,HIV,,,0.0,12955
36881,HIV,,,0.0,12955
36882,HIV,,,0.0,12955
36883,HIV,,,0.0,12684
36884,HIV,,,0.0,12684
36885,HIV,,,0.0,12684
36886,HIV,,,0.0,12684
36887,HIV,,,0.0,12684
36888,HIV,,,0.0,12685
36889,HIV,,,0.0,3279
36890,HIV,,,0.0,12686
36891,HIV,,,0.0,12687
36892,HIV,,,0.0,7356
36893,HIV,,,0.0,5165
36894,HIV,,,0.0,12690
36895,HIV,,,0.0,12690
36896,HIV,,,0.0,12690
36897,HIV,,,0.0,12690
36898,HIV,,,0.0,12690
36899,HIV,,,0.0,12690
36900,HIV,,,0.0,12690
36901,HIV,,,0.0,12690
36902,HIV,,,0.0,12690
36903,HIV,,,0.0,12690
36904,HIV,,,0.0,12690
36905,HIV,,,0.0,12688
36906,HIV,,,0.0,12689
36907,HIV,,,0.0,12690
36908,HIV,,,0.0,12690
36909,HIV,,,0.0,12690
36910,HIV,,,0.0,3279
36911,HIV,,,0.0,12691
36912,HIV,,,0.0,12690
36913,HIV,,,0.0,3279
36914,HIV,,,0.0,12690
36915,HIV,,,0.0,3279
36916,HIV,,,0.0,3279
36917,HIV,,,0.0,3279
36918,HIV,,,0.0,3279
36919,HIV,,,0.0,3279
36920,HIV,,,0.0,3279
36921,HIV,,,0.0,3279
36922,HIV,,,0.0,3279
36923,HIV,,,0.0,12692
36924,HIV,,,0.0,12692
36925,HIV,,,0.0,13655
36926,HIV,,,0.0,12693
36927,HIV,,,0.0,12694
36928,HIV,,,0.0,12695
36929,HIV,,,0.0,12696
36930,HIV,,,0.0,10966
36931,HIV,,,0.0,10966
36932,HIV,,,0.0,10966
36933,HIV,,,0.0,10966
36934,HIV,,,0.0,10966
36935,HIV,,,0.0,11185
36936,HIV,,,0.0,11185
36937,HIV,,,0.0,11185
36938,HIV,,,0.0,11185
36939,HIV,,,0.0,12697
36940,HIV,,,0.0,12697
36941,HIV,,,0.0,12697
36942,HIV,,,0.0,12698
36943,HIV,,,0.0,12699
36944,HIV,,,0.0,12699
36945,HIV,,,0.0,12700
36946,HIV,,,0.0,12701
36947,HIV,,,0.0,12702
36948,HIV,,,0.0,12702
36949,HIV,,,0.0,12703
36950,HIV,,,0.0,12704
36951,HIV,,,0.0,335
36952,HIV,,,0.0,12705
36953,HIV,,,0.0,13081
36954,HIV,,,0.0,12706
36955,HIV,,,0.0,3021
36956,HIV,,,0.0,12707
36957,HIV,,,0.0,12708
36958,HIV,,,0.0,12709
36959,HIV,,,0.0,12710
36960,HIV,,,0.0,12711
36961,HIV,,,0.0,12712
36962,HIV,,,0.0,14106
36963,HIV,,,0.0,12713
36964,HIV,,,0.0,12714
36965,HIV,,,0.0,12715
36966,HIV,,,0.0,57
36967,HIV,,,0.0,57
36968,HIV,,,0.0,57
36969,HIV,,,0.0,57
36970,HIV,,,0.0,57
36971,HIV,,,0.0,57
36972,HIV,,,0.0,5363
36973,HIV,,,0.0,5363
36974,HIV,,,0.0,5363
36975,HIV,,,0.0,5730
36976,HIV,,,0.0,5718
36977,HIV,,,1.0,12716
36978,HIV,,,0.0,2546
36979,HIV,,,0.0,9085
36980,HIV,,,0.0,2546
36981,HIV,,,0.0,9085
36982,HIV,,,0.0,2546
36983,HIV,,,0.0,9085
36984,HIV,,,0.0,2546
36985,HIV,,,0.0,2546
36986,HIV,,,0.0,2546
36987,HIV,,,0.0,9085
36988,HIV,,,0.0,9085
36989,HIV,,,0.0,12717
36990,HIV,,,0.0,2546
36991,HIV,,,0.0,9085
36992,HIV,,,0.0,2546
36993,HIV,,,0.0,9085
36994,HIV,,,0.0,9085
36995,HIV,,,0.0,13419
36996,HIV,,,0.0,13419
36997,HIV,,,0.0,13419
36998,HIV,,,0.0,13419
36999,HIV,,,0.0,13419
37000,HIV,,,0.0,13419
37001,HIV,,,0.0,13419
37002,HIV,,,0.0,13419
37003,HIV,,,0.0,13419
37004,HIV,,,0.0,13419
37005,HIV,,,0.0,13419
37006,HIV,,,0.0,13419
37007,HIV,,,0.0,13419
37008,HIV,,,0.0,12718
37009,HIV,,,0.0,12719
37010,HIV,,,0.0,12720
37011,HIV,,,0.0,12721
37012,HIV,,,0.0,12722
37013,HIV,,,0.0,12723
37014,HIV,,,0.0,12724
37015,HIV,,,0.0,12725
37016,HIV,,,0.0,12726
37017,HIV,,,0.0,7761
37018,HIV,,,0.0,12727
37019,HIV,,,0.0,12728
37020,HIV,,,0.0,12719
37021,HIV,,,0.0,12729
37022,HIV,,,0.0,13187
37023,HIV,,,0.0,13187
37024,HIV,,,0.0,13187
37025,HIV,,,0.0,12730
37026,HIV,,,0.0,12205
37027,HIV,,,0.0,12205
37028,HIV,,,0.0,12205
37029,HIV,,,0.0,12205
37030,HIV,,,0.0,12205
37031,HIV,,,0.0,12205
37032,HIV,,,0.0,12205
37033,HIV,,,0.0,12205
37034,HIV,,,0.0,12205
37035,HIV,,,0.0,12205
37036,HIV,,,0.0,12205
37037,HIV,,,0.0,12205
37038,HIV,,,0.0,12205
37039,HIV,,,0.0,12205
37040,HIV,,,0.0,12205
37041,HIV,,,0.0,12205
37042,HIV,,,0.0,12205
37043,HIV,,,0.0,12205
37044,HIV,,,0.0,12205
37045,HIV,,,0.0,12205
37046,HIV,,,0.0,12205
37047,HIV,,,0.0,12205
37048,HIV,,,0.0,12205
37049,HIV,,,0.0,12205
37050,HIV,,,0.0,12205
37051,HIV,,,0.0,12205
37052,HIV,,,1.0,335
37053,HIV,,,1.0,335
37054,HIV,,,0.0,9679
37055,HIV,,,0.0,335
37056,HIV,,,0.0,335
37057,HIV,,,0.0,335
37058,HIV,,,0.0,12731
37059,HIV,,,1.0,335
37060,HIV,,,0.0,12667
37061,HIV,,,0.0,335
37062,HIV,,,1.0,8710
37063,HIV,,,0.0,5992
37064,HIV,,,0.0,12484
37065,HIV,,,0.0,12732
37066,HIV,,,0.0,12733
37067,HIV,,,0.0,1343
37068,HIV,,,0.0,12734
37069,HIV,,,0.0,12735
37070,HIV,,,0.0,12736
37071,HIV,,,0.0,12737
37072,HIV,,,0.0,12738
37073,HIV,,,0.0,12739
37074,HIV,,,0.0,12915
37075,HIV,,,0.0,12915
37076,HIV,,,0.0,12914
37077,HIV,,,0.0,6433
37078,HIV,,,0.0,12915
37079,HIV,,,0.0,12915
37080,HIV,,,0.0,6433
37081,HIV,,,0.0,12915
37082,HIV,,,0.0,12914
37083,HIV,,,0.0,6433
37084,HIV,,,0.0,12914
37085,HIV,,,0.0,6433
37086,HIV,,,0.0,12915
37087,HIV,,,0.0,12914
37088,HIV,,,0.0,6433
37089,HIV,,,0.0,12915
37090,HIV,,,0.0,12914
37091,HIV,,,0.0,8341
37092,HIV,,,0.0,8341
37093,HIV,,,0.0,8341
37094,HIV,,,0.0,8341
37095,HIV,,,0.0,8341
37096,HIV,,,0.0,8341
37097,HIV,,,0.0,8341
37098,HIV,,,0.0,8341
37099,HIV,,,0.0,8341
37100,HIV,,,0.0,8341
37101,HIV,,,0.0,8341
37102,HIV,,,0.0,8341
37103,HIV,,,0.0,12740
37104,HIV,,,0.0,12741
37105,HIV,,,0.0,12740
37106,HIV,,,0.0,12740
37107,HIV,,,0.0,12740
37108,HIV,,,0.0,12740
37109,HIV,,,0.0,12742
37110,HIV,,,0.0,12743
37111,HIV,,,0.0,12955
37112,HIV,,,0.0,12744
37113,HIV,,,0.0,12745
37114,HIV,,,0.0,1280
37115,HIV,,,0.0,6016
37116,HIV,,,0.0,1280
37117,HIV,,,0.0,12746
37118,HIV,,,0.0,1280
37119,HIV,,,0.0,12719
37120,HIV,,,0.0,2800
37121,HIV,,,0.0,12747
37122,HIV,,,0.0,12748
37123,HIV,,,0.0,12749
37124,HIV,,,0.0,12750
37125,HIV,,,0.0,12751
37126,HIV,,,0.0,12745
37127,HIV,,,0.0,12752
37128,HIV,,,0.0,12753
37129,HIV,,,0.0,12754
37130,HIV,,,0.0,1280
37131,HIV,,,0.0,12755
37132,HIV,,,0.0,12756
37133,HIV,,,0.0,2800
37134,HIV,,,0.0,12757
37135,HIV,,,0.0,1280
37136,HIV,,,0.0,12758
37137,HIV,,,0.0,10633
37138,HIV,,,0.0,12759
37139,HIV,,,0.0,14106
37140,HIV,,,0.0,14106
37141,HIV,,,0.0,12760
37142,HIV,,,0.0,1280
37143,HIV,,,0.0,12762
37144,HIV,,,0.0,12761
37145,HIV,,,0.0,12762
37146,HIV,,,0.0,12763
37147,HIV,,,0.0,12767
37148,HIV,,,0.0,12764
37149,HIV,,,0.0,12765
37150,HIV,,,0.0,12766
37151,HIV,,,0.0,12767
37152,HIV,,,0.0,12767
37153,HIV,,,0.0,12767
37154,HIV,,,0.0,12768
37155,HIV,,,0.0,12767
37156,HIV,,,0.0,7132
37157,HIV,,,0.0,7132
37158,HIV,,,0.0,7132
37159,HIV,,,0.0,7132
37160,HIV,,,0.0,7132
37161,HIV,,,0.0,12769
37162,HIV,,,0.0,12769
37163,HIV,,,0.0,12769
37164,HIV,,,0.0,12769
37165,HIV,,,0.0,12769
37166,HIV,,,0.0,12769
37167,HIV,,,0.0,12769
37168,HIV,,,0.0,3309
37169,HIV,,,0.0,8786
37170,HIV,,,0.0,8786
37171,HIV,,,0.0,8786
37172,HIV,,,0.0,8786
37173,HIV,,,0.0,11910
37174,HIV,,,0.0,11910
37175,HIV,,,0.0,11910
37176,HIV,,,0.0,12770
37177,HIV,,,0.0,2546
37178,HIV,,,0.0,2546
37179,HIV,,,0.0,2546
37180,HIV,,,0.0,6801
37181,HIV,,,0.0,13049
37182,HIV,,,0.0,12771
37183,HIV,,,0.0,8786
37184,HIV,,,0.0,12772
37185,HIV,,,0.0,12772
37186,HIV,,,0.0,12773
37187,HIV,,,0.0,12774
37188,HIV,,,0.0,205
37189,HIV,,,0.0,12775
37190,HIV,,,0.0,441
37191,HIV,,,0.0,12776
37192,HIV,,,0.0,8786
37193,HIV,,,0.0,6801
37194,HIV,,,0.0,6801
37195,HIV,,,0.0,5
37196,HIV,,,0.0,12777
37197,HIV,,,0.0,12778
37198,HIV,,,0.0,7388
37199,HIV,,,0.0,12779
37200,HIV,,,0.0,12780
37201,HIV,,,0.0,12780
37202,HIV,,,0.0,12781
37203,HIV,,,0.0,12782
37204,HIV,,,0.0,10400
37205,HIV,,,0.0,10400
37206,HIV,,,0.0,10400
37207,HIV,,,0.0,10400
37208,HIV,,,0.0,10400
37209,HIV,,,0.0,10400
37210,HIV,,,0.0,10400
37211,HIV,,,0.0,10400
37212,HIV,,,0.0,8903
37213,HIV,,,0.0,8903
37214,HIV,,,0.0,3138
37215,HIV,,,0.0,3138
37216,HIV,,,0.0,12783
37217,HIV,,,0.0,10400
37218,HIV,,,0.0,10400
37219,HIV,,,0.0,10400
37220,HIV,,,0.0,10400
37221,HIV,,,0.0,10400
37222,HIV,,,0.0,12784
37223,HIV,,,0.0,12784
37224,HIV,,,0.0,12785
37225,HIV,,,0.0,12786
37226,HIV,,,0.0,9508
37227,HIV,,,0.0,9508
37228,HIV,,,0.0,9508
37229,HIV,,,0.0,13032
37230,HIV,,,0.0,9508
37231,HIV,,,0.0,9508
37232,HIV,,,0.0,9508
37233,HIV,,,0.0,9508
37234,HIV,,,0.0,13032
37235,HIV,,,0.0,13033
37236,HIV,,,0.0,5363
37237,HIV,,,0.0,5363
37238,HIV,,,0.0,12557
37239,HIV,,,0.0,12787
37240,HIV,,,0.0,12557
37241,HIV,,,0.0,12788
37242,HIV,,,0.0,12788
37243,HIV,,,0.0,12789
37244,HIV,,,0.0,12789
37245,HIV,,,0.0,12789
37246,HIV,,,0.0,12789
37247,HIV,,,0.0,12790
37248,HIV,,,0.0,12791
37249,HIV,,,0.0,12792
37250,HIV,,,0.0,12793
37251,HIV,,,0.0,12794
37252,HIV,,,0.0,7388
37253,HIV,,,0.0,7388
37254,HIV,,,0.0,7388
37255,HIV,,,0.0,5363
37256,HIV,,,0.0,5363
37257,HIV,,,0.0,5363
37258,HIV,,,0.0,12795
37259,HIV,,,0.0,12796
37260,HIV,,,0.0,12797
37261,HIV,,,0.0,6908
37262,HIV,,,0.0,12798
37263,HIV,,,0.0,5363
37264,HIV,,,0.0,12799
37265,HIV,,,0.0,12800
37266,HIV,,,0.0,12800
37267,HIV,,,0.0,5363
37268,HIV,,,0.0,5363
37269,HIV,,,0.0,12801
37270,HIV,,,0.0,12802
37271,HIV,,,0.0,13419
37272,HIV,,,0.0,3279
37273,HIV,,,0.0,12803
37274,HIV,,,0.0,12804
37275,HIV,,,0.0,12805
37276,HIV,,,0.0,12806
37277,HIV,,,0.0,12807
37278,HIV,,,0.0,5363
37279,HIV,,,0.0,12808
37280,HIV,,,0.0,12809
37281,HIV,,,0.0,12810
37282,HIV,,,0.0,12811
37283,HIV,,,0.0,12812
37284,HIV,,,0.0,12813
37285,HIV,,,0.0,12814
37286,HIV,,,0.0,12815
37287,HIV,,,0.0,12816
37288,HIV,,,0.0,12817
37289,HIV,,,0.0,12817
37290,HIV,,,0.0,12818
37291,HIV,,,0.0,4876
37292,HIV,,,0.0,12819
37293,HIV,,,0.0,5363
37294,HIV,,,0.0,12820
37295,HIV,,,0.0,7576
37296,HIV,,,0.0,12821
37297,HIV,,,0.0,5363
37298,HIV,,,0.0,12822
37299,HIV,,,0.0,441
37300,HIV,,,0.0,2800
37301,HIV,,,0.0,5424
37302,HIV,,,0.0,5424
37303,HIV,,,0.0,12823
37304,HIV,,,0.0,12824
37305,HIV,,,0.0,7591
37306,HIV,,,0.0,7591
37307,HIV,,,0.0,7591
37308,HIV,,,0.0,7591
37309,HIV,,,0.0,7591
37310,HIV,,,0.0,7591
37311,HIV,,,0.0,7591
37312,HIV,,,0.0,7591
37313,HIV,,,0.0,7591
37314,HIV,,,0.0,7591
37315,HIV,,,0.0,7591
37316,HIV,,,0.0,36
37317,HIV,,,0.0,36
37318,HIV,,,0.0,36
37319,HIV,,,0.0,36
37320,HIV,,,0.0,36
37321,HIV,,,0.0,36
37322,HIV,,,0.0,36
37323,HIV,,,0.0,36
37324,HIV,,,0.0,36
37325,HIV,,,0.0,10633
37326,HIV,,,0.0,10633
37327,HIV,,,0.0,36
37328,HIV,,,0.0,5165
37329,HIV,,,0.0,5165
37330,HIV,,,0.0,5165
37331,HIV,,,0.0,11069
37332,HIV,,,0.0,11069
37333,HIV,,,0.0,12825
37334,HIV,,,0.0,12826
37335,HIV,,,0.0,12827
37336,HIV,,,0.0,12827
37337,HIV,,,0.0,335
37338,HIV,,,0.0,7928
37339,HIV,,,0.0,12828
37340,HIV,,,0.0,12828
37341,HIV,,,0.0,12828
37342,HIV,,,0.0,12829
37343,HIV,,,0.0,10862
37344,HIV,,,0.0,10862
37345,HIV,,,0.0,3279
37346,HIV,,,0.0,10862
37347,HIV,,,0.0,12830
37348,HIV,,,0.0,12830
37349,HIV,,,0.0,12830
37350,HIV,,,0.0,12830
37351,HIV,,,0.0,12831
37352,HIV,,,0.0,10491
37353,HIV,,,0.0,12832
37354,HIV,,,0.0,12833
37355,HIV,,,0.0,12833
37356,HIV,,,0.0,12834
37357,HIV,,,0.0,8903
37358,HIV,,,0.0,8903
37359,HIV,,,0.0,8903
37360,HIV,,,0.0,8903
37361,HIV,,,0.0,8903
37362,HIV,,,0.0,8903
37363,HIV,,,0.0,8903
37364,HIV,,,0.0,8903
37365,HIV,,,0.0,8903
37366,HIV,,,0.0,12835
37367,HIV,,,0.0,12835
37368,HIV,,,0.0,12836
37369,HIV,,,0.0,5165
37370,HIV,,,0.0,5165
37371,HIV,,,0.0,5165
37372,HIV,,,0.0,12837
37373,HIV,,,1.0,5
37374,HIV,,,0.0,5
37375,HIV,,,0.0,12838
37376,HIV,,,0.0,12838
37377,HIV,,,0.0,12839
37378,HIV,,,0.0,12839
37379,HIV,,,0.0,12839
37380,HIV,,,0.0,12839
37381,HIV,,,0.0,12839
37382,HIV,,,0.0,12839
37383,HIV,,,0.0,12840
37384,HIV,,,0.0,12840
37385,HIV,,,0.0,12840
37386,HIV,,,0.0,12841
37387,HIV,,,0.0,12841
37388,HIV,,,0.0,12841
37389,HIV,,,0.0,12841
37390,HIV,,,0.0,12842
37391,HIV,,,0.0,8478
37392,HIV,,,0.0,12843
37393,HIV,,,0.0,12844
37394,HIV,,,0.0,5363
37395,HIV,,,0.0,12845
37396,HIV,,,0.0,12846
37397,HIV,,,0.0,335
37398,HIV,,,0.0,335
37399,HIV,,,0.0,3021
37400,HIV,,,0.0,3021
37401,HIV,,,0.0,3021
37402,HIV,,,0.0,3021
37403,HIV,,,0.0,3021
37404,HIV,,,0.0,3021
37405,HIV,,,0.0,3021
37406,HIV,,,0.0,335
37407,HIV,,,0.0,335
37408,HIV,,,1.0,335
37409,HIV,,,0.0,335
37410,HIV,,,0.0,335
37411,HIV,,,0.0,3021
37412,HIV,,,0.0,3021
37413,HIV,,,0.0,3021
37414,HIV,,,0.0,3021
37415,HIV,,,0.0,14106
37416,HIV,,,0.0,14106
37417,HIV,,,0.0,12847
37418,HIV,,,0.0,12848
37419,HIV,,,0.0,2473
37420,HIV,,,0.0,10491
37421,HIV,,,0.0,12849
37422,HIV,,,0.0,13419
37423,HIV,,,0.0,12850
37424,HIV,,,0.0,12850
37425,HIV,,,0.0,12851
37426,HIV,,,0.0,12851
37427,HIV,,,0.0,12851
37428,HIV,,,1.0,12852
37429,HIV,,,1.0,12853
37430,HIV,,,0.0,12853
37431,HIV,,,0.0,2473
37432,HIV,,,0.0,12855
37433,HIV,,,0.0,2473
37434,HIV,,,0.0,12854
37435,HIV,,,0.0,12854
37436,HIV,,,0.0,2473
37437,HIV,,,0.0,2473
37438,HIV,,,0.0,2473
37439,HIV,,,0.0,2473
37440,HIV,,,0.0,12855
37441,HIV,,,0.0,2473
37442,HIV,,,0.0,12856
37443,HIV,,,0.0,12857
37444,HIV,,,0.0,12857
37445,HIV,,,0.0,12857
37446,HIV,,,0.0,12858
37447,HIV,,,0.0,12858
37448,HIV,,,0.0,12858
37449,HIV,,,0.0,12858
37450,HIV,,,0.0,12858
37451,HIV,,,0.0,12858
37452,HIV,,,0.0,12858
37453,HIV,,,0.0,12858
37454,HIV,,,0.0,12858
37455,HIV,,,0.0,12858
37456,HIV,,,0.0,12858
37457,HIV,,,0.0,12858
37458,HIV,,,0.0,12858
37459,HIV,,,0.0,12858
37460,HIV,,,0.0,12858
37461,HIV,,,0.0,12858
37462,HIV,,,0.0,12858
37463,HIV,,,0.0,12858
37464,HIV,,,0.0,12859
37465,HIV,,,0.0,10119
37466,HIV,,,0.0,12860
37467,HIV,,,0.0,12860
37468,HIV,,,0.0,12859
37469,HIV,,,0.0,12955
37470,HIV,,,0.0,2659
37471,HIV,,,0.0,10119
37472,HIV,,,0.0,2659
37473,HIV,,,0.0,12861
37474,HIV,,,0.0,12861
37475,HIV,,,0.0,12861
37476,HIV,,,0.0,12861
37477,HIV,,,0.0,12861
37478,HIV,,,0.0,12861
37479,HIV,,,0.0,12862
37480,HIV,,,0.0,12862
37481,HIV,,,0.0,12862
37482,HIV,,,0.0,12863
37483,HIV,,,0.0,12863
37484,HIV,,,0.0,12864
37485,HIV,,,0.0,12865
37486,HIV,,,1.0,3021
37487,HIV,,,0.0,13986
37488,HIV,,,1.0,12866
37489,HIV,,,0.0,12867
37490,HIV,,,0.0,12868
37491,HIV,,,0.0,12869
37492,HIV,,,0.0,12870
37493,HIV,,,0.0,5992
37494,HIV,,,0.0,5992
37495,HIV,,,1.0,5992
37496,HIV,,,0.0,12871
37497,HIV,,,0.0,12872
37498,HIV,,,0.0,4548
37499,HIV,,,0.0,4548
37500,HIV,,,0.0,4548
37501,HIV,,,0.0,4548
37502,HIV,,,0.0,4548
37503,HIV,,,0.0,2546
37504,HIV,,,0.0,2546
37505,HIV,,,0.0,2546
37506,HIV,,,0.0,2546
37507,HIV,,,0.0,12873
37508,HIV,,,0.0,12874
37509,HIV,,,0.0,12874
37510,HIV,,,0.0,12874
37511,HIV,,,0.0,5424
37512,HIV,,,0.0,5424
37513,HIV,,,0.0,5424
37514,HIV,,,0.0,12875
37515,HIV,,,0.0,5424
37516,HIV,,,0.0,5424
37517,HIV,,,0.0,5424
37518,HIV,,,0.0,5424
37519,HIV,,,0.0,5424
37520,HIV,,,0.0,5424
37521,HIV,,,0.0,5424
37522,HIV,,,0.0,12876
37523,HIV,,,0.0,5893
37524,HIV,,,0.0,12881
37525,HIV,,,0.0,12877
37526,HIV,,,0.0,12878
37527,HIV,,,0.0,5363
37528,HIV,,,0.0,12879
37529,HIV,,,0.0,5363
37530,HIV,,,0.0,12880
37531,HIV,,,0.0,5424
37532,HIV,,,0.0,5424
37533,HIV,,,0.0,5424
37534,HIV,,,0.0,12881
37535,HIV,,,1.0,6801
37536,HIV,,,1.0,4548
37537,HIV,,,0.0,14017
37538,HIV,,,0.0,13651
37539,HIV,,,0.0,13651
37540,HIV,,,0.0,13651
37541,HIV,,,0.0,10746
37542,HIV,,,0.0,10746
37543,HIV,,,0.0,10746
37544,HIV,,,0.0,10746
37545,HIV,,,0.0,10746
37546,HIV,,,0.0,12882
37547,HIV,,,0.0,2546
37548,HIV,,,0.0,7591
37549,HIV,,,0.0,7591
37550,HIV,,,0.0,285
37551,HIV,,,0.0,285
37552,HIV,,,0.0,7591
37553,HIV,,,0.0,7591
37554,HIV,,,0.0,7591
37555,HIV,,,0.0,12883
37556,HIV,,,0.0,12883
37557,HIV,,,0.0,12884
37558,HIV,,,0.0,12884
37559,HIV,,,0.0,12885
37560,HIV,,,0.0,12886
37561,HIV,,,0.0,12887
37562,HIV,,,0.0,8686
37563,HIV,,,0.0,12891
37564,HIV,,,0.0,12891
37565,HIV,,,0.0,12891
37566,HIV,,,0.0,12888
37567,HIV,,,0.0,12891
37568,HIV,,,0.0,12889
37569,HIV,,,0.0,12893
37570,HIV,,,0.0,12890
37571,HIV,,,0.0,12891
37572,HIV,,,0.0,12893
37573,HIV,,,0.0,12891
37574,HIV,,,0.0,12891
37575,HIV,,,0.0,12891
37576,HIV,,,0.0,12891
37577,HIV,,,0.0,12892
37578,HIV,,,0.0,12893
37579,HIV,,,0.0,12894
37580,HIV,,,0.0,12894
37581,HIV,,,0.0,12893
37582,HIV,,,0.0,12894
37583,HIV,,,1.0,12893
37584,HIV,,,0.0,12893
37585,HIV,,,0.0,12891
37586,HIV,,,0.0,12891
37587,HIV,,,0.0,2546
37588,HIV,,,1.0,12893
37589,HIV,,,0.0,2546
37590,HIV,,,0.0,12895
37591,HIV,,,0.0,9201
37592,HIV,,,0.0,12243
37593,HIV,,,0.0,12245
37594,HIV,,,0.0,9200
37595,HIV,,,0.0,12243
37596,HIV,,,0.0,12243
37597,HIV,,,0.0,12243
37598,HIV,,,0.0,12243
37599,HIV,,,0.0,12243
37600,HIV,,,0.0,9201
37601,HIV,,,0.0,12896
37602,HIV,,,0.0,8959
37603,HIV,,,0.0,12898
37604,HIV,,,0.0,12899
37605,HIV,,,0.0,36
37606,HIV,,,0.0,7132
37607,HIV,,,0.0,12897
37608,HIV,,,0.0,12899
37609,HIV,,,0.0,36
37610,HIV,,,0.0,7132
37611,HIV,,,0.0,7132
37612,HIV,,,0.0,12897
37613,HIV,,,0.0,12897
37614,HIV,,,0.0,8959
37615,HIV,,,0.0,12898
37616,HIV,,,0.0,12899
37617,HIV,,,0.0,1330
37618,HIV,,,0.0,12900
37619,HIV,,,0.0,12901
37620,HIV,,,0.0,12902
37621,HIV,,,0.0,12903
37622,HIV,,,0.0,12904
37623,HIV,,,0.0,12904
37624,HIV,,,0.0,12905
37625,HIV,,,0.0,12907
37626,HIV,,,0.0,12906
37627,HIV,,,1.0,12906
37628,HIV,,,0.0,12906
37629,HIV,,,0.0,12907
37630,HIV,,,0.0,12906
37631,HIV,,,0.0,12908
37632,HIV,,,0.0,12908
37633,HIV,,,0.0,3279
37634,HIV,,,0.0,6016
37635,HIV,,,0.0,12909
37636,HIV,,,0.0,12910
37637,HIV,,,0.0,1280
37638,HIV,,,0.0,1280
37639,HIV,,,0.0,12911
37640,HIV,,,0.0,12911
37641,HIV,,,0.0,12912
37642,HIV,,,0.0,3997
37643,HIV,,,0.0,5992
37644,HIV,,,0.0,12913
37645,HIV,,,0.0,12915
37646,HIV,,,0.0,12915
37647,HIV,,,0.0,12914
37648,HIV,,,0.0,12915
37649,HIV,,,0.0,12915
37650,HIV,,,0.0,12916
37651,HIV,,,0.0,12917
37652,HIV,,,0.0,12918
37653,HIV,,,0.0,12919
37654,HIV,,,0.0,12919
37655,HIV,,,0.0,5165
37656,HIV,,,0.0,5165
37657,HIV,,,0.0,12455
37658,HIV,,,0.0,5165
37659,HIV,,,0.0,5165
37660,HIV,,,0.0,5165
37661,HIV,,,0.0,12920
37662,HIV,,,0.0,13642
37663,HIV,,,0.0,5165
37664,HIV,,,0.0,12920
37665,HIV,,,0.0,5165
37666,HIV,,,0.0,5165
37667,HIV,,,0.0,5165
37668,HIV,,,0.0,5718
37669,HIV,,,1.0,5718
37670,HIV,,,0.0,12921
37671,HIV,,,0.0,12922
37672,HIV,,,0.0,5718
37673,HIV,,,0.0,5718
37674,HIV,,,1.0,12923
37675,HIV,,,0.0,5363
37676,HIV,,,0.0,5363
37677,HIV,,,0.0,12924
37678,HIV,,,0.0,12925
37679,HIV,,,0.0,12926
37680,HIV,,,0.0,441
37681,HIV,,,0.0,441
37682,HIV,,,0.0,12927
37683,HIV,,,0.0,12928
37684,HIV,,,0.0,12929
37685,HIV,,,0.0,12930
37686,HIV,,,0.0,12931
37687,HIV,,,0.0,10905
37688,HIV,,,0.0,12932
37689,HIV,,,0.0,12933
37690,HIV,,,0.0,5363
37691,HIV,,,0.0,5363
37692,HIV,,,0.0,5363
37693,HIV,,,0.0,5363
37694,HIV,,,0.0,5363
37695,HIV,,,0.0,5363
37696,HIV,,,0.0,12934
37697,HIV,,,0.0,12935
37698,HIV,,,0.0,12935
37699,HIV,,,0.0,12935
37700,HIV,,,0.0,12935
37701,HIV,,,0.0,12936
37702,HIV,,,0.0,12936
37703,HIV,,,0.0,10138
37704,HIV,,,0.0,10138
37705,HIV,,,0.0,10138
37706,HIV,,,0.0,10138
37707,HIV,,,0.0,12938
37708,HIV,,,0.0,12939
37709,HIV,,,0.0,10138
37710,HIV,,,0.0,12937
37711,HIV,,,0.0,12938
37712,HIV,,,0.0,12939
37713,HIV,,,0.0,12939
37714,HIV,,,0.0,12939
37715,HIV,,,0.0,7591
37716,HIV,,,0.0,5363
37717,HIV,,,0.0,5363
37718,HIV,,,0.0,5363
37719,HIV,,,0.0,11358
37720,HIV,,,0.0,12940
37721,HIV,,,0.0,12990
37722,HIV,,,0.0,2546
37723,HIV,,,0.0,2546
37724,HIV,,,0.0,11399
37725,HIV,,,0.0,12990
37726,HIV,,,0.0,2546
37727,HIV,,,0.0,2546
37728,HIV,,,0.0,12941
37729,HIV,,,0.0,12942
37730,HIV,,,0.0,12943
37731,HIV,,,0.0,12943
37732,HIV,,,0.0,285
37733,HIV,,,0.0,12944
37734,HIV,,,0.0,12945
37735,HIV,,,0.0,12946
37736,HIV,,,0.0,12947
37737,HIV,,,0.0,3499
37738,HIV,,,0.0,3400
37739,HIV,,,0.0,12948
37740,HIV,,,0.0,9512
37741,HIV,,,0.0,9951
37742,HIV,,,0.0,12949
37743,HIV,,,0.0,12950
37744,HIV,,,0.0,5
37745,HIV,,,0.0,12951
37746,HIV,,,0.0,5363
37747,HIV,,,0.0,12297
37748,HIV,,,0.0,12243
37749,HIV,,,0.0,12952
37750,HIV,,,1.0,12953
37751,HIV,,,0.0,7388
37752,HIV,,,0.0,7388
37753,HIV,,,0.0,7388
37754,HIV,,,0.0,7591
37755,HIV,,,0.0,7591
37756,HIV,,,0.0,7591
37757,HIV,,,0.0,7591
37758,HIV,,,0.0,7591
37759,HIV,,,0.0,7591
37760,HIV,,,0.0,7337
37761,HIV,,,0.0,7337
37762,HIV,,,0.0,7337
37763,HIV,,,0.0,7337
37764,HIV,,,0.0,7337
37765,HIV,,,0.0,12954
37766,HIV,,,0.0,12955
37767,HIV,,,0.0,12955
37768,HIV,,,0.0,12955
37769,HIV,,,0.0,12955
37770,HIV,,,0.0,7337
37771,HIV,,,1.0,12684
37772,HIV,,,0.0,12955
37773,HIV,,,0.0,12955
37774,HIV,,,0.0,12955
37775,HIV,,,0.0,12955
37776,HIV,,,0.0,5250
37777,HIV,,,0.0,5250
37778,HIV,,,0.0,5250
37779,HIV,,,0.0,5250
37780,HIV,,,0.0,5250
37781,HIV,,,0.0,5250
37782,HIV,,,0.0,5250
37783,HIV,,,0.0,5250
37784,HIV,,,0.0,5250
37785,HIV,,,0.0,5250
37786,HIV,,,0.0,5250
37787,HIV,,,0.0,5250
37788,HIV,,,0.0,5250
37789,HIV,,,0.0,5250
37790,HIV,,,0.0,12021
37791,HIV,,,0.0,12021
37792,HIV,,,0.0,12957
37793,HIV,,,0.0,12956
37794,HIV,,,0.0,13435
37795,HIV,,,0.0,12957
37796,HIV,,,0.0,12958
37797,HIV,,,0.0,12958
37798,HIV,,,0.0,12959
37799,HIV,,,0.0,12960
37800,HIV,,,1.0,13419
37801,HIV,,,1.0,13419
37802,HIV,,,0.0,13419
37803,HIV,,,0.0,13419
37804,HIV,,,1.0,13419
37805,HIV,,,0.0,13419
37806,HIV,,,0.0,13419
37807,HIV,,,0.0,13419
37808,HIV,,,0.0,8971
37809,HIV,,,0.0,12961
37810,HIV,,,0.0,12962
37811,HIV,,,0.0,12145
37812,HIV,,,0.0,8971
37813,HIV,,,0.0,8971
37814,HIV,,,0.0,98
37815,HIV,,,0.0,3138
37816,HIV,,,0.0,3138
37817,HIV,,,0.0,3138
37818,HIV,,,0.0,3138
37819,HIV,,,0.0,3138
37820,HIV,,,0.0,3138
37821,HIV,,,0.0,3138
37822,HIV,,,0.0,3138
37823,HIV,,,0.0,3138
37824,HIV,,,0.0,3138
37825,HIV,,,0.0,12963
37826,HIV,,,0.0,12963
37827,HIV,,,0.0,12963
37828,HIV,,,0.0,12964
37829,HIV,,,0.0,12964
37830,HIV,,,0.0,5363
37831,HIV,,,0.0,5363
37832,HIV,,,0.0,5363
37833,HIV,,,0.0,12965
37834,HIV,,,0.0,5363
37835,HIV,,,0.0,5363
37836,HIV,,,0.0,5363
37837,HIV,,,0.0,12966
37838,HIV,,,0.0,12967
37839,HIV,,,0.0,7215
37840,HIV,,,0.0,7215
37841,HIV,,,0.0,12968
37842,HIV,,,0.0,12969
37843,HIV,,,0.0,12970
37844,HIV,,,0.0,12971
37845,HIV,,,0.0,10984
37846,HIV,,,0.0,12972
37847,HIV,,,0.0,12973
37848,HIV,,,0.0,12974
37849,HIV,,,0.0,12975
37850,HIV,,,0.0,10989
37851,HIV,,,0.0,12976
37852,HIV,,,0.0,12976
37853,HIV,,,0.0,12976
37854,HIV,,,0.0,12976
37855,HIV,,,0.0,12977
37856,HIV,,,0.0,12979
37857,HIV,,,0.0,12979
37858,HIV,,,0.0,12978
37859,HIV,,,0.0,12979
37860,HIV,,,0.0,12980
37861,HIV,,,0.0,6016
37862,HIV,,,1.0,4548
37863,HIV,,,0.0,12981
37864,HIV,,,0.0,12981
37865,HIV,,,0.0,12981
37866,HIV,,,0.0,12982
37867,HIV,,,0.0,12982
37868,HIV,,,0.0,12983
37869,HIV,,,0.0,8959
37870,HIV,,,0.0,8959
37871,HIV,,,0.0,12981
37872,HIV,,,0.0,12981
37873,HIV,,,0.0,12981
37874,HIV,,,0.0,12981
37875,HIV,,,0.0,12985
37876,HIV,,,0.0,12984
37877,HIV,,,0.0,12985
37878,HIV,,,0.0,12985
37879,HIV,,,0.0,12985
37880,HIV,,,0.0,12985
37881,HIV,,,0.0,12985
37882,HIV,,,0.0,12985
37883,HIV,,,0.0,12985
37884,HIV,,,0.0,12985
37885,HIV,,,0.0,12985
37886,HIV,,,0.0,12985
37887,HIV,,,0.0,12986
37888,HIV,,,0.0,12996
37889,HIV,,,0.0,12987
37890,HIV,,,0.0,12988
37891,HIV,,,0.0,12417
37892,HIV,,,0.0,5363
37893,HIV,,,0.0,12990
37894,HIV,,,0.0,12989
37895,HIV,,,0.0,5363
37896,HIV,,,0.0,12990
37897,HIV,,,0.0,12555
37898,HIV,,,0.0,12991
37899,HIV,,,0.0,12992
37900,HIV,,,0.0,12990
37901,HIV,,,0.0,12417
37902,HIV,,,0.0,12993
37903,HIV,,,0.0,12994
37904,HIV,,,0.0,12990
37905,HIV,,,0.0,12995
37906,HIV,,,0.0,12990
37907,HIV,,,0.0,12990
37908,HIV,,,0.0,12996
37909,HIV,,,0.0,12997
37910,HIV,,,0.0,12998
37911,HIV,,,0.0,12999
37912,HIV,,,0.0,13000
37913,HIV,,,0.0,13001
37914,HIV,,,0.0,13001
37915,HIV,,,0.0,13002
37916,HIV,,,0.0,441
37917,HIV,,,0.0,12273
37918,HIV,,,0.0,12273
37919,HIV,,,0.0,12273
37920,HIV,,,0.0,12273
37921,HIV,,,0.0,13003
37922,HIV,,,0.0,12273
37923,HIV,,,0.0,12273
37924,HIV,,,0.0,13004
37925,HIV,,,0.0,12273
37926,HIV,,,0.0,12273
37927,HIV,,,0.0,12273
37928,HIV,,,0.0,12273
37929,HIV,,,0.0,12273
37930,HIV,,,0.0,13004
37931,HIV,,,0.0,12273
37932,HIV,,,0.0,12273
37933,HIV,,,0.0,13004
37934,HIV,,,0.0,12273
37935,HIV,,,0.0,12273
37936,HIV,,,0.0,12273
37937,HIV,,,0.0,12273
37938,HIV,,,0.0,12273
37939,HIV,,,0.0,12273
37940,HIV,,,0.0,13005
37941,HIV,,,0.0,13006
37942,HIV,,,0.0,13005
37943,HIV,,,0.0,13006
37944,HIV,,,0.0,13005
37945,HIV,,,0.0,13006
37946,HIV,,,0.0,13009
37947,HIV,,,0.0,13009
37948,HIV,,,0.0,13009
37949,HIV,,,0.0,441
37950,HIV,,,0.0,13009
37951,HIV,,,0.0,1016
37952,HIV,,,0.0,13007
37953,HIV,,,0.0,13008
37954,HIV,,,0.0,13009
37955,HIV,,,0.0,13009
37956,HIV,,,0.0,13010
37957,HIV,,,0.0,13011
37958,HIV,,,0.0,13011
37959,HIV,,,0.0,13011
37960,HIV,,,0.0,2546
37961,HIV,,,0.0,2546
37962,HIV,,,0.0,5363
37963,HIV,,,0.0,13012
37964,HIV,,,0.0,13013
37965,HIV,,,0.0,13013
37966,HIV,,,0.0,13012
37967,HIV,,,0.0,13014
37968,HIV,,,0.0,13014
37969,HIV,,,0.0,13015
37970,HIV,,,0.0,13014
37971,HIV,,,0.0,13016
37972,HIV,,,0.0,13017
37973,HIV,,,0.0,2546
37974,HIV,,,0.0,2546
37975,HIV,,,0.0,13018
37976,HIV,,,1.0,13019
37977,HIV,,,0.0,13019
37978,HIV,,,0.0,13020
37979,HIV,,,0.0,13021
37980,HIV,,,0.0,13022
37981,HIV,,,0.0,13023
37982,HIV,,,0.0,13024
37983,HIV,,,0.0,13024
37984,HIV,,,0.0,13024
37985,HIV,,,0.0,13024
37986,HIV,,,0.0,13023
37987,HIV,,,0.0,13024
37988,HIV,,,0.0,13024
37989,HIV,,,0.0,13024
37990,HIV,,,0.0,13024
37991,HIV,,,0.0,13024
37992,HIV,,,0.0,13024
37993,HIV,,,0.0,13024
37994,HIV,,,0.0,13025
37995,HIV,,,0.0,13025
37996,HIV,,,0.0,13887
37997,HIV,,,0.0,13026
37998,HIV,,,0.0,13026
37999,HIV,,,0.0,13027
38000,HIV,,,0.0,13027
38001,HIV,,,0.0,13027
38002,HIV,,,0.0,13027
38003,HIV,,,0.0,13161
38004,HIV,,,0.0,13028
38005,HIV,,,0.0,13161
38006,HIV,,,0.0,13161
38007,HIV,,,0.0,13029
38008,HIV,,,0.0,13029
38009,HIV,,,0.0,13030
38010,HIV,,,0.0,13029
38011,HIV,,,0.0,13031
38012,HIV,,,0.0,13032
38013,HIV,,,0.0,13032
38014,HIV,,,0.0,13033
38015,HIV,,,0.0,9508
38016,HIV,,,0.0,13034
38017,HIV,,,0.0,13035
38018,HIV,,,0.0,13036
38019,HIV,,,0.0,13037
38020,HIV,,,0.0,13037
38021,HIV,,,0.0,13037
38022,HIV,,,0.0,13037
38023,HIV,,,0.0,13037
38024,HIV,,,0.0,13037
38025,HIV,,,0.0,13037
38026,HIV,,,0.0,13037
38027,HIV,,,0.0,13038
38028,HIV,,,0.0,13038
38029,HIV,,,0.0,2341
38030,HIV,,,0.0,13039
38031,HIV,,,0.0,13040
38032,HIV,,,0.0,13041
38033,HIV,,,0.0,5718
38034,HIV,,,0.0,13042
38035,HIV,,,0.0,5718
38036,HIV,,,0.0,5718
38037,HIV,,,0.0,5718
38038,HIV,,,0.0,5718
38039,HIV,,,0.0,13043
38040,HIV,,,0.0,13048
38041,HIV,,,0.0,13044
38042,HIV,,,0.0,13045
38043,HIV,,,0.0,5718
38044,HIV,,,0.0,13046
38045,HIV,,,0.0,13047
38046,HIV,,,0.0,13048
38047,HIV,,,0.0,3021
38048,HIV,,,0.0,13049
38049,HIV,,,0.0,5
38050,HIV,,,0.0,441
38051,HIV,,,0.0,5
38052,HIV,,,0.0,10400
38053,HIV,,,0.0,5
38054,HIV,,,0.0,5165
38055,HIV,,,0.0,5
38056,HIV,,,0.0,10924
38057,HIV,,,1.0,13050
38058,HIV,,,0.0,5
38059,HIV,,,0.0,13051
38060,HIV,,,0.0,13054
38061,HIV,,,0.0,13051
38062,HIV,,,0.0,13052
38063,HIV,,,0.0,5424
38064,HIV,,,0.0,5363
38065,HIV,,,1.0,13053
38066,HIV,,,0.0,13053
38067,HIV,,,0.0,13053
38068,HIV,,,1.0,12605
38069,HIV,,,0.0,13054
38070,HIV,,,0.0,13059
38071,HIV,,,0.0,13055
38072,HIV,,,0.0,13054
38073,HIV,,,0.0,5363
38074,HIV,,,0.0,5718
38075,HIV,,,0.0,13056
38076,HIV,,,0.0,5424
38077,HIV,,,0.0,13057
38078,HIV,,,1.0,13054
38079,HIV,,,0.0,13058
38080,HIV,,,0.0,7576
38081,HIV,,,0.0,7576
38082,HIV,,,0.0,13051
38083,HIV,,,1.0,5
38084,HIV,,,0.0,13054
38085,HIV,,,0.0,13054
38086,HIV,,,0.0,13059
38087,HIV,,,0.0,13054
38088,HIV,,,0.0,12604
38089,HIV,,,0.0,12604
38090,HIV,,,0.0,1444
38091,HIV,,,0.0,13053
38092,HIV,,,0.0,13053
38093,HIV,,,0.0,13060
38094,HIV,,,0.0,7576
38095,HIV,,,1.0,13050
38096,HIV,,,0.0,7576
38097,HIV,,,0.0,5
38098,HIV,,,0.0,13061
38099,HIV,,,0.0,14106
38100,HIV,,,0.0,14106
38101,HIV,,,0.0,14106
38102,HIV,,,0.0,13062
38103,HIV,,,0.0,13063
38104,HIV,,,0.0,13064
38105,HIV,,,0.0,13065
38106,HIV,,,0.0,10746
38107,HIV,,,0.0,10746
38108,HIV,,,0.0,12214
38109,HIV,,,0.0,5759
38110,HIV,,,0.0,5363
38111,HIV,,,0.0,5363
38112,HIV,,,0.0,5363
38113,HIV,,,0.0,5363
38114,HIV,,,0.0,5363
38115,HIV,,,0.0,5363
38116,HIV,,,0.0,13066
38117,HIV,,,0.0,13066
38118,HIV,,,0.0,13066
38119,HIV,,,0.0,13066
38120,HIV,,,0.0,13067
38121,HIV,,,0.0,13067
38122,HIV,,,0.0,13068
38123,HIV,,,0.0,13069
38124,HIV,,,0.0,13086
38125,HIV,,,0.0,13070
38126,HIV,,,0.0,13070
38127,HIV,,,0.0,13070
38128,HIV,,,0.0,9449
38129,HIV,,,0.0,13071
38130,HIV,,,0.0,13072
38131,HIV,,,0.0,13073
38132,HIV,,,0.0,13074
38133,HIV,,,0.0,13075
38134,HIV,,,0.0,12633
38135,HIV,,,0.0,13076
38136,HIV,,,0.0,10138
38137,HIV,,,0.0,13077
38138,HIV,,,0.0,13078
38139,HIV,,,0.0,10138
38140,HIV,,,0.0,13079
38141,HIV,,,0.0,13080
38142,HIV,,,0.0,13080
38143,HIV,,,0.0,13081
38144,HIV,,,0.0,5501
38145,HIV,,,0.0,5501
38146,HIV,,,0.0,13082
38147,HIV,,,0.0,13083
38148,HIV,,,0.0,13084
38149,HIV,,,0.0,5501
38150,HIV,,,0.0,13085
38151,HIV,,,0.0,13081
38152,HIV,,,0.0,13086
38153,HIV,,,0.0,13086
38154,HIV,,,0.0,13086
38155,HIV,,,0.0,13086
38156,HIV,,,0.0,13087
38157,HIV,,,0.0,5363
38158,HIV,,,0.0,5363
38159,HIV,,,0.0,5363
38160,HIV,,,0.0,5363
38161,HIV,,,0.0,5363
38162,HIV,,,0.0,13088
38163,HIV,,,0.0,13089
38164,HIV,,,0.0,13089
38165,HIV,,,0.0,13090
38166,HIV,,,0.0,13091
38167,HIV,,,1.0,13092
38168,HIV,,,1.0,13093
38169,HIV,,,0.0,12011
38170,HIV,,,0.0,12011
38171,HIV,,,0.0,12011
38172,HIV,,,0.0,13094
38173,HIV,,,0.0,12011
38174,HIV,,,0.0,12011
38175,HIV,,,0.0,12011
38176,HIV,,,0.0,13095
38177,HIV,,,0.0,13095
38178,HIV,,,0.0,13095
38179,HIV,,,0.0,13096
38180,HIV,,,0.0,13096
38181,HIV,,,0.0,13096
38182,HIV,,,0.0,7591
38183,HIV,,,0.0,13097
38184,HIV,,,0.0,7591
38185,HIV,,,0.0,7591
38186,HIV,,,0.0,13098
38187,HIV,,,0.0,13099
38188,HIV,,,0.0,13100
38189,HIV,,,0.0,6801
38190,HIV,,,0.0,1830
38191,HIV,,,0.0,13104
38192,HIV,,,0.0,5992
38193,HIV,,,0.0,5992
38194,HIV,,,0.0,10956
38195,HIV,,,0.0,13101
38196,HIV,,,0.0,13102
38197,HIV,,,0.0,13103
38198,HIV,,,0.0,13104
38199,HIV,,,0.0,13104
38200,HIV,,,0.0,7591
38201,HIV,,,0.0,13105
38202,HIV,,,0.0,13106
38203,HIV,,,0.0,13107
38204,HIV,,,0.0,13106
38205,HIV,,,0.0,13108
38206,HIV,,,0.0,13109
38207,HIV,,,0.0,13109
38208,HIV,,,0.0,13110
38209,HIV,,,0.0,13111
38210,HIV,,,0.0,13109
38211,HIV,,,0.0,13112
38212,HIV,,,0.0,13113
38213,HIV,,,0.0,13114
38214,HIV,,,0.0,13115
38215,HIV,,,0.0,13116
38216,HIV,,,0.0,13117
38217,HIV,,,0.0,13118
38218,HIV,,,0.0,5165
38219,HIV,,,0.0,3279
38220,HIV,,,0.0,13119
38221,HIV,,,0.0,13120
38222,HIV,,,0.0,13121
38223,HIV,,,0.0,13122
38224,HIV,,,0.0,13123
38225,HIV,,,0.0,13124
38226,HIV,,,0.0,10746
38227,HIV,,,0.0,32
38228,HIV,,,0.0,13125
38229,HIV,,,0.0,5363
38230,HIV,,,0.0,13126
38231,HIV,,,0.0,3279
38232,HIV,,,0.0,5363
38233,HIV,,,0.0,3279
38234,HIV,,,0.0,3279
38235,HIV,,,0.0,5363
38236,HIV,,,0.0,13127
38237,HIV,,,0.0,13128
38238,HIV,,,0.0,13129
38239,HIV,,,0.0,5
38240,HIV,,,0.0,5363
38241,HIV,,,0.0,5
38242,HIV,,,0.0,13130
38243,HIV,,,0.0,1828
38244,HIV,,,0.0,1828
38245,HIV,,,0.0,13131
38246,HIV,,,0.0,3373
38247,HIV,,,0.0,13132
38248,HIV,,,0.0,441
38249,HIV,,,1.0,441
38250,HIV,,,0.0,3021
38251,HIV,,,0.0,3021
38252,HIV,,,0.0,13133
38253,HIV,,,0.0,13134
38254,HIV,,,0.0,13135
38255,HIV,,,0.0,7388
38256,HIV,,,0.0,7388
38257,HIV,,,0.0,13136
38258,HIV,,,0.0,13136
38259,HIV,,,0.0,13136
38260,HIV,,,0.0,13136
38261,HIV,,,0.0,13136
38262,HIV,,,0.0,12021
38263,HIV,,,0.0,13137
38264,HIV,,,0.0,12145
38265,HIV,,,0.0,12145
38266,HIV,,,0.0,12834
38267,HIV,,,0.0,441
38268,HIV,,,1.0,13138
38269,HIV,,,0.0,497
38270,HIV,,,0.0,497
38271,HIV,,,0.0,13140
38272,HIV,,,0.0,13139
38273,HIV,,,0.0,497
38274,HIV,,,0.0,13140
38275,HIV,,,0.0,13140
38276,HIV,,,0.0,13140
38277,HIV,,,0.0,13141
38278,HIV,,,0.0,13140
38279,HIV,,,0.0,5165
38280,HIV,,,0.0,13140
38281,HIV,,,0.0,5165
38282,HIV,,,0.0,11406
38283,HIV,,,0.0,497
38284,HIV,,,0.0,497
38285,HIV,,,0.0,13658
38286,HIV,,,0.0,13142
38287,HIV,,,0.0,13659
38288,HIV,,,0.0,13659
38289,HIV,,,0.0,13661
38290,HIV,,,0.0,13661
38291,HIV,,,0.0,13143
38292,HIV,,,0.0,13662
38293,HIV,,,0.0,13662
38294,HIV,,,0.0,13664
38295,HIV,,,0.0,7337
38296,HIV,,,0.0,6801
38297,HIV,,,0.0,12684
38298,HIV,,,0.0,7591
38299,HIV,,,0.0,7591
38300,HIV,,,0.0,7591
38301,HIV,,,0.0,7337
38302,HIV,,,0.0,12955
38303,HIV,,,0.0,12955
38304,HIV,,,0.0,12955
38305,HIV,,,0.0,13144
38306,HIV,,,0.0,13145
38307,HIV,,,0.0,12955
38308,HIV,,,0.0,13298
38309,HIV,,,0.0,13104
38310,HIV,,,0.0,13146
38311,HIV,,,0.0,7591
38312,HIV,,,0.0,7591
38313,HIV,,,0.0,5
38314,HIV,,,0.0,12041
38315,HIV,,,0.0,6441
38316,HIV,,,0.0,13147
38317,HIV,,,0.0,13148
38318,HIV,,,0.0,13149
38319,HIV,,,0.0,13150
38320,HIV,,,0.0,13256
38321,HIV,,,0.0,13151
38322,HIV,,,0.0,13152
38323,HIV,,,0.0,13256
38324,HIV,,,0.0,13153
38325,HIV,,,0.0,13367
38326,HIV,,,0.0,13256
38327,HIV,,,0.0,13256
38328,HIV,,,0.0,13256
38329,HIV,,,0.0,13154
38330,HIV,,,0.0,13155
38331,HIV,,,0.0,13156
38332,HIV,,,0.0,5
38333,HIV,,,0.0,13157
38334,HIV,,,0.0,5992
38335,HIV,,,0.0,13261
38336,HIV,,,0.0,13261
38337,HIV,,,0.0,12301
38338,HIV,,,0.0,13261
38339,HIV,,,0.0,13261
38340,HIV,,,0.0,13261
38341,HIV,,,0.0,13261
38342,HIV,,,0.0,335
38343,HIV,,,0.0,14033
38344,HIV,,,0.0,335
38345,HIV,,,1.0,12667
38346,HIV,,,0.0,13158
38347,HIV,,,0.0,13360
38348,HIV,,,0.0,13261
38349,HIV,,,0.0,13360
38350,HIV,,,0.0,335
38351,HIV,,,0.0,13360
38352,HIV,,,1.0,12667
38353,HIV,,,0.0,335
38354,HIV,,,0.0,13261
38355,HIV,,,0.0,14084
38356,HIV,,,0.0,335
38357,HIV,,,0.0,12667
38358,HIV,,,0.0,12915
38359,HIV,,,0.0,12915
38360,HIV,,,0.0,13159
38361,HIV,,,0.0,12915
38362,HIV,,,0.0,13160
38363,HIV,,,0.0,13161
38364,HIV,,,0.0,13161
38365,HIV,,,0.0,13161
38366,HIV,,,0.0,13161
38367,HIV,,,0.0,36
38368,HIV,,,0.0,36
38369,HIV,,,0.0,36
38370,HIV,,,0.0,13162
38371,HIV,,,0.0,13162
38372,HIV,,,0.0,13163
38373,HIV,,,0.0,13163
38374,HIV,,,0.0,13163
38375,HIV,,,0.0,7337
38376,HIV,,,0.0,6801
38377,HIV,,,0.0,7337
38378,HIV,,,0.0,7337
38379,HIV,,,0.0,13164
38380,HIV,,,0.0,5857
38381,HIV,,,0.0,9906
38382,HIV,,,0.0,13315
38383,HIV,,,0.0,13315
38384,HIV,,,0.0,1016
38385,HIV,,,0.0,13315
38386,HIV,,,0.0,13165
38387,HIV,,,0.0,12529
38388,HIV,,,0.0,12529
38389,HIV,,,0.0,6433
38390,HIV,,,0.0,6433
38391,HIV,,,0.0,6433
38392,HIV,,,0.0,7604
38393,HIV,,,0.0,13166
38394,HIV,,,0.0,13167
38395,HIV,,,0.0,13168
38396,HIV,,,1.0,6918
38397,HIV,,,1.0,335
38398,HIV,,,0.0,205
38399,HIV,,,0.0,205
38400,HIV,,,0.0,205
38401,HIV,,,0.0,205
38402,HIV,,,0.0,205
38403,HIV,,,0.0,205
38404,HIV,,,0.0,205
38405,HIV,,,0.0,13169
38406,HIV,,,0.0,13170
38407,HIV,,,0.0,13171
38408,HIV,,,0.0,13172
38409,HIV,,,0.0,1607
38410,HIV,,,0.0,13173
38411,HIV,,,0.0,13174
38412,HIV,,,0.0,13175
38413,HIV,,,0.0,13176
38414,HIV,,,0.0,13177
38415,HIV,,,0.0,1016
38416,HIV,,,0.0,10138
38417,HIV,,,0.0,10138
38418,HIV,,,0.0,6639
38419,HIV,,,0.0,13178
38420,HIV,,,0.0,13179
38421,HIV,,,0.0,13761
38422,HIV,,,0.0,13180
38423,HIV,,,0.0,13181
38424,HIV,,,0.0,5
38425,HIV,,,0.0,13182
38426,HIV,,,0.0,13183
38427,HIV,,,0.0,13183
38428,HIV,,,0.0,1280
38429,HIV,,,0.0,1280
38430,HIV,,,0.0,13184
38431,HIV,,,0.0,13185
38432,HIV,,,0.0,3021
38433,HIV,,,0.0,13186
38434,HIV,,,0.0,13187
38435,HIV,,,0.0,13188
38436,HIV,,,0.0,2473
38437,HIV,,,0.0,13189
38438,HIV,,,0.0,13190
38439,HIV,,,0.0,2473
38440,HIV,,,0.0,2473
38441,HIV,,,0.0,8903
38442,HIV,,,0.0,8903
38443,HIV,,,0.0,10400
38444,HIV,,,0.0,8903
38445,HIV,,,0.0,8903
38446,HIV,,,0.0,10400
38447,HIV,,,0.0,8903
38448,HIV,,,0.0,10400
38449,HIV,,,0.0,8903
38450,HIV,,,0.0,10400
38451,HIV,,,0.0,10400
38452,HIV,,,0.0,8903
38453,HIV,,,0.0,10400
38454,HIV,,,0.0,10400
38455,HIV,,,0.0,8903
38456,HIV,,,0.0,8903
38457,HIV,,,0.0,13191
38458,HIV,,,0.0,8686
38459,HIV,,,0.0,8686
38460,HIV,,,0.0,7833
38461,HIV,,,0.0,8686
38462,HIV,,,0.0,13192
38463,HIV,,,0.0,13193
38464,HIV,,,0.0,13194
38465,HIV,,,0.0,13195
38466,HIV,,,0.0,13196
38467,HIV,,,0.0,13196
38468,HIV,,,0.0,13197
38469,HIV,,,0.0,3279
38470,HIV,,,0.0,13198
38471,HIV,,,0.0,13199
38472,HIV,,,0.0,7604
38473,HIV,,,0.0,13200
38474,HIV,,,0.0,13201
38475,HIV,,,0.0,13202
38476,HIV,,,0.0,13203
38477,HIV,,,0.0,13204
38478,HIV,,,0.0,10279
38479,HIV,,,0.0,7604
38480,HIV,,,0.0,13205
38481,HIV,,,0.0,13206
38482,HIV,,,0.0,13207
38483,HIV,,,0.0,91
38484,HIV,,,0.0,13208
38485,HIV,,,0.0,13209
38486,HIV,,,0.0,6909
38487,HIV,,,0.0,13210
38488,HIV,,,0.0,13211
38489,HIV,,,0.0,13212
38490,HIV,,,0.0,91
38491,HIV,,,0.0,13213
38492,HIV,,,0.0,13214
38493,HIV,,,0.0,11056
38494,HIV,,,0.0,3759
38495,HIV,,,0.0,13215
38496,HIV,,,0.0,5165
38497,HIV,,,0.0,5165
38498,HIV,,,0.0,5165
38499,HIV,,,0.0,5165
38500,HIV,,,0.0,13216
38501,HIV,,,0.0,13216
38502,HIV,,,0.0,5165
38503,HIV,,,0.0,5165
38504,HIV,,,0.0,36
38505,HIV,,,0.0,36
38506,HIV,,,0.0,36
38507,HIV,,,0.0,3279
38508,HIV,,,0.0,12957
38509,HIV,,,0.0,12957
38510,HIV,,,0.0,12957
38511,HIV,,,0.0,12021
38512,HIV,,,0.0,12021
38513,HIV,,,0.0,12021
38514,HIV,,,0.0,13217
38515,HIV,,,0.0,13218
38516,HIV,,,0.0,13219
38517,HIV,,,0.0,13220
38518,HIV,,,0.0,13220
38519,HIV,,,0.0,13221
38520,HIV,,,0.0,13222
38521,HIV,,,0.0,11314
38522,HIV,,,0.0,13223
38523,HIV,,,0.0,11314
38524,HIV,,,0.0,13224
38525,HIV,,,0.0,11314
38526,HIV,,,0.0,13225
38527,HIV,,,0.0,13226
38528,HIV,,,0.0,3986
38529,HIV,,,0.0,13227
38530,HIV,,,0.0,13228
38531,HIV,,,0.0,13419
38532,HIV,,,0.0,13419
38533,HIV,,,0.0,13419
38534,HIV,,,0.0,13419
38535,HIV,,,0.0,13419
38536,HIV,,,0.0,13419
38537,HIV,,,0.0,13419
38538,HIV,,,0.0,13419
38539,HIV,,,0.0,13229
38540,HIV,,,0.0,13419
38541,HIV,,,0.0,8490
38542,HIV,,,0.0,13419
38543,HIV,,,0.0,13419
38544,HIV,,,0.0,13230
38545,HIV,,,0.0,13230
38546,HIV,,,0.0,13230
38547,HIV,,,0.0,13230
38548,HIV,,,0.0,13230
38549,HIV,,,0.0,13230
38550,HIV,,,0.0,13231
38551,HIV,,,0.0,13232
38552,HIV,,,0.0,13233
38553,HIV,,,0.0,13234
38554,HIV,,,0.0,13234
38555,HIV,,,0.0,13234
38556,HIV,,,0.0,13234
38557,HIV,,,0.0,13234
38558,HIV,,,0.0,13235
38559,HIV,,,0.0,13236
38560,HIV,,,0.0,13237
38561,HIV,,,0.0,13237
38562,HIV,,,0.0,13238
38563,HIV,,,0.0,13238
38564,HIV,,,0.0,13239
38565,HIV,,,0.0,5363
38566,HIV,,,0.0,13240
38567,HIV,,,0.0,13241
38568,HIV,,,0.0,13242
38569,HIV,,,0.0,13242
38570,HIV,,,0.0,13242
38571,HIV,,,0.0,13242
38572,HIV,,,0.0,13242
38573,HIV,,,0.0,13242
38574,HIV,,,0.0,13242
38575,HIV,,,0.0,13243
38576,HIV,,,0.0,13243
38577,HIV,,,0.0,13244
38578,HIV,,,0.0,13244
38579,HIV,,,0.0,13245
38580,HIV,,,0.0,13246
38581,HIV,,,0.0,6801
38582,HIV,,,0.0,6801
38583,HIV,,,0.0,6801
38584,HIV,,,0.0,6801
38585,HIV,,,0.0,13247
38586,HIV,,,0.0,13248
38587,HIV,,,0.0,13248
38588,HIV,,,0.0,3279
38589,HIV,,,0.0,3279
38590,HIV,,,0.0,3279
38591,HIV,,,0.0,1280
38592,HIV,,,0.0,1280
38593,HIV,,,0.0,12749
38594,HIV,,,0.0,1280
38595,HIV,,,0.0,1280
38596,HIV,,,0.0,3279
38597,HIV,,,0.0,1280
38598,HIV,,,0.0,1280
38599,HIV,,,0.0,441
38600,HIV,,,0.0,441
38601,HIV,,,0.0,5363
38602,HIV,,,0.0,13249
38603,HIV,,,0.0,9264
38604,HIV,,,0.0,5363
38605,HIV,,,0.0,5363
38606,HIV,,,0.0,5363
38607,HIV,,,0.0,12817
38608,HIV,,,0.0,13250
38609,HIV,,,0.0,10852
38610,HIV,,,0.0,13251
38611,HIV,,,0.0,5363
38612,HIV,,,0.0,1830
38613,HIV,,,0.0,13252
38614,HIV,,,0.0,13253
38615,HIV,,,0.0,13253
38616,HIV,,,0.0,13253
38617,HIV,,,0.0,13254
38618,HIV,,,0.0,13256
38619,HIV,,,0.0,13256
38620,HIV,,,0.0,13255
38621,HIV,,,0.0,13256
38622,HIV,,,0.0,13257
38623,HIV,,,0.0,13258
38624,HIV,,,0.0,13259
38625,HIV,,,0.0,13371
38626,HIV,,,0.0,13256
38627,HIV,,,0.0,13260
38628,HIV,,,0.0,13371
38629,HIV,,,0.0,335
38630,HIV,,,0.0,335
38631,HIV,,,0.0,335
38632,HIV,,,0.0,13261
38633,HIV,,,0.0,13261
38634,HIV,,,0.0,13261
38635,HIV,,,0.0,335
38636,HIV,,,1.0,12667
38637,HIV,,,1.0,12667
38638,HIV,,,1.0,12667
38639,HIV,,,0.0,5165
38640,HIV,,,0.0,5165
38641,HIV,,,0.0,5165
38642,HIV,,,0.0,5165
38643,HIV,,,0.0,5165
38644,HIV,,,0.0,5165
38645,HIV,,,0.0,13262
38646,HIV,,,0.0,13262
38647,HIV,,,0.0,13262
38648,HIV,,,0.0,13262
38649,HIV,,,0.0,13262
38650,HIV,,,0.0,13262
38651,HIV,,,0.0,5926
38652,HIV,,,0.0,13263
38653,HIV,,,0.0,13264
38654,HIV,,,0.0,13265
38655,HIV,,,0.0,13266
38656,HIV,,,0.0,13267
38657,HIV,,,0.0,3499
38658,HIV,,,0.0,13268
38659,HIV,,,0.0,1963
38660,HIV,,,0.0,13269
38661,HIV,,,0.0,13270
38662,HIV,,,0.0,13271
38663,HIV,,,0.0,13272
38664,HIV,,,0.0,13273
38665,HIV,,,0.0,13274
38666,HIV,,,0.0,13275
38667,HIV,,,0.0,5992
38668,HIV,,,0.0,13276
38669,HIV,,,0.0,11081
38670,HIV,,,0.0,13277
38671,HIV,,,0.0,13278
38672,HIV,,,0.0,13279
38673,HIV,,,0.0,13280
38674,HIV,,,0.0,13281
38675,HIV,,,0.0,13282
38676,HIV,,,0.0,13283
38677,HIV,,,0.0,13284
38678,HIV,,,0.0,13285
38679,HIV,,,0.0,13286
38680,HIV,,,0.0,13287
38681,HIV,,,0.0,441
38682,HIV,,,0.0,13288
38683,HIV,,,0.0,13289
38684,HIV,,,0.0,13290
38685,HIV,,,0.0,13291
38686,HIV,,,0.0,13292
38687,HIV,,,0.0,13293
38688,HIV,,,0.0,12460
38689,HIV,,,0.0,13294
38690,HIV,,,0.0,13295
38691,HIV,,,0.0,441
38692,HIV,,,0.0,441
38693,HIV,,,0.0,441
38694,HIV,,,0.0,13296
38695,HIV,,,0.0,7591
38696,HIV,,,0.0,7591
38697,HIV,,,0.0,6801
38698,HIV,,,0.0,7337
38699,HIV,,,0.0,13297
38700,HIV,,,0.0,13298
38701,HIV,,,0.0,13298
38702,HIV,,,0.0,7337
38703,HIV,,,0.0,13298
38704,HIV,,,0.0,13298
38705,HIV,,,0.0,6801
38706,HIV,,,0.0,12955
38707,HIV,,,0.0,8062
38708,HIV,,,0.0,13298
38709,HIV,,,0.0,13298
38710,HIV,,,0.0,13298
38711,HIV,,,0.0,12955
38712,HIV,,,0.0,13299
38713,HIV,,,0.0,12955
38714,HIV,,,0.0,7591
38715,HIV,,,0.0,7337
38716,HIV,,,0.0,7591
38717,HIV,,,0.0,7591
38718,HIV,,,0.0,6801
38719,HIV,,,0.0,6424
38720,HIV,,,0.0,5363
38721,HIV,,,0.0,7591
38722,HIV,,,0.0,13300
38723,HIV,,,0.0,13301
38724,HIV,,,0.0,13301
38725,HIV,,,0.0,13301
38726,HIV,,,0.0,13301
38727,HIV,,,0.0,13301
38728,HIV,,,1.0,13302
38729,HIV,,,0.0,13301
38730,HIV,,,0.0,13301
38731,HIV,,,0.0,13301
38732,HIV,,,0.0,13495
38733,HIV,,,0.0,13495
38734,HIV,,,0.0,13303
38735,HIV,,,0.0,13304
38736,HIV,,,0.0,13495
38737,HIV,,,0.0,13304
38738,HIV,,,0.0,13495
38739,HIV,,,0.0,13419
38740,HIV,,,0.0,12021
38741,HIV,,,0.0,13305
38742,HIV,,,0.0,13256
38743,HIV,,,0.0,13306
38744,HIV,,,0.0,13307
38745,HIV,,,0.0,13308
38746,HIV,,,0.0,13309
38747,HIV,,,0.0,13308
38748,HIV,,,0.0,13306
38749,HIV,,,0.0,13310
38750,HIV,,,0.0,13310
38751,HIV,,,0.0,13311
38752,HIV,,,0.0,13312
38753,HIV,,,0.0,13313
38754,HIV,,,0.0,13256
38755,HIV,,,0.0,13314
38756,HIV,,,0.0,13018
38757,HIV,,,0.0,1016
38758,HIV,,,0.0,3279
38759,HIV,,,0.0,1016
38760,HIV,,,0.0,11846
38761,HIV,,,0.0,13315
38762,HIV,,,0.0,1016
38763,HIV,,,0.0,13163
38764,HIV,,,0.0,13163
38765,HIV,,,0.0,13163
38766,HIV,,,0.0,13163
38767,HIV,,,0.0,13163
38768,HIV,,,0.0,13316
38769,HIV,,,0.0,13317
38770,HIV,,,0.0,13317
38771,HIV,,,0.0,13318
38772,HIV,,,0.0,13317
38773,HIV,,,1.0,6801
38774,HIV,,,1.0,6801
38775,HIV,,,1.0,6801
38776,HIV,,,1.0,6801
38777,HIV,,,1.0,6801
38778,HIV,,,1.0,6801
38779,HIV,,,1.0,6801
38780,HIV,,,1.0,6801
38781,HIV,,,1.0,4548
38782,HIV,,,0.0,441
38783,HIV,,,1.0,441
38784,HIV,,,1.0,13319
38785,HIV,,,0.0,13320
38786,HIV,,,0.0,13320
38787,HIV,,,0.0,13321
38788,HIV,,,0.0,10138
38789,HIV,,,0.0,13322
38790,HIV,,,0.0,13323
38791,HIV,,,0.0,13419
38792,HIV,,,0.0,13419
38793,HIV,,,0.0,13324
38794,HIV,,,0.0,13325
38795,HIV,,,0.0,13326
38796,HIV,,,0.0,13327
38797,HIV,,,0.0,1688
38798,HIV,,,0.0,2546
38799,HIV,,,0.0,2546
38800,HIV,,,0.0,7591
38801,HIV,,,0.0,7591
38802,HIV,,,0.0,7591
38803,HIV,,,0.0,2546
38804,HIV,,,1.0,7591
38805,HIV,,,1.0,2546
38806,HIV,,,1.0,7591
38807,HIV,,,1.0,2546
38808,HIV,,,1.0,7591
38809,HIV,,,0.0,13986
38810,HIV,,,0.0,13986
38811,HIV,,,0.0,13793
38812,HIV,,,0.0,13793
38813,HIV,,,0.0,13793
38814,HIV,,,0.0,13986
38815,HIV,,,0.0,13793
38816,HIV,,,0.0,6267
38817,HIV,,,0.0,13328
38818,HIV,,,0.0,13331
38819,HIV,,,0.0,13328
38820,HIV,,,0.0,13328
38821,HIV,,,0.0,13328
38822,HIV,,,0.0,13329
38823,HIV,,,0.0,6267
38824,HIV,,,0.0,13332
38825,HIV,,,0.0,13330
38826,HIV,,,0.0,13330
38827,HIV,,,0.0,6267
38828,HIV,,,0.0,13331
38829,HIV,,,0.0,13332
38830,HIV,,,0.0,13333
38831,HIV,,,0.0,13334
38832,HIV,,,0.0,13337
38833,HIV,,,0.0,13335
38834,HIV,,,0.0,13336
38835,HIV,,,0.0,13337
38836,HIV,,,0.0,13338
38837,HIV,,,0.0,13337
38838,HIV,,,0.0,13339
38839,HIV,,,0.0,13339
38840,HIV,,,0.0,13340
38841,HIV,,,0.0,13341
38842,HIV,,,0.0,13342
38843,HIV,,,0.0,13343
38844,HIV,,,0.0,13344
38845,HIV,,,0.0,13345
38846,HIV,,,0.0,13346
38847,HIV,,,0.0,12533
38848,HIV,,,0.0,5
38849,HIV,,,0.0,441
38850,HIV,,,1.0,1344
38851,HIV,,,0.0,335
38852,HIV,,,1.0,335
38853,HIV,,,0.0,13347
38854,HIV,,,0.0,13348
38855,HIV,,,0.0,7663
38856,HIV,,,0.0,13349
38857,HIV,,,0.0,7663
38858,HIV,,,0.0,13349
38859,HIV,,,0.0,13350
38860,HIV,,,0.0,3279
38861,HIV,,,0.0,3279
38862,HIV,,,0.0,3279
38863,HIV,,,0.0,3279
38864,HIV,,,0.0,12690
38865,HIV,,,0.0,12690
38866,HIV,,,0.0,3279
38867,HIV,,,0.0,12690
38868,HIV,,,0.0,12690
38869,HIV,,,0.0,12690
38870,HIV,,,0.0,13351
38871,HIV,,,0.0,3279
38872,HIV,,,0.0,12690
38873,HIV,,,0.0,3279
38874,HIV,,,0.0,12690
38875,HIV,,,0.0,12690
38876,HIV,,,0.0,12690
38877,HIV,,,0.0,3279
38878,HIV,,,0.0,3279
38879,HIV,,,0.0,3279
38880,HIV,,,0.0,3279
38881,HIV,,,0.0,3279
38882,HIV,,,0.0,5165
38883,HIV,,,0.0,12690
38884,HIV,,,0.0,5165
38885,HIV,,,0.0,13352
38886,HIV,,,0.0,3279
38887,HIV,,,0.0,3279
38888,HIV,,,0.0,5165
38889,HIV,,,0.0,5165
38890,HIV,,,0.0,3138
38891,HIV,,,0.0,5165
38892,HIV,,,0.0,12690
38893,HIV,,,0.0,13353
38894,HIV,,,0.0,5992
38895,HIV,,,0.0,13354
38896,HIV,,,0.0,335
38897,HIV,,,0.0,13355
38898,HIV,,,0.0,13356
38899,HIV,,,0.0,13261
38900,HIV,,,1.0,13357
38901,HIV,,,0.0,13261
38902,HIV,,,0.0,13261
38903,HIV,,,0.0,9679
38904,HIV,,,0.0,13358
38905,HIV,,,0.0,13261
38906,HIV,,,0.0,13261
38907,HIV,,,0.0,13261
38908,HIV,,,1.0,13359
38909,HIV,,,0.0,335
38910,HIV,,,0.0,13360
38911,HIV,,,0.0,13261
38912,HIV,,,0.0,13261
38913,HIV,,,0.0,13255
38914,HIV,,,1.0,13310
38915,HIV,,,1.0,13361
38916,HIV,,,0.0,13362
38917,HIV,,,0.0,13363
38918,HIV,,,0.0,13364
38919,HIV,,,0.0,13365
38920,HIV,,,0.0,13311
38921,HIV,,,0.0,13366
38922,HIV,,,0.0,13367
38923,HIV,,,0.0,13376
38924,HIV,,,0.0,13256
38925,HIV,,,0.0,13368
38926,HIV,,,0.0,13369
38927,HIV,,,0.0,13370
38928,HIV,,,0.0,13371
38929,HIV,,,1.0,13371
38930,HIV,,,0.0,13372
38931,HIV,,,0.0,13373
38932,HIV,,,0.0,13374
38933,HIV,,,0.0,1328
38934,HIV,,,0.0,13375
38935,HIV,,,0.0,13376
38936,HIV,,,0.0,13377
38937,HIV,,,0.0,13307
38938,HIV,,,0.0,13378
38939,HIV,,,0.0,13378
38940,HIV,,,0.0,13378
38941,HIV,,,0.0,13378
38942,HIV,,,0.0,13379
38943,HIV,,,0.0,13379
38944,HIV,,,0.0,13379
38945,HIV,,,0.0,13380
38946,HIV,,,0.0,13381
38947,HIV,,,0.0,13382
38948,HIV,,,0.0,13383
38949,HIV,,,0.0,13104
38950,HIV,,,0.0,13384
38951,HIV,,,0.0,13384
38952,HIV,,,0.0,13385
38953,HIV,,,0.0,13384
38954,HIV,,,0.0,13384
38955,HIV,,,0.0,13386
38956,HIV,,,0.0,5
38957,HIV,,,0.0,5165
38958,HIV,,,0.0,5
38959,HIV,,,0.0,5
38960,HIV,,,0.0,5
38961,HIV,,,0.0,5
38962,HIV,,,0.0,9449
38963,HIV,,,0.0,5
38964,HIV,,,0.0,5165
38965,HIV,,,0.0,5
38966,HIV,,,0.0,6801
38967,HIV,,,0.0,10400
38968,HIV,,,0.0,10400
38969,HIV,,,0.0,10400
38970,HIV,,,0.0,10400
38971,HIV,,,1.0,10400
38972,HIV,,,0.0,10400
38973,HIV,,,0.0,10400
38974,HIV,,,0.0,10400
38975,HIV,,,0.0,10400
38976,HIV,,,0.0,10400
38977,HIV,,,0.0,10400
38978,HIV,,,0.0,10400
38979,HIV,,,0.0,10400
38980,HIV,,,0.0,10400
38981,HIV,,,0.0,8686
38982,HIV,,,0.0,8686
38983,HIV,,,0.0,8686
38984,HIV,,,0.0,13387
38985,HIV,,,0.0,13388
38986,HIV,,,0.0,13389
38987,HIV,,,0.0,13419
38988,HIV,,,0.0,6801
38989,HIV,,,0.0,13419
38990,HIV,,,0.0,6801
38991,HIV,,,0.0,13390
38992,HIV,,,1.0,13390
38993,HIV,,,0.0,13391
38994,HIV,,,0.0,13391
38995,HIV,,,0.0,13392
38996,HIV,,,0.0,13393
38997,HIV,,,0.0,13394
38998,HIV,,,0.0,13395
38999,HIV,,,1.0,13396
39000,HIV,,,0.0,13397
39001,HIV,,,0.0,13398
39002,HIV,,,0.0,13399
39003,HIV,,,0.0,13400
39004,HIV,,,0.0,13401
39005,HIV,,,0.0,13402
39006,HIV,,,0.0,13403
39007,HIV,,,0.0,13404
39008,HIV,,,0.0,3279
39009,HIV,,,0.0,13405
39010,HIV,,,0.0,6341
39011,HIV,,,0.0,13406
39012,HIV,,,0.0,13406
39013,HIV,,,0.0,13406
39014,HIV,,,0.0,13408
39015,HIV,,,0.0,13407
39016,HIV,,,0.0,13408
39017,HIV,,,0.0,13409
39018,HIV,,,0.0,13410
39019,HIV,,,0.0,13408
39020,HIV,,,0.0,13408
39021,HIV,,,0.0,13408
39022,HIV,,,0.0,13406
39023,HIV,,,0.0,13406
39024,HIV,,,0.0,13411
39025,HIV,,,0.0,13411
39026,HIV,,,0.0,13412
39027,HIV,,,0.0,5747
39028,HIV,,,0.0,13413
39029,HIV,,,0.0,4755
39030,HIV,,,0.0,13414
39031,HIV,,,0.0,13415
39032,HIV,,,0.0,12955
39033,HIV,,,0.0,13416
39034,HIV,,,0.0,13417
39035,HIV,,,0.0,13417
39036,HIV,,,0.0,7337
39037,HIV,,,0.0,6801
39038,HIV,,,0.0,5363
39039,HIV,,,0.0,5363
39040,HIV,,,0.0,10746
39041,HIV,,,0.0,10746
39042,HIV,,,0.0,10746
39043,HIV,,,0.0,10746
39044,HIV,,,0.0,10746
39045,HIV,,,0.0,10746
39046,HIV,,,0.0,10746
39047,HIV,,,0.0,10746
39048,HIV,,,0.0,10746
39049,HIV,,,0.0,10746
39050,HIV,,,0.0,13419
39051,HIV,,,0.0,13419
39052,HIV,,,0.0,13419
39053,HIV,,,0.0,13493
39054,HIV,,,0.0,13419
39055,HIV,,,0.0,13419
39056,HIV,,,0.0,13419
39057,HIV,,,0.0,13419
39058,HIV,,,0.0,13419
39059,HIV,,,0.0,13418
39060,HIV,,,0.0,13419
39061,HIV,,,0.0,13419
39062,HIV,,,0.0,13419
39063,HIV,,,0.0,10400
39064,HIV,,,0.0,10400
39065,HIV,,,0.0,10400
39066,HIV,,,0.0,6801
39067,HIV,,,0.0,6801
39068,HIV,,,0.0,8686
39069,HIV,,,0.0,7833
39070,HIV,,,0.0,8686
39071,HIV,,,0.0,8686
39072,HIV,,,0.0,8686
39073,HIV,,,0.0,6801
39074,HIV,,,0.0,6801
39075,HIV,,,0.0,13420
39076,HIV,,,0.0,5597
39077,HIV,,,0.0,13421
39078,HIV,,,0.0,13422
39079,HIV,,,0.0,13423
39080,HIV,,,0.0,13424
39081,HIV,,,0.0,13423
39082,HIV,,,0.0,13425
39083,HIV,,,0.0,13426
39084,HIV,,,0.0,13427
39085,HIV,,,0.0,13429
39086,HIV,,,0.0,13428
39087,HIV,,,0.0,13428
39088,HIV,,,0.0,13428
39089,HIV,,,0.0,13429
39090,HIV,,,0.0,13428
39091,HIV,,,0.0,13428
39092,HIV,,,0.0,13429
39093,HIV,,,0.0,13428
39094,HIV,,,0.0,13428
39095,HIV,,,0.0,13430
39096,HIV,,,0.0,13431
39097,HIV,,,0.0,13431
39098,HIV,,,0.0,9020
39099,HIV,,,0.0,9020
39100,HIV,,,0.0,13432
39101,HIV,,,0.0,13433
39102,HIV,,,0.0,13434
39103,HIV,,,0.0,9508
39104,HIV,,,0.0,9508
39105,HIV,,,0.0,441
39106,HIV,,,1.0,441
39107,HIV,,,0.0,2800
39108,HIV,,,0.0,2800
39109,HIV,,,0.0,2800
39110,HIV,,,0.0,2800
39111,HIV,,,0.0,2800
39112,HIV,,,0.0,2800
39113,HIV,,,0.0,2800
39114,HIV,,,0.0,2800
39115,HIV,,,0.0,13435
39116,HIV,,,0.0,13436
39117,HIV,,,0.0,13437
39118,HIV,,,0.0,13438
39119,HIV,,,0.0,12957
39120,HIV,,,0.0,13439
39121,HIV,,,0.0,13440
39122,HIV,,,0.0,155
39123,HIV,,,0.0,3309
39124,HIV,,,0.0,13441
39125,HIV,,,0.0,8915
39126,HIV,,,0.0,13442
39127,HIV,,,0.0,13443
39128,HIV,,,0.0,13444
39129,HIV,,,0.0,13444
39130,HIV,,,0.0,13445
39131,HIV,,,0.0,5363
39132,HIV,,,0.0,7337
39133,HIV,,,0.0,10138
39134,HIV,,,0.0,10138
39135,HIV,,,0.0,4535
39136,HIV,,,0.0,4535
39137,HIV,,,0.0,4535
39138,HIV,,,0.0,4535
39139,HIV,,,0.0,4535
39140,HIV,,,1.0,13446
39141,HIV,,,0.0,13447
39142,HIV,,,0.0,13448
39143,HIV,,,0.0,13449
39144,HIV,,,0.0,13449
39145,HIV,,,0.0,13450
39146,HIV,,,0.0,13885
39147,HIV,,,0.0,13885
39148,HIV,,,0.0,13885
39149,HIV,,,0.0,13885
39150,HIV,,,0.0,13885
39151,HIV,,,0.0,13451
39152,HIV,,,0.0,13452
39153,HIV,,,0.0,13453
39154,HIV,,,0.0,13454
39155,HIV,,,0.0,13455
39156,HIV,,,0.0,13456
39157,HIV,,,0.0,12867
39158,HIV,,,0.0,13457
39159,HIV,,,0.0,13458
39160,HIV,,,0.0,13458
39161,HIV,,,0.0,13459
39162,HIV,,,0.0,13460
39163,HIV,,,0.0,335
39164,HIV,,,0.0,13461
39165,HIV,,,0.0,13461
39166,HIV,,,0.0,13461
39167,HIV,,,0.0,13462
39168,HIV,,,0.0,13463
39169,HIV,,,0.0,13463
39170,HIV,,,0.0,13464
39171,HIV,,,0.0,13465
39172,HIV,,,0.0,13466
39173,HIV,,,0.0,13467
39174,HIV,,,0.0,13645
39175,HIV,,,0.0,13645
39176,HIV,,,0.0,13468
39177,HIV,,,0.0,13469
39178,HIV,,,0.0,11247
39179,HIV,,,1.0,14106
39180,HIV,,,0.0,7189
39181,HIV,,,1.0,1254
39182,HIV,,,0.0,3021
39183,HIV,,,1.0,335
39184,HIV,,,0.0,3021
39185,HIV,,,0.0,3021
39186,HIV,,,0.0,2546
39187,HIV,,,0.0,14106
39188,HIV,,,1.0,13470
39189,HIV,,,0.0,13471
39190,HIV,,,0.0,10491
39191,HIV,,,0.0,13419
39192,HIV,,,0.0,12830
39193,HIV,,,0.0,13472
39194,HIV,,,0.0,13472
39195,HIV,,,0.0,13472
39196,HIV,,,0.0,13472
39197,HIV,,,0.0,13472
39198,HIV,,,0.0,13473
39199,HIV,,,0.0,13474
39200,HIV,,,0.0,13474
39201,HIV,,,0.0,13474
39202,HIV,,,0.0,13474
39203,HIV,,,0.0,10753
39204,HIV,,,1.0,13474
39205,HIV,,,0.0,13474
39206,HIV,,,0.0,13475
39207,HIV,,,0.0,13476
39208,HIV,,,0.0,13474
39209,HIV,,,0.0,13474
39210,HIV,,,0.0,13477
39211,HIV,,,0.0,13477
39212,HIV,,,0.0,13478
39213,HIV,,,0.0,13479
39214,HIV,,,0.0,13480
39215,HIV,,,0.0,5363
39216,HIV,,,0.0,13481
39217,HIV,,,0.0,13481
39218,HIV,,,0.0,13482
39219,HIV,,,0.0,13482
39220,HIV,,,0.0,13482
39221,HIV,,,0.0,6436
39222,HIV,,,0.0,13483
39223,HIV,,,0.0,13484
39224,HIV,,,0.0,13484
39225,HIV,,,0.0,13482
39226,HIV,,,0.0,13483
39227,HIV,,,0.0,13485
39228,HIV,,,0.0,441
39229,HIV,,,0.0,6801
39230,HIV,,,0.0,6801
39231,HIV,,,0.0,13487
39232,HIV,,,0.0,13238
39233,HIV,,,0.0,13486
39234,HIV,,,0.0,13487
39235,HIV,,,0.0,6801
39236,HIV,,,0.0,13488
39237,HIV,,,0.0,13489
39238,HIV,,,0.0,13488
39239,HIV,,,0.0,13489
39240,HIV,,,1.0,13490
39241,HIV,,,0.0,13487
39242,HIV,,,0.0,13487
39243,HIV,,,0.0,13491
39244,HIV,,,0.0,14106
39245,HIV,,,0.0,13492
39246,HIV,,,0.0,13492
39247,HIV,,,0.0,13492
39248,HIV,,,0.0,13492
39249,HIV,,,0.0,13419
39250,HIV,,,0.0,13419
39251,HIV,,,0.0,13419
39252,HIV,,,0.0,13493
39253,HIV,,,0.0,13419
39254,HIV,,,0.0,13419
39255,HIV,,,0.0,8710
39256,HIV,,,0.0,6583
39257,HIV,,,0.0,10746
39258,HIV,,,0.0,13494
39259,HIV,,,0.0,13495
39260,HIV,,,0.0,13495
39261,HIV,,,0.0,13495
39262,HIV,,,0.0,10138
39263,HIV,,,0.0,13496
39264,HIV,,,0.0,13496
39265,HIV,,,0.0,3021
39266,HIV,,,0.0,335
39267,HIV,,,0.0,3021
39268,HIV,,,0.0,3021
39269,HIV,,,0.0,335
39270,HIV,,,0.0,13497
39271,HIV,,,0.0,335
39272,HIV,,,0.0,335
39273,HIV,,,0.0,335
39274,HIV,,,0.0,335
39275,HIV,,,0.0,13498
39276,HIV,,,0.0,13499
39277,HIV,,,0.0,13500
39278,HIV,,,0.0,13500
39279,HIV,,,0.0,13500
39280,HIV,,,0.0,13500
39281,HIV,,,0.0,13501
39282,HIV,,,0.0,13502
39283,HIV,,,0.0,1280
39284,HIV,,,0.0,14106
39285,HIV,,,0.0,14106
39286,HIV,,,0.0,14106
39287,HIV,,,0.0,7604
39288,HIV,,,0.0,13503
39289,HIV,,,0.0,10862
39290,HIV,,,0.0,13504
39291,HIV,,,0.0,13505
39292,HIV,,,0.0,13506
39293,HIV,,,0.0,7629
39294,HIV,,,0.0,10862
39295,HIV,,,0.0,10862
39296,HIV,,,0.0,1016
39297,HIV,,,0.0,1016
39298,HIV,,,0.0,1016
39299,HIV,,,0.0,13507
39300,HIV,,,0.0,441
39301,HIV,,,0.0,13508
39302,HIV,,,0.0,13509
39303,HIV,,,0.0,13509
39304,HIV,,,0.0,13509
39305,HIV,,,0.0,13509
39306,HIV,,,0.0,13510
39307,HIV,,,0.0,13511
39308,HIV,,,0.0,7058
39309,HIV,,,0.0,13512
39310,HIV,,,0.0,13513
39311,HIV,,,0.0,13514
39312,HIV,,,0.0,13019
39313,HIV,,,0.0,13515
39314,HIV,,,0.0,13516
39315,HIV,,,0.0,13516
39316,HIV,,,0.0,13517
39317,HIV,,,0.0,13518
39318,HIV,,,0.0,13519
39319,HIV,,,0.0,11766
39320,HIV,,,0.0,2546
39321,HIV,,,0.0,13520
39322,HIV,,,0.0,4672
39323,HIV,,,0.0,13419
39324,HIV,,,0.0,13419
39325,HIV,,,0.0,13419
39326,HIV,,,0.0,13419
39327,HIV,,,0.0,13419
39328,HIV,,,0.0,13419
39329,HIV,,,0.0,13521
39330,HIV,,,0.0,10676
39331,HIV,,,0.0,10676
39332,HIV,,,0.0,10676
39333,HIV,,,0.0,10676
39334,HIV,,,0.0,10676
39335,HIV,,,0.0,10676
39336,HIV,,,0.0,10676
39337,HIV,,,0.0,10676
39338,HIV,,,0.0,10676
39339,HIV,,,0.0,11370
39340,HIV,,,0.0,13522
39341,HIV,,,0.0,5747
39342,HIV,,,0.0,11373
39343,HIV,,,0.0,10676
39344,HIV,,,0.0,10676
39345,HIV,,,0.0,10676
39346,HIV,,,0.0,10676
39347,HIV,,,0.0,10676
39348,HIV,,,0.0,10676
39349,HIV,,,0.0,3309
39350,HIV,,,0.0,13523
39351,HIV,,,0.0,13525
39352,HIV,,,0.0,13525
39353,HIV,,,0.0,13525
39354,HIV,,,0.0,13524
39355,HIV,,,0.0,13525
39356,HIV,,,0.0,13525
39357,HIV,,,0.0,13525
39358,HIV,,,0.0,13525
39359,HIV,,,0.0,13525
39360,HIV,,,0.0,13524
39361,HIV,,,0.0,13525
39362,HIV,,,0.0,13525
39363,HIV,,,0.0,13526
39364,HIV,,,0.0,13526
39365,HIV,,,0.0,13526
39366,HIV,,,0.0,13526
39367,HIV,,,0.0,13526
39368,HIV,,,0.0,13527
39369,HIV,,,0.0,13527
39370,HIV,,,0.0,13527
39371,HIV,,,0.0,13524
39372,HIV,,,0.0,13527
39373,HIV,,,0.0,13527
39374,HIV,,,0.0,13526
39375,HIV,,,0.0,13526
39376,HIV,,,0.0,13527
39377,HIV,,,0.0,13527
39378,HIV,,,0.0,13528
39379,HIV,,,0.0,13529
39380,HIV,,,0.0,13531
39381,HIV,,,0.0,13531
39382,HIV,,,0.0,13530
39383,HIV,,,0.0,13530
39384,HIV,,,0.0,13531
39385,HIV,,,0.0,13531
39386,HIV,,,0.0,13532
39387,HIV,,,0.0,13532
39388,HIV,,,0.0,13532
39389,HIV,,,0.0,98
39390,HIV,,,0.0,98
39391,HIV,,,0.0,13533
39392,HIV,,,0.0,11793
39393,HIV,,,0.0,13535
39394,HIV,,,0.0,98
39395,HIV,,,0.0,98
39396,HIV,,,0.0,98
39397,HIV,,,0.0,98
39398,HIV,,,0.0,98
39399,HIV,,,0.0,11793
39400,HIV,,,0.0,11793
39401,HIV,,,0.0,11793
39402,HIV,,,0.0,98
39403,HIV,,,0.0,11793
39404,HIV,,,0.0,13534
39405,HIV,,,0.0,98
39406,HIV,,,0.0,98
39407,HIV,,,0.0,13535
39408,HIV,,,0.0,98
39409,HIV,,,0.0,13535
39410,HIV,,,0.0,98
39411,HIV,,,0.0,98
39412,HIV,,,0.0,13535
39413,HIV,,,0.0,13535
39414,HIV,,,0.0,98
39415,HIV,,,0.0,13535
39416,HIV,,,0.0,2546
39417,HIV,,,0.0,6730
39418,HIV,,,0.0,13536
39419,HIV,,,0.0,13536
39420,HIV,,,1.0,13537
39421,HIV,,,0.0,13538
39422,HIV,,,1.0,13539
39423,HIV,,,0.0,13539
39424,HIV,,,0.0,13539
39425,HIV,,,0.0,13539
39426,HIV,,,0.0,13539
39427,HIV,,,1.0,14060
39428,HIV,,,1.0,11807
39429,HIV,,,1.0,11807
39430,HIV,,,1.0,11807
39431,HIV,,,1.0,13539
39432,HIV,,,0.0,13539
39433,HIV,,,0.0,13539
39434,HIV,,,0.0,13539
39435,HIV,,,0.0,13540
39436,HIV,,,0.0,13539
39437,HIV,,,0.0,13541
39438,HIV,,,0.0,13542
39439,HIV,,,0.0,13543
39440,HIV,,,0.0,13548
39441,HIV,,,1.0,13544
39442,HIV,,,0.0,13545
39443,HIV,,,0.0,13544
39444,HIV,,,0.0,13545
39445,HIV,,,0.0,13545
39446,HIV,,,0.0,13548
39447,HIV,,,0.0,13546
39448,HIV,,,0.0,13546
39449,HIV,,,0.0,13547
39450,HIV,,,0.0,13548
39451,HIV,,,0.0,13548
39452,HIV,,,0.0,13546
39453,HIV,,,0.0,13546
39454,HIV,,,0.0,13546
39455,HIV,,,0.0,13546
39456,HIV,,,0.0,13546
39457,HIV,,,0.0,5363
39458,HIV,,,0.0,5363
39459,HIV,,,0.0,13549
39460,HIV,,,1.0,13549
39461,HIV,,,0.0,13549
39462,HIV,,,0.0,13527
39463,HIV,,,0.0,13527
39464,HIV,,,0.0,13419
39465,HIV,,,0.0,13419
39466,HIV,,,0.0,13419
39467,HIV,,,0.0,13419
39468,HIV,,,0.0,7591
39469,HIV,,,0.0,13419
39470,HIV,,,0.0,13419
39471,HIV,,,1.0,13550
39472,HIV,,,0.0,13551
39473,HIV,,,0.0,13551
39474,HIV,,,0.0,13552
39475,HIV,,,0.0,13553
39476,HIV,,,0.0,13419
39477,HIV,,,0.0,13419
39478,HIV,,,0.0,13419
39479,HIV,,,0.0,13418
39480,HIV,,,0.0,13419
39481,HIV,,,0.0,13556
39482,HIV,,,0.0,13554
39483,HIV,,,0.0,13555
39484,HIV,,,0.0,13554
39485,HIV,,,0.0,13558
39486,HIV,,,0.0,13558
39487,HIV,,,0.0,13558
39488,HIV,,,0.0,13558
39489,HIV,,,0.0,13558
39490,HIV,,,0.0,13558
39491,HIV,,,0.0,13556
39492,HIV,,,0.0,13558
39493,HIV,,,0.0,13558
39494,HIV,,,0.0,13558
39495,HIV,,,0.0,13558
39496,HIV,,,0.0,13557
39497,HIV,,,0.0,13558
39498,HIV,,,0.0,13558
39499,HIV,,,0.0,13558
39500,HIV,,,0.0,13559
39501,HIV,,,0.0,5424
39502,HIV,,,0.0,5424
39503,HIV,,,0.0,285
39504,HIV,,,0.0,13560
39505,HIV,,,0.0,5424
39506,HIV,,,0.0,13561
39507,HIV,,,0.0,13562
39508,HIV,,,0.0,13562
39509,HIV,,,0.0,13562
39510,HIV,,,0.0,13562
39511,HIV,,,0.0,13562
39512,HIV,,,0.0,13562
39513,HIV,,,0.0,7411
39514,HIV,,,0.0,7411
39515,HIV,,,0.0,13563
39516,HIV,,,0.0,7411
39517,HIV,,,0.0,7411
39518,HIV,,,0.0,7411
39519,HIV,,,0.0,7411
39520,HIV,,,0.0,7411
39521,HIV,,,0.0,7411
39522,HIV,,,0.0,7411
39523,HIV,,,0.0,7411
39524,HIV,,,0.0,7411
39525,HIV,,,0.0,7411
39526,HIV,,,0.0,7411
39527,HIV,,,0.0,7411
39528,HIV,,,0.0,7411
39529,HIV,,,0.0,7411
39530,HIV,,,0.0,7411
39531,HIV,,,0.0,13564
39532,HIV,,,0.0,13565
39533,HIV,,,0.0,13566
39534,HIV,,,0.0,7411
39535,HIV,,,0.0,7411
39536,HIV,,,0.0,7411
39537,HIV,,,0.0,7411
39538,HIV,,,0.0,7411
39539,HIV,,,0.0,13567
39540,HIV,,,0.0,13568
39541,HIV,,,0.0,13568
39542,HIV,,,0.0,13567
39543,HIV,,,0.0,7411
39544,HIV,,,0.0,7411
39545,HIV,,,0.0,1086
39546,HIV,,,0.0,1086
39547,HIV,,,0.0,13569
39548,HIV,,,0.0,13569
39549,HIV,,,0.0,13569
39550,HIV,,,1.0,13569
39551,HIV,,,0.0,13569
39552,HIV,,,0.0,13570
39553,HIV,,,1.0,13419
39554,HIV,,,0.0,6801
39555,HIV,,,0.0,6801
39556,HIV,,,0.0,6801
39557,HIV,,,0.0,6801
39558,HIV,,,0.0,13571
39559,HIV,,,0.0,13572
39560,HIV,,,0.0,14043
39561,HIV,,,0.0,8392
39562,HIV,,,0.0,11917
39563,HIV,,,0.0,14106
39564,HIV,,,0.0,14106
39565,HIV,,,0.0,14106
39566,HIV,,,1.0,13573
39567,HIV,,,1.0,13573
39568,HIV,,,0.0,13573
39569,HIV,,,0.0,13574
39570,HIV,,,0.0,10491
39571,HIV,,,0.0,13419
39572,HIV,,,0.0,13419
39573,HIV,,,0.0,13419
39574,HIV,,,0.0,12850
39575,HIV,,,0.0,13575
39576,HIV,,,0.0,3279
39577,HIV,,,0.0,13576
39578,HIV,,,1.0,13577
39579,HIV,,,0.0,13578
39580,HIV,,,0.0,13579
39581,HIV,,,0.0,13579
39582,HIV,,,0.0,12351
39583,HIV,,,0.0,13580
39584,HIV,,,0.0,13581
39585,HIV,,,0.0,13582
39586,HIV,,,0.0,13911
39587,HIV,,,0.0,13583
39588,HIV,,,0.0,13584
39589,HIV,,,0.0,13585
39590,HIV,,,0.0,13586
39591,HIV,,,0.0,13587
39592,HIV,,,0.0,7356
39593,HIV,,,0.0,13588
39594,HIV,,,0.0,7750
39595,HIV,,,0.0,5597
39596,HIV,,,0.0,5597
39597,HIV,,,0.0,13589
39598,HIV,,,0.0,13590
39599,HIV,,,0.0,13902
39600,HIV,,,0.0,13591
39601,HIV,,,1.0,441
39602,HIV,,,1.0,441
39603,HIV,,,0.0,441
39604,HIV,,,0.0,8710
39605,HIV,,,0.0,13592
39606,HIV,,,0.0,5363
39607,HIV,,,0.0,1016
39608,HIV,,,0.0,5363
39609,HIV,,,0.0,13525
39610,HIV,,,0.0,13593
39611,HIV,,,0.0,13593
39612,HIV,,,0.0,13594
39613,HIV,,,0.0,13595
39614,HIV,,,0.0,11081
39615,HIV,,,0.0,11081
39616,HIV,,,0.0,13531
39617,HIV,,,0.0,13596
39618,HIV,,,0.0,8522
39619,HIV,,,0.0,8522
39620,HIV,,,1.0,8522
39621,HIV,,,0.0,8522
39622,HIV,,,0.0,13597
39623,HIV,,,0.0,13598
39624,HIV,,,0.0,13599
39625,HIV,,,0.0,13600
39626,HIV,,,0.0,13600
39627,HIV,,,0.0,13601
39628,HIV,,,0.0,13602
39629,HIV,,,0.0,3279
39630,HIV,,,0.0,3279
39631,HIV,,,0.0,13603
39632,HIV,,,0.0,13604
39633,HIV,,,0.0,5992
39634,HIV,,,0.0,13605
39635,HIV,,,0.0,3279
39636,HIV,,,0.0,13604
39637,HIV,,,0.0,13606
39638,HIV,,,0.0,13607
39639,HIV,,,1.0,13608
39640,HIV,,,0.0,13609
39641,HIV,,,0.0,5747
39642,HIV,,,0.0,13609
39643,HIV,,,0.0,13610
39644,HIV,,,0.0,13611
39645,HIV,,,0.0,9319
39646,HIV,,,0.0,13612
39647,HIV,,,0.0,13612
39648,HIV,,,0.0,13613
39649,HIV,,,0.0,13614
39650,HIV,,,0.0,13615
39651,HIV,,,0.0,13620
39652,HIV,,,0.0,13616
39653,HIV,,,0.0,13616
39654,HIV,,,0.0,13617
39655,HIV,,,0.0,13618
39656,HIV,,,0.0,13618
39657,HIV,,,0.0,13620
39658,HIV,,,0.0,13620
39659,HIV,,,0.0,13619
39660,HIV,,,0.0,13620
39661,HIV,,,0.0,13620
39662,HIV,,,0.0,13621
39663,HIV,,,0.0,13622
39664,HIV,,,0.0,13622
39665,HIV,,,0.0,13623
39666,HIV,,,0.0,13623
39667,HIV,,,0.0,335
39668,HIV,,,0.0,13624
39669,HIV,,,0.0,6918
39670,HIV,,,0.0,13261
39671,HIV,,,0.0,13261
39672,HIV,,,0.0,13261
39673,HIV,,,1.0,12667
39674,HIV,,,0.0,335
39675,HIV,,,1.0,335
39676,HIV,,,0.0,13261
39677,HIV,,,0.0,13625
39678,HIV,,,0.0,13261
39679,HIV,,,0.0,13419
39680,HIV,,,0.0,13626
39681,HIV,,,0.0,13627
39682,HIV,,,0.0,7576
39683,HIV,,,0.0,13628
39684,HIV,,,0.0,5363
39685,HIV,,,0.0,14014
39686,HIV,,,1.0,13629
39687,HIV,,,0.0,11850
39688,HIV,,,1.0,13630
39689,HIV,,,0.0,13631
39690,HIV,,,1.0,13419
39691,HIV,,,0.0,13632
39692,HIV,,,0.0,13632
39693,HIV,,,0.0,335
39694,HIV,,,0.0,5363
39695,HIV,,,0.0,5363
39696,HIV,,,0.0,13633
39697,HIV,,,0.0,7337
39698,HIV,,,0.0,13634
39699,HIV,,,0.0,13634
39700,HIV,,,0.0,13635
39701,HIV,,,0.0,13636
39702,HIV,,,0.0,13637
39703,HIV,,,1.0,13638
39704,HIV,,,0.0,13639
39705,HIV,,,0.0,13641
39706,HIV,,,1.0,13640
39707,HIV,,,0.0,13641
39708,HIV,,,0.0,13642
39709,HIV,,,0.0,5718
39710,HIV,,,0.0,5718
39711,HIV,,,0.0,5718
39712,HIV,,,0.0,13643
39713,HIV,,,0.0,5363
39714,HIV,,,0.0,13644
39715,HIV,,,0.0,13644
39716,HIV,,,0.0,13645
39717,HIV,,,0.0,13645
39718,HIV,,,0.0,13645
39719,HIV,,,0.0,13645
39720,HIV,,,0.0,11358
39721,HIV,,,0.0,11358
39722,HIV,,,0.0,9175
39723,HIV,,,0.0,9175
39724,HIV,,,0.0,13646
39725,HIV,,,0.0,13650
39726,HIV,,,0.0,13647
39727,HIV,,,0.0,13648
39728,HIV,,,0.0,13650
39729,HIV,,,0.0,13649
39730,HIV,,,0.0,13650
39731,HIV,,,0.0,13650
39732,HIV,,,0.0,13650
39733,HIV,,,0.0,13650
39734,HIV,,,0.0,13650
39735,HIV,,,0.0,13650
39736,HIV,,,0.0,13651
39737,HIV,,,0.0,13651
39738,HIV,,,0.0,13651
39739,HIV,,,0.0,13244
39740,HIV,,,0.0,13652
39741,HIV,,,0.0,13653
39742,HIV,,,0.0,5363
39743,HIV,,,0.0,13654
39744,HIV,,,0.0,13655
39745,HIV,,,0.0,6801
39746,HIV,,,0.0,13656
39747,HIV,,,0.0,13799
39748,HIV,,,0.0,13657
39749,HIV,,,0.0,13657
39750,HIV,,,0.0,13657
39751,HIV,,,0.0,13658
39752,HIV,,,0.0,13659
39753,HIV,,,0.0,13659
39754,HIV,,,0.0,13659
39755,HIV,,,0.0,13660
39756,HIV,,,0.0,13662
39757,HIV,,,0.0,13662
39758,HIV,,,0.0,13662
39759,HIV,,,0.0,13663
39760,HIV,,,0.0,13664
39761,HIV,,,0.0,13661
39762,HIV,,,0.0,13662
39763,HIV,,,0.0,13662
39764,HIV,,,0.0,13662
39765,HIV,,,0.0,13663
39766,HIV,,,0.0,13664
39767,HIV,,,0.0,13664
39768,HIV,,,0.0,13665
39769,HIV,,,0.0,13666
39770,HIV,,,0.0,13666
39771,HIV,,,0.0,12699
39772,HIV,,,1.0,13667
39773,HIV,,,0.0,13667
39774,HIV,,,0.0,13668
39775,HIV,,,0.0,13668
39776,HIV,,,0.0,13670
39777,HIV,,,0.0,13669
39778,HIV,,,0.0,13670
39779,HIV,,,0.0,13671
39780,HIV,,,0.0,13672
39781,HIV,,,0.0,13673
39782,HIV,,,0.0,13674
39783,HIV,,,0.0,13675
39784,HIV,,,0.0,13675
39785,HIV,,,0.0,11181
39786,HIV,,,0.0,13676
39787,HIV,,,0.0,13676
39788,HIV,,,0.0,13677
39789,HIV,,,0.0,10060
39790,HIV,,,0.0,13678
39791,HIV,,,0.0,10060
39792,HIV,,,0.0,10060
39793,HIV,,,0.0,13679
39794,HIV,,,0.0,13679
39795,HIV,,,0.0,13679
39796,HIV,,,0.0,13680
39797,HIV,,,0.0,13679
39798,HIV,,,0.0,13679
39799,HIV,,,0.0,13679
39800,HIV,,,0.0,13682
39801,HIV,,,0.0,13682
39802,HIV,,,0.0,13682
39803,HIV,,,0.0,13681
39804,HIV,,,0.0,13682
39805,HIV,,,0.0,13683
39806,HIV,,,0.0,13683
39807,HIV,,,0.0,13681
39808,HIV,,,0.0,13684
39809,HIV,,,0.0,5363
39810,HIV,,,0.0,13685
39811,HIV,,,0.0,13686
39812,HIV,,,0.0,13688
39813,HIV,,,0.0,13687
39814,HIV,,,0.0,13688
39815,HIV,,,0.0,13689
39816,HIV,,,0.0,13690
39817,HIV,,,0.0,13691
39818,HIV,,,0.0,9191
39819,HIV,,,0.0,13692
39820,HIV,,,0.0,13693
39821,HIV,,,0.0,13694
39822,HIV,,,0.0,13695
39823,HIV,,,0.0,13696
39824,HIV,,,0.0,13697
39825,HIV,,,0.0,8226
39826,HIV,,,0.0,13698
39827,HIV,,,0.0,13699
39828,HIV,,,0.0,6801
39829,HIV,,,0.0,6801
39830,HIV,,,0.0,13700
39831,HIV,,,0.0,13701
39832,HIV,,,0.0,5363
39833,HIV,,,0.0,5363
39834,HIV,,,0.0,13702
39835,HIV,,,0.0,13703
39836,HIV,,,0.0,13704
39837,HIV,,,0.0,13705
39838,HIV,,,0.0,13706
39839,HIV,,,0.0,13707
39840,HIV,,,0.0,13708
39841,HIV,,,0.0,13709
39842,HIV,,,0.0,13710
39843,HIV,,,0.0,13711
39844,HIV,,,0.0,13712
39845,HIV,,,0.0,13713
39846,HIV,,,0.0,13714
39847,HIV,,,0.0,13715
39848,HIV,,,0.0,13715
39849,HIV,,,0.0,10636
39850,HIV,,,0.0,14043
39851,HIV,,,0.0,13716
39852,HIV,,,0.0,8231
39853,HIV,,,0.0,13716
39854,HIV,,,1.0,13717
39855,HIV,,,0.0,13717
39856,HIV,,,0.0,13718
39857,HIV,,,1.0,13719
39858,HIV,,,0.0,13720
39859,HIV,,,0.0,13720
39860,HIV,,,0.0,13720
39861,HIV,,,0.0,13721
39862,HIV,,,0.0,13722
39863,HIV,,,0.0,13723
39864,HIV,,,0.0,13724
39865,HIV,,,0.0,13725
39866,HIV,,,0.0,13726
39867,HIV,,,0.0,5165
39868,HIV,,,0.0,13727
39869,HIV,,,0.0,13419
39870,HIV,,,0.0,13419
39871,HIV,,,0.0,13419
39872,HIV,,,0.0,13419
39873,HIV,,,0.0,13419
39874,HIV,,,0.0,13419
39875,HIV,,,0.0,13419
39876,HIV,,,1.0,13419
39877,HIV,,,0.0,13419
39878,HIV,,,0.0,8186
39879,HIV,,,0.0,13728
39880,HIV,,,0.0,13729
39881,HIV,,,0.0,13730
39882,HIV,,,0.0,13731
39883,HIV,,,0.0,13731
39884,HIV,,,0.0,13732
39885,HIV,,,0.0,13733
39886,HIV,,,0.0,13733
39887,HIV,,,0.0,13733
39888,HIV,,,1.0,13734
39889,HIV,,,0.0,13735
39890,HIV,,,0.0,13736
39891,HIV,,,0.0,13737
39892,HIV,,,0.0,13738
39893,HIV,,,0.0,1729
39894,HIV,,,0.0,1729
39895,HIV,,,0.0,1729
39896,HIV,,,0.0,1729
39897,HIV,,,0.0,1729
39898,HIV,,,0.0,1344
39899,HIV,,,0.0,13739
39900,HIV,,,0.0,13739
39901,HIV,,,0.0,13740
39902,HIV,,,0.0,13741
39903,HIV,,,0.0,13741
39904,HIV,,,0.0,13741
39905,HIV,,,0.0,13742
39906,HIV,,,0.0,13741
39907,HIV,,,0.0,441
39908,HIV,,,0.0,13743
39909,HIV,,,1.0,13743
39910,HIV,,,0.0,13744
39911,HIV,,,0.0,13745
39912,HIV,,,0.0,13746
39913,HIV,,,0.0,13747
39914,HIV,,,0.0,13748
39915,HIV,,,0.0,13749
39916,HIV,,,0.0,13750
39917,HIV,,,0.0,13751
39918,HIV,,,0.0,13752
39919,HIV,,,0.0,13753
39920,HIV,,,0.0,5597
39921,HIV,,,0.0,6801
39922,HIV,,,0.0,13754
39923,HIV,,,0.0,13755
39924,HIV,,,0.0,13756
39925,HIV,,,0.0,13757
39926,HIV,,,0.0,13758
39927,HIV,,,0.0,6801
39928,HIV,,,0.0,1280
39929,HIV,,,0.0,13759
39930,HIV,,,0.0,13760
39931,HIV,,,0.0,13205
39932,HIV,,,0.0,13761
39933,HIV,,,0.0,13761
39934,HIV,,,0.0,13761
39935,HIV,,,0.0,13761
39936,HIV,,,0.0,13762
39937,HIV,,,0.0,13761
39938,HIV,,,0.0,13761
39939,HIV,,,0.0,13761
39940,HIV,,,0.0,13763
39941,HIV,,,0.0,13764
39942,HIV,,,0.0,13761
39943,HIV,,,0.0,13765
39944,HIV,,,0.0,13766
39945,HIV,,,0.0,13767
39946,HIV,,,0.0,13768
39947,HIV,,,0.0,13769
39948,HIV,,,0.0,10746
39949,HIV,,,0.0,13770
39950,HIV,,,0.0,5501
39951,HIV,,,0.0,13771
39952,HIV,,,0.0,13770
39953,HIV,,,0.0,13771
39954,HIV,,,0.0,13772
39955,HIV,,,0.0,13773
39956,HIV,,,0.0,13776
39957,HIV,,,0.0,13776
39958,HIV,,,0.0,13775
39959,HIV,,,0.0,13774
39960,HIV,,,0.0,13774
39961,HIV,,,0.0,13776
39962,HIV,,,0.0,13775
39963,HIV,,,0.0,13776
39964,HIV,,,0.0,13775
39965,HIV,,,0.0,13774
39966,HIV,,,0.0,13775
39967,HIV,,,0.0,13777
39968,HIV,,,0.0,13778
39969,HIV,,,0.0,13778
39970,HIV,,,0.0,10412
39971,HIV,,,0.0,7604
39972,HIV,,,0.0,13779
39973,HIV,,,0.0,13780
39974,HIV,,,0.0,13780
39975,HIV,,,1.0,13780
39976,HIV,,,0.0,13780
39977,HIV,,,0.0,13780
39978,HIV,,,0.0,13781
39979,HIV,,,0.0,13782
39980,HIV,,,0.0,13783
39981,HIV,,,0.0,13784
39982,HIV,,,0.0,10798
39983,HIV,,,0.0,10798
39984,HIV,,,0.0,13785
39985,HIV,,,0.0,13785
39986,HIV,,,0.0,13785
39987,HIV,,,1.0,13785
39988,HIV,,,0.0,13785
39989,HIV,,,0.0,11839
39990,HIV,,,0.0,11839
39991,HIV,,,0.0,11839
39992,HIV,,,0.0,11839
39993,HIV,,,0.0,13786
39994,HIV,,,0.0,11839
39995,HIV,,,0.0,11839
39996,HIV,,,0.0,11839
39997,HIV,,,0.0,13787
39998,HIV,,,1.0,5165
39999,HIV,,,0.0,5165
40000,HIV,,,0.0,5165
40001,HIV,,,0.0,5165
40002,HIV,,,0.0,5165
40003,HIV,,,0.0,6801
40004,HIV,,,0.0,5165
40005,HIV,,,0.0,5165
40006,HIV,,,0.0,5165
40007,HIV,,,1.0,8658
40008,HIV,,,0.0,8959
40009,HIV,,,1.0,5165
40010,HIV,,,0.0,13788
40011,HIV,,,0.0,7411
40012,HIV,,,0.0,13789
40013,HIV,,,0.0,285
40014,HIV,,,0.0,13790
40015,HIV,,,1.0,285
40016,HIV,,,1.0,8710
40017,HIV,,,1.0,6801
40018,HIV,,,1.0,6801
40019,HIV,,,0.0,1016
40020,HIV,,,0.0,1016
40021,HIV,,,0.0,1016
40022,HIV,,,0.0,1016
40023,HIV,,,0.0,1016
40024,HIV,,,0.0,14106
40025,HIV,,,0.0,14106
40026,HIV,,,0.0,14106
40027,HIV,,,0.0,1016
40028,HIV,,,0.0,5718
40029,HIV,,,0.0,5718
40030,HIV,,,0.0,13791
40031,HIV,,,0.0,13791
40032,HIV,,,0.0,5747
40033,HIV,,,0.0,12578
40034,HIV,,,1.0,12578
40035,HIV,,,0.0,5363
40036,HIV,,,0.0,5363
40037,HIV,,,0.0,5363
40038,HIV,,,0.0,13792
40039,HIV,,,1.0,7591
40040,HIV,,,1.0,2546
40041,HIV,,,1.0,2546
40042,HIV,,,0.0,13793
40043,HIV,,,0.0,13986
40044,HIV,,,0.0,13793
40045,HIV,,,0.0,13794
40046,HIV,,,0.0,1280
40047,HIV,,,0.0,1280
40048,HIV,,,0.0,6801
40049,HIV,,,0.0,13795
40050,HIV,,,0.0,13796
40051,HIV,,,0.0,13797
40052,HIV,,,0.0,2546
40053,HIV,,,0.0,13798
40054,HIV,,,0.0,2546
40055,HIV,,,0.0,5363
40056,HIV,,,0.0,2546
40057,HIV,,,0.0,2546
40058,HIV,,,1.0,8710
40059,HIV,,,0.0,13799
40060,HIV,,,0.0,13799
40061,HIV,,,0.0,13799
40062,HIV,,,1.0,13799
40063,HIV,,,0.0,14106
40064,HIV,,,0.0,14106
40065,HIV,,,0.0,14106
40066,HIV,,,0.0,14106
40067,HIV,,,0.0,14106
40068,HIV,,,0.0,14106
40069,HIV,,,0.0,14106
40070,HIV,,,0.0,14106
40071,HIV,,,1.0,2546
40072,HIV,,,1.0,45
40073,HIV,,,0.0,2546
40074,HIV,,,1.0,11170
40075,HIV,,,0.0,1344
40076,HIV,,,0.0,1344
40077,HIV,,,0.0,13800
40078,HIV,,,0.0,98
40079,HIV,,,0.0,98
40080,HIV,,,0.0,98
40081,HIV,,,0.0,98
40082,HIV,,,0.0,98
40083,HIV,,,0.0,98
40084,HIV,,,0.0,13801
40085,HIV,,,0.0,13802
40086,HIV,,,0.0,13161
40087,HIV,,,0.0,13803
40088,HIV,,,0.0,13805
40089,HIV,,,0.0,13805
40090,HIV,,,0.0,13805
40091,HIV,,,0.0,13805
40092,HIV,,,0.0,13804
40093,HIV,,,0.0,8062
40094,HIV,,,0.0,8062
40095,HIV,,,0.0,8062
40096,HIV,,,0.0,8062
40097,HIV,,,0.0,13805
40098,HIV,,,0.0,13805
40099,HIV,,,0.0,13805
40100,HIV,,,0.0,13807
40101,HIV,,,0.0,13805
40102,HIV,,,0.0,13807
40103,HIV,,,0.0,13805
40104,HIV,,,0.0,13805
40105,HIV,,,0.0,13806
40106,HIV,,,0.0,13807
40107,HIV,,,0.0,13807
40108,HIV,,,0.0,13807
40109,HIV,,,0.0,13807
40110,HIV,,,0.0,13462
40111,HIV,,,0.0,13808
40112,HIV,,,0.0,13809
40113,HIV,,,0.0,5992
40114,HIV,,,0.0,13810
40115,HIV,,,0.0,13811
40116,HIV,,,1.0,13812
40117,HIV,,,0.0,13813
40118,HIV,,,0.0,13810
40119,HIV,,,0.0,5992
40120,HIV,,,0.0,5992
40121,HIV,,,0.0,5992
40122,HIV,,,0.0,5992
40123,HIV,,,0.0,5992
40124,HIV,,,0.0,13814
40125,HIV,,,0.0,13815
40126,HIV,,,0.0,13815
40127,HIV,,,0.0,13815
40128,HIV,,,0.0,13815
40129,HIV,,,0.0,6801
40130,HIV,,,0.0,6801
40131,HIV,,,0.0,13815
40132,HIV,,,0.0,13815
40133,HIV,,,0.0,13815
40134,HIV,,,0.0,13815
40135,HIV,,,0.0,13816
40136,HIV,,,0.0,13230
40137,HIV,,,0.0,13817
40138,HIV,,,0.0,13817
40139,HIV,,,0.0,1280
40140,HIV,,,0.0,13818
40141,HIV,,,0.0,13819
40142,HIV,,,0.0,13820
40143,HIV,,,0.0,13821
40144,HIV,,,0.0,13822
40145,HIV,,,0.0,13823
40146,HIV,,,0.0,13824
40147,HIV,,,0.0,13825
40148,HIV,,,0.0,13826
40149,HIV,,,0.0,1731
40150,HIV,,,0.0,13827
40151,HIV,,,0.0,13828
40152,HIV,,,0.0,13829
40153,HIV,,,0.0,13830
40154,HIV,,,0.0,13830
40155,HIV,,,1.0,13831
40156,HIV,,,1.0,13831
40157,HIV,,,1.0,13831
40158,HIV,,,0.0,13831
40159,HIV,,,0.0,13832
40160,HIV,,,1.0,13833
40161,HIV,,,1.0,13834
40162,HIV,,,0.0,36
40163,HIV,,,0.0,36
40164,HIV,,,0.0,36
40165,HIV,,,0.0,36
40166,HIV,,,0.0,13835
40167,HIV,,,0.0,36
40168,HIV,,,0.0,36
40169,HIV,,,0.0,36
40170,HIV,,,0.0,36
40171,HIV,,,0.0,36
40172,HIV,,,0.0,36
40173,HIV,,,0.0,36
40174,HIV,,,0.0,36
40175,HIV,,,0.0,36
40176,HIV,,,0.0,36
40177,HIV,,,0.0,36
40178,HIV,,,0.0,13838
40179,HIV,,,0.0,36
40180,HIV,,,0.0,36
40181,HIV,,,0.0,36
40182,HIV,,,0.0,36
40183,HIV,,,0.0,36
40184,HIV,,,0.0,13836
40185,HIV,,,0.0,13836
40186,HIV,,,0.0,13836
40187,HIV,,,0.0,13836
40188,HIV,,,0.0,13837
40189,HIV,,,0.0,13836
40190,HIV,,,0.0,13836
40191,HIV,,,0.0,13836
40192,HIV,,,0.0,13836
40193,HIV,,,0.0,13836
40194,HIV,,,0.0,13836
40195,HIV,,,0.0,13836
40196,HIV,,,0.0,13839
40197,HIV,,,0.0,13839
40198,HIV,,,0.0,13838
40199,HIV,,,0.0,13839
40200,HIV,,,0.0,13839
40201,HIV,,,0.0,13839
40202,HIV,,,0.0,13839
40203,HIV,,,0.0,13839
40204,HIV,,,0.0,13839
40205,HIV,,,0.0,13839
40206,HIV,,,0.0,36
40207,HIV,,,0.0,5165
40208,HIV,,,0.0,5165
40209,HIV,,,0.0,5165
40210,HIV,,,0.0,5165
40211,HIV,,,0.0,5165
40212,HIV,,,0.0,8211
40213,HIV,,,0.0,5165
40214,HIV,,,0.0,5165
40215,HIV,,,1.0,5165
40216,HIV,,,0.0,5165
40217,HIV,,,1.0,13840
40218,HIV,,,0.0,5165
40219,HIV,,,0.0,10138
40220,HIV,,,0.0,10138
40221,HIV,,,0.0,10138
40222,HIV,,,0.0,10138
40223,HIV,,,0.0,11301
40224,HIV,,,0.0,11301
40225,HIV,,,0.0,11301
40226,HIV,,,0.0,13841
40227,HIV,,,0.0,13841
40228,HIV,,,0.0,13841
40229,HIV,,,0.0,13841
40230,HIV,,,0.0,12064
40231,HIV,,,0.0,10400
40232,HIV,,,0.0,13842
40233,HIV,,,1.0,13842
40234,HIV,,,0.0,13842
40235,HIV,,,0.0,13842
40236,HIV,,,0.0,13843
40237,HIV,,,0.0,13844
40238,HIV,,,0.0,5992
40239,HIV,,,0.0,5992
40240,HIV,,,0.0,13845
40241,HIV,,,0.0,11307
40242,HIV,,,0.0,11307
40243,HIV,,,0.0,11307
40244,HIV,,,0.0,11307
40245,HIV,,,0.0,11307
40246,HIV,,,0.0,11307
40247,HIV,,,0.0,11307
40248,HIV,,,0.0,11307
40249,HIV,,,0.0,11307
40250,HIV,,,0.0,11307
40251,HIV,,,0.0,11307
40252,HIV,,,0.0,11307
40253,HIV,,,0.0,11307
40254,HIV,,,0.0,13261
40255,HIV,,,0.0,13261
40256,HIV,,,0.0,13261
40257,HIV,,,1.0,12667
40258,HIV,,,0.0,13846
40259,HIV,,,0.0,13847
40260,HIV,,,0.0,13261
40261,HIV,,,0.0,13261
40262,HIV,,,0.0,13261
40263,HIV,,,0.0,13261
40264,HIV,,,0.0,335
40265,HIV,,,0.0,335
40266,HIV,,,0.0,13261
40267,HIV,,,1.0,12667
40268,HIV,,,1.0,12667
40269,HIV,,,0.0,13261
40270,HIV,,,0.0,335
40271,HIV,,,0.0,335
40272,HIV,,,0.0,13261
40273,HIV,,,1.0,14087
40274,HIV,,,0.0,335
40275,HIV,,,0.0,335
40276,HIV,,,0.0,13261
40277,HIV,,,1.0,12667
40278,HIV,,,1.0,335
40279,HIV,,,0.0,335
40280,HIV,,,0.0,13848
40281,HIV,,,0.0,13849
40282,HIV,,,0.0,13850
40283,HIV,,,0.0,7356
40284,HIV,,,0.0,13851
40285,HIV,,,0.0,13852
40286,HIV,,,0.0,13852
40287,HIV,,,0.0,13852
40288,HIV,,,0.0,13852
40289,HIV,,,0.0,13853
40290,HIV,,,0.0,13854
40291,HIV,,,0.0,13853
40292,HIV,,,0.0,13853
40293,HIV,,,0.0,13855
40294,HIV,,,0.0,13856
40295,HIV,,,0.0,13856
40296,HIV,,,0.0,13857
40297,HIV,,,0.0,13858
40298,HIV,,,0.0,13859
40299,HIV,,,0.0,13859
40300,HIV,,,0.0,13859
40301,HIV,,,0.0,13860
40302,HIV,,,0.0,13860
40303,HIV,,,0.0,7356
40304,HIV,,,0.0,13861
40305,HIV,,,0.0,7411
40306,HIV,,,0.0,7411
40307,HIV,,,0.0,13862
40308,HIV,,,0.0,13863
40309,HIV,,,0.0,13864
40310,HIV,,,0.0,13865
40311,HIV,,,0.0,13866
40312,HIV,,,0.0,13867
40313,HIV,,,0.0,13868
40314,HIV,,,0.0,13869
40315,HIV,,,0.0,13870
40316,HIV,,,0.0,13871
40317,HIV,,,0.0,13872
40318,HIV,,,0.0,13873
40319,HIV,,,0.0,13874
40320,HIV,,,0.0,13875
40321,HIV,,,0.0,2546
40322,HIV,,,0.0,2546
40323,HIV,,,0.0,2546
40324,HIV,,,0.0,2546
40325,HIV,,,0.0,2546
40326,HIV,,,0.0,2546
40327,HIV,,,0.0,2546
40328,HIV,,,0.0,2546
40329,HIV,,,0.0,13261
40330,HIV,,,0.0,13261
40331,HIV,,,0.0,13876
40332,HIV,,,0.0,335
40333,HIV,,,0.0,335
40334,HIV,,,0.0,13877
40335,HIV,,,0.0,13878
40336,HIV,,,0.0,6991
40337,HIV,,,0.0,13878
40338,HIV,,,0.0,5363
40339,HIV,,,0.0,5363
40340,HIV,,,0.0,5363
40341,HIV,,,1.0,8686
40342,HIV,,,0.0,5363
40343,HIV,,,0.0,13879
40344,HIV,,,1.0,6918
40345,HIV,,,1.0,6918
40346,HIV,,,1.0,6918
40347,HIV,,,1.0,6918
40348,HIV,,,1.0,6918
40349,HIV,,,1.0,6918
40350,HIV,,,0.0,13799
40351,HIV,,,1.0,13799
40352,HIV,,,0.0,13880
40353,HIV,,,0.0,441
40354,HIV,,,0.0,441
40355,HIV,,,1.0,13799
40356,HIV,,,0.0,13881
40357,HIV,,,0.0,13882
40358,HIV,,,0.0,13882
40359,HIV,,,0.0,13883
40360,HIV,,,0.0,13884
40361,HIV,,,0.0,13885
40362,HIV,,,0.0,13886
40363,HIV,,,0.0,13885
40364,HIV,,,0.0,13887
40365,HIV,,,0.0,13887
40366,HIV,,,0.0,13887
40367,HIV,,,0.0,13027
40368,HIV,,,0.0,5363
40369,HIV,,,0.0,5363
40370,HIV,,,0.0,12667
40371,HIV,,,0.0,12667
40372,HIV,,,0.0,13888
40373,HIV,,,0.0,12667
40374,HIV,,,0.0,11307
40375,HIV,,,0.0,13889
40376,HIV,,,0.0,8341
40377,HIV,,,0.0,8341
40378,HIV,,,0.0,8341
40379,HIV,,,0.0,7411
40380,HIV,,,0.0,7411
40381,HIV,,,0.0,7411
40382,HIV,,,0.0,285
40383,HIV,,,0.0,7411
40384,HIV,,,0.0,7411
40385,HIV,,,0.0,7411
40386,HIV,,,0.0,7411
40387,HIV,,,0.0,7411
40388,HIV,,,0.0,13890
40389,HIV,,,0.0,13891
40390,HIV,,,0.0,13892
40391,HIV,,,0.0,13904
40392,HIV,,,0.0,13893
40393,HIV,,,0.0,13895
40394,HIV,,,0.0,13894
40395,HIV,,,0.0,13902
40396,HIV,,,0.0,13890
40397,HIV,,,0.0,13895
40398,HIV,,,0.0,13896
40399,HIV,,,0.0,13897
40400,HIV,,,0.0,13890
40401,HIV,,,0.0,13898
40402,HIV,,,0.0,13899
40403,HIV,,,0.0,13905
40404,HIV,,,0.0,13900
40405,HIV,,,0.0,13901
40406,HIV,,,0.0,13902
40407,HIV,,,0.0,13902
40408,HIV,,,0.0,13903
40409,HIV,,,0.0,13904
40410,HIV,,,1.0,13897
40411,HIV,,,0.0,13905
40412,HIV,,,0.0,13906
40413,HIV,,,0.0,13906
40414,HIV,,,0.0,13907
40415,HIV,,,0.0,13908
40416,HIV,,,0.0,13909
40417,HIV,,,0.0,13909
40418,HIV,,,1.0,13915
40419,HIV,,,0.0,13915
40420,HIV,,,0.0,13915
40421,HIV,,,0.0,13909
40422,HIV,,,0.0,13910
40423,HIV,,,0.0,13911
40424,HIV,,,0.0,13910
40425,HIV,,,0.0,13912
40426,HIV,,,0.0,13913
40427,HIV,,,1.0,13914
40428,HIV,,,0.0,13909
40429,HIV,,,0.0,13915
40430,HIV,,,0.0,13909
40431,HIV,,,0.0,1280
40432,HIV,,,0.0,13916
40433,HIV,,,0.0,13917
40434,HIV,,,0.0,13918
40435,HIV,,,0.0,13920
40436,HIV,,,0.0,13919
40437,HIV,,,0.0,13920
40438,HIV,,,0.0,13920
40439,HIV,,,0.0,13921
40440,HIV,,,0.0,13921
40441,HIV,,,0.0,13921
40442,HIV,,,0.0,13921
40443,HIV,,,0.0,13922
40444,HIV,,,0.0,13923
40445,HIV,,,0.0,13922
40446,HIV,,,0.0,13923
40447,HIV,,,0.0,13924
40448,HIV,,,0.0,8184
40449,HIV,,,0.0,8184
40450,HIV,,,0.0,13925
40451,HIV,,,0.0,5992
40452,HIV,,,0.0,13926
40453,HIV,,,0.0,7356
40454,HIV,,,0.0,7356
40455,HIV,,,0.0,13927
40456,HIV,,,0.0,13928
40457,HIV,,,0.0,12487
40458,HIV,,,0.0,13929
40459,HIV,,,0.0,13930
40460,HIV,,,0.0,13921
40461,HIV,,,0.0,13931
40462,HIV,,,0.0,13931
40463,HIV,,,0.0,13932
40464,HIV,,,1.0,7388
40465,HIV,,,0.0,5041
40466,HIV,,,0.0,13933
40467,HIV,,,0.0,12633
40468,HIV,,,0.0,6991
40469,HIV,,,0.0,10937
40470,HIV,,,0.0,10937
40471,HIV,,,0.0,13934
40472,HIV,,,0.0,13935
40473,HIV,,,0.0,1280
40474,HIV,,,0.0,13936
40475,HIV,,,0.0,13880
40476,HIV,,,0.0,441
40477,HIV,,,0.0,13937
40478,HIV,,,1.0,13937
40479,HIV,,,0.0,441
40480,HIV,,,1.0,13799
40481,HIV,,,0.0,13880
40482,HIV,,,0.0,6436
40483,HIV,,,0.0,6436
40484,HIV,,,0.0,7603
40485,HIV,,,0.0,13938
40486,HIV,,,0.0,13939
40487,HIV,,,0.0,6436
40488,HIV,,,0.0,6436
40489,HIV,,,0.0,6436
40490,HIV,,,0.0,6436
40491,HIV,,,0.0,6436
40492,HIV,,,0.0,6436
40493,HIV,,,0.0,13940
40494,HIV,,,0.0,6436
40495,HIV,,,0.0,6436
40496,HIV,,,0.0,7591
40497,HIV,,,0.0,7591
40498,HIV,,,0.0,7591
40499,HIV,,,0.0,7591
40500,HIV,,,0.0,7603
40501,HIV,,,0.0,13941
40502,HIV,,,0.0,13942
40503,HIV,,,0.0,6801
40504,HIV,,,1.0,6801
40505,HIV,,,1.0,6801
40506,HIV,,,0.0,6801
40507,HIV,,,0.0,6801
40508,HIV,,,0.0,6801
40509,HIV,,,0.0,13785
40510,HIV,,,0.0,13785
40511,HIV,,,0.0,13943
40512,HIV,,,0.0,13943
40513,HIV,,,0.0,13943
40514,HIV,,,0.0,13943
40515,HIV,,,0.0,13944
40516,HIV,,,0.0,13945
40517,HIV,,,0.0,10138
40518,HIV,,,0.0,13946
40519,HIV,,,0.0,5747
40520,HIV,,,0.0,5747
40521,HIV,,,0.0,13947
40522,HIV,,,0.0,13948
40523,HIV,,,1.0,1280
40524,HIV,,,0.0,5165
40525,HIV,,,0.0,5165
40526,HIV,,,0.0,10956
40527,HIV,,,0.0,5165
40528,HIV,,,0.0,5165
40529,HIV,,,0.0,5165
40530,HIV,,,0.0,13958
40531,HIV,,,0.0,10956
40532,HIV,,,0.0,13949
40533,HIV,,,0.0,9384
40534,HIV,,,0.0,5718
40535,HIV,,,0.0,9384
40536,HIV,,,0.0,5165
40537,HIV,,,0.0,2546
40538,HIV,,,0.0,13950
40539,HIV,,,0.0,13951
40540,HIV,,,0.0,13952
40541,HIV,,,0.0,13953
40542,HIV,,,0.0,5165
40543,HIV,,,0.0,13954
40544,HIV,,,0.0,13954
40545,HIV,,,0.0,155
40546,HIV,,,0.0,10956
40547,HIV,,,0.0,7946
40548,HIV,,,0.0,13955
40549,HIV,,,0.0,9384
40550,HIV,,,0.0,9384
40551,HIV,,,0.0,9384
40552,HIV,,,0.0,13956
40553,HIV,,,0.0,9384
40554,HIV,,,0.0,5165
40555,HIV,,,0.0,5165
40556,HIV,,,0.0,5165
40557,HIV,,,0.0,5165
40558,HIV,,,0.0,13957
40559,HIV,,,0.0,13957
40560,HIV,,,0.0,5165
40561,HIV,,,0.0,10956
40562,HIV,,,0.0,5165
40563,HIV,,,0.0,5165
40564,HIV,,,0.0,10956
40565,HIV,,,0.0,13958
40566,HIV,,,0.0,10956
40567,HIV,,,0.0,10956
40568,HIV,,,0.0,10956
40569,HIV,,,0.0,10956
40570,HIV,,,0.0,10956
40571,HIV,,,0.0,10956
40572,HIV,,,0.0,9384
40573,HIV,,,0.0,9384
40574,HIV,,,0.0,9384
40575,HIV,,,0.0,9384
40576,HIV,,,0.0,9384
40577,HIV,,,0.0,9384
40578,HIV,,,0.0,9384
40579,HIV,,,0.0,9384
40580,HIV,,,0.0,9384
40581,HIV,,,0.0,9384
40582,HIV,,,0.0,9384
40583,HIV,,,0.0,9384
40584,HIV,,,0.0,9384
40585,HIV,,,0.0,13949
40586,HIV,,,0.0,13959
40587,HIV,,,0.0,13959
40588,HIV,,,0.0,9384
40589,HIV,,,0.0,9384
40590,HIV,,,0.0,9384
40591,HIV,,,0.0,9384
40592,HIV,,,0.0,13960
40593,HIV,,,0.0,9384
40594,HIV,,,0.0,5165
40595,HIV,,,0.0,9384
40596,HIV,,,0.0,5747
40597,HIV,,,0.0,5165
40598,HIV,,,0.0,2800
40599,HIV,,,0.0,5165
40600,HIV,,,0.0,13961
40601,HIV,,,0.0,13962
40602,HIV,,,0.0,13963
40603,HIV,,,0.0,5363
40604,HIV,,,0.0,13964
40605,HIV,,,0.0,5363
40606,HIV,,,0.0,5363
40607,HIV,,,0.0,13965
40608,HIV,,,1.0,13966
40609,HIV,,,1.0,13966
40610,HIV,,,1.0,13966
40611,HIV,,,1.0,13966
40612,HIV,,,1.0,13966
40613,HIV,,,1.0,13966
40614,HIV,,,1.0,13966
40615,HIV,,,1.0,13966
40616,HIV,,,0.0,13966
40617,HIV,,,1.0,13966
40618,HIV,,,0.0,441
40619,HIV,,,0.0,441
40620,HIV,,,0.0,441
40621,HIV,,,0.0,441
40622,HIV,,,1.0,441
40623,HIV,,,0.0,6470
40624,HIV,,,0.0,13967
40625,HIV,,,0.0,13967
40626,HIV,,,0.0,13968
40627,HIV,,,0.0,13968
40628,HIV,,,0.0,8710
40629,HIV,,,1.0,8710
40630,HIV,,,0.0,13969
40631,HIV,,,0.0,13970
40632,HIV,,,0.0,13971
40633,HIV,,,1.0,9176
40634,HIV,,,0.0,13972
40635,HIV,,,0.0,13972
40636,HIV,,,0.0,5747
40637,HIV,,,0.0,5747
40638,HIV,,,0.0,13974
40639,HIV,,,0.0,13973
40640,HIV,,,0.0,13973
40641,HIV,,,0.0,13974
40642,HIV,,,0.0,13975
40643,HIV,,,0.0,13976
40644,HIV,,,0.0,13977
40645,HIV,,,0.0,13978
40646,HIV,,,0.0,13973
40647,HIV,,,0.0,13979
40648,HIV,,,0.0,13980
40649,HIV,,,0.0,13981
40650,HIV,,,0.0,13982
40651,HIV,,,0.0,13982
40652,HIV,,,0.0,13983
40653,HIV,,,0.0,13984
40654,HIV,,,0.0,7411
40655,HIV,,,0.0,7411
40656,HIV,,,0.0,13562
40657,HIV,,,0.0,13562
40658,HIV,,,0.0,13562
40659,HIV,,,0.0,13562
40660,HIV,,,0.0,13562
40661,HIV,,,0.0,13985
40662,HIV,,,0.0,7411
40663,HIV,,,0.0,7411
40664,HIV,,,1.0,1086
40665,HIV,,,0.0,7411
40666,HIV,,,0.0,7411
40667,HIV,,,0.0,7411
40668,HIV,,,1.0,7411
40669,HIV,,,1.0,2546
40670,HIV,,,0.0,7591
40671,HIV,,,1.0,2546
40672,HIV,,,0.0,13986
40673,HIV,,,0.0,13986
40674,HIV,,,0.0,13794
40675,HIV,,,0.0,11358
40676,HIV,,,0.0,11358
40677,HIV,,,0.0,11882
40678,HIV,,,0.0,13987
40679,HIV,,,0.0,11882
40680,HIV,,,0.0,335
40681,HIV,,,0.0,5363
40682,HIV,,,0.0,13988
40683,HIV,,,0.0,13989
40684,HIV,,,0.0,8903
40685,HIV,,,0.0,11208
40686,HIV,,,0.0,11208
40687,HIV,,,0.0,11208
40688,HIV,,,0.0,11208
40689,HIV,,,0.0,11208
40690,HIV,,,0.0,11208
40691,HIV,,,0.0,11208
40692,HIV,,,0.0,11212
40693,HIV,,,0.0,11212
40694,HIV,,,0.0,13990
40695,HIV,,,0.0,13990
40696,HIV,,,0.0,13991
40697,HIV,,,0.0,13991
40698,HIV,,,0.0,13991
40699,HIV,,,0.0,13991
40700,HIV,,,0.0,13991
40701,HIV,,,0.0,13991
40702,HIV,,,0.0,13991
40703,HIV,,,0.0,13992
40704,HIV,,,0.0,13992
40705,HIV,,,0.0,13993
40706,HIV,,,0.0,7388
40707,HIV,,,0.0,7388
40708,HIV,,,0.0,7388
40709,HIV,,,0.0,4232
40710,HIV,,,0.0,4232
40711,HIV,,,0.0,8710
40712,HIV,,,1.0,441
40713,HIV,,,1.0,441
40714,HIV,,,0.0,441
40715,HIV,,,1.0,13419
40716,HIV,,,1.0,13419
40717,HIV,,,0.0,13419
40718,HIV,,,0.0,13419
40719,HIV,,,0.0,13419
40720,HIV,,,1.0,13419
40721,HIV,,,0.0,13419
40722,HIV,,,0.0,13419
40723,HIV,,,0.0,13419
40724,HIV,,,1.0,13419
40725,HIV,,,0.0,13419
40726,HIV,,,0.0,441
40727,HIV,,,0.0,13994
40728,HIV,,,0.0,11527
40729,HIV,,,0.0,11527
40730,HIV,,,0.0,13997
40731,HIV,,,0.0,13995
40732,HIV,,,0.0,13997
40733,HIV,,,0.0,13996
40734,HIV,,,0.0,13997
40735,HIV,,,0.0,13997
40736,HIV,,,0.0,13997
40737,HIV,,,0.0,13997
40738,HIV,,,0.0,13997
40739,HIV,,,0.0,13998
40740,HIV,,,0.0,11527
40741,HIV,,,0.0,8710
40742,HIV,,,0.0,13999
40743,HIV,,,1.0,14106
40744,HIV,,,1.0,14106
40745,HIV,,,0.0,14106
40746,HIV,,,1.0,14106
40747,HIV,,,0.0,14106
40748,HIV,,,0.0,14106
40749,HIV,,,0.0,13261
40750,HIV,,,0.0,13261
40751,HIV,,,0.0,13261
40752,HIV,,,0.0,13360
40753,HIV,,,0.0,13261
40754,HIV,,,0.0,11110
40755,HIV,,,0.0,12667
40756,HIV,,,0.0,14000
40757,HIV,,,0.0,14000
40758,HIV,,,0.0,14000
40759,HIV,,,0.0,14000
40760,HIV,,,0.0,14001
40761,HIV,,,0.0,14003
40762,HIV,,,0.0,13512
40763,HIV,,,0.0,14002
40764,HIV,,,0.0,14003
40765,HIV,,,0.0,5363
40766,HIV,,,0.0,5363
40767,HIV,,,0.0,5363
40768,HIV,,,0.0,14004
40769,HIV,,,0.0,1280
40770,HIV,,,0.0,1280
40771,HIV,,,0.0,14005
40772,HIV,,,0.0,14006
40773,HIV,,,0.0,9508
40774,HIV,,,1.0,2546
40775,HIV,,,1.0,2546
40776,HIV,,,0.0,8710
40777,HIV,,,0.0,14007
40778,HIV,,,0.0,14007
40779,HIV,,,0.0,14010
40780,HIV,,,0.0,14008
40781,HIV,,,0.0,14009
40782,HIV,,,0.0,14010
40783,HIV,,,0.0,14010
40784,HIV,,,0.0,3415
40785,HIV,,,0.0,14011
40786,HIV,,,0.0,14012
40787,HIV,,,0.0,14013
40788,HIV,,,0.0,14014
40789,HIV,,,0.0,6801
40790,HIV,,,0.0,6801
40791,HIV,,,0.0,6801
40792,HIV,,,0.0,6801
40793,HIV,,,0.0,6801
40794,HIV,,,0.0,11930
40795,HIV,,,1.0,13966
40796,HIV,,,1.0,13966
40797,HIV,,,1.0,13966
40798,HIV,,,1.0,14015
40799,HIV,,,1.0,14017
40800,HIV,,,1.0,6918
40801,HIV,,,1.0,14016
40802,HIV,,,1.0,14017
40803,HIV,,,1.0,6918
40804,HIV,,,0.0,11202
40805,HIV,,,0.0,11202
40806,HIV,,,0.0,11202
40807,HIV,,,0.0,11202
40808,HIV,,,1.0,6918
40809,HIV,,,1.0,6918
40810,HIV,,,0.0,14018
40811,HIV,,,0.0,9462
40812,HIV,,,0.0,7356
40813,HIV,,,0.0,14019
40814,HIV,,,0.0,14020
40815,HIV,,,1.0,5363
40816,HIV,,,0.0,5363
40817,HIV,,,0.0,5363
40818,HIV,,,0.0,14022
40819,HIV,,,0.0,14021
40820,HIV,,,0.0,14022
40821,HIV,,,0.0,14023
40822,HIV,,,0.0,14024
40823,HIV,,,0.0,14025
40824,HIV,,,0.0,14026
40825,HIV,,,0.0,14022
40826,HIV,,,0.0,14027
40827,HIV,,,0.0,14028
40828,HIV,,,0.0,14028
40829,HIV,,,0.0,14029
40830,HIV,,,0.0,7751
40831,HIV,,,0.0,7751
40832,HIV,,,0.0,14029
40833,HIV,,,0.0,14029
40834,HIV,,,0.0,14030
40835,HIV,,,0.0,14029
40836,HIV,,,0.0,14029
40837,HIV,,,0.0,14030
40838,HIV,,,0.0,13261
40839,HIV,,,0.0,14031
40840,HIV,,,0.0,13261
40841,HIV,,,0.0,12546
40842,HIV,,,0.0,13261
40843,HIV,,,0.0,13261
40844,HIV,,,0.0,13261
40845,HIV,,,0.0,13261
40846,HIV,,,0.0,12667
40847,HIV,,,0.0,13261
40848,HIV,,,0.0,335
40849,HIV,,,0.0,13261
40850,HIV,,,0.0,14032
40851,HIV,,,0.0,13261
40852,HIV,,,0.0,13261
40853,HIV,,,0.0,13261
40854,HIV,,,0.0,13261
40855,HIV,,,0.0,13261
40856,HIV,,,1.0,12667
40857,HIV,,,0.0,14033
40858,HIV,,,1.0,14033
40859,HIV,,,1.0,14033
40860,HIV,,,0.0,14033
40861,HIV,,,0.0,13261
40862,HIV,,,0.0,13261
40863,HIV,,,0.0,14034
40864,HIV,,,0.0,9679
40865,HIV,,,0.0,9679
40866,HIV,,,0.0,9017
40867,HIV,,,0.0,14086
40868,HIV,,,0.0,5
40869,HIV,,,0.0,13815
40870,HIV,,,0.0,14035
40871,HIV,,,0.0,14036
40872,HIV,,,0.0,14037
40873,HIV,,,0.0,14038
40874,HIV,,,0.0,14039
40875,HIV,,,0.0,14040
40876,HIV,,,0.0,1075
40877,HIV,,,0.0,1075
40878,HIV,,,0.0,1075
40879,HIV,,,0.0,1075
40880,HIV,,,0.0,14041
40881,HIV,,,0.0,14041
40882,HIV,,,0.0,14042
40883,HIV,,,1.0,10924
40884,HIV,,,0.0,14043
40885,HIV,,,0.0,14043
40886,HIV,,,0.0,14043
40887,HIV,,,0.0,14043
40888,HIV,,,0.0,14043
40889,HIV,,,0.0,14043
40890,HIV,,,0.0,14043
40891,HIV,,,0.0,14043
40892,HIV,,,0.0,14043
40893,HIV,,,0.0,14043
40894,HIV,,,0.0,14043
40895,HIV,,,0.0,14043
40896,HIV,,,0.0,14043
40897,HIV,,,0.0,14043
40898,HIV,,,0.0,14043
40899,HIV,,,0.0,14043
40900,HIV,,,0.0,14043
40901,HIV,,,0.0,14043
40902,HIV,,,0.0,14043
40903,HIV,,,0.0,14043
40904,HIV,,,0.0,14043
40905,HIV,,,0.0,14043
40906,HIV,,,0.0,14043
40907,HIV,,,0.0,14043
40908,HIV,,,0.0,14043
40909,HIV,,,0.0,14044
40910,HIV,,,0.0,441
40911,HIV,,,0.0,8710
40912,HIV,,,0.0,441
40913,HIV,,,0.0,441
40914,HIV,,,0.0,14045
40915,HIV,,,1.0,6801
40916,HIV,,,1.0,6801
40917,HIV,,,1.0,6801
40918,HIV,,,1.0,6801
40919,HIV,,,0.0,14046
40920,HIV,,,0.0,14047
40921,HIV,,,0.0,6801
40922,HIV,,,0.0,7576
40923,HIV,,,0.0,7576
40924,HIV,,,0.0,13879
40925,HIV,,,0.0,5363
40926,HIV,,,0.0,14048
40927,HIV,,,0.0,5363
40928,HIV,,,0.0,14049
40929,HIV,,,0.0,5165
40930,HIV,,,0.0,5165
40931,HIV,,,0.0,5165
40932,HIV,,,0.0,14050
40933,HIV,,,0.0,8710
40934,HIV,,,0.0,441
40935,HIV,,,0.0,441
40936,HIV,,,0.0,441
40937,HIV,,,0.0,441
40938,HIV,,,0.0,441
40939,HIV,,,0.0,441
40940,HIV,,,0.0,441
40941,HIV,,,0.0,14051
40942,HIV,,,0.0,441
40943,HIV,,,0.0,8710
40944,HIV,,,1.0,8710
40945,HIV,,,0.0,12834
40946,HIV,,,1.0,441
40947,HIV,,,0.0,11930
40948,HIV,,,0.0,14051
40949,HIV,,,0.0,5165
40950,HIV,,,0.0,5165
40951,HIV,,,0.0,5165
40952,HIV,,,0.0,5165
40953,HIV,,,0.0,5165
40954,HIV,,,0.0,5165
40955,HIV,,,0.0,5165
40956,HIV,,,0.0,5165
40957,HIV,,,1.0,8710
40958,HIV,,,1.0,8710
40959,HIV,,,0.0,441
40960,HIV,,,0.0,441
40961,HIV,,,0.0,441
40962,HIV,,,0.0,441
40963,HIV,,,0.0,441
40964,HIV,,,0.0,8710
40965,HIV,,,0.0,441
40966,HIV,,,1.0,8710
40967,HIV,,,1.0,8710
40968,HIV,,,0.0,14052
40969,HIV,,,0.0,3138
40970,HIV,,,0.0,3138
40971,HIV,,,0.0,3138
40972,HIV,,,0.0,3138
40973,HIV,,,0.0,14053
40974,HIV,,,1.0,8710
40975,HIV,,,0.0,14059
40976,HIV,,,0.0,5165
40977,HIV,,,0.0,14054
40978,HIV,,,0.0,14054
40979,HIV,,,0.0,441
40980,HIV,,,1.0,441
40981,HIV,,,0.0,10400
40982,HIV,,,0.0,10400
40983,HIV,,,0.0,10400
40984,HIV,,,1.0,335
40985,HIV,,,1.0,6918
40986,HIV,,,1.0,6918
40987,HIV,,,1.0,6918
40988,HIV,,,0.0,10498
40989,HIV,,,1.0,14055
40990,HIV,,,1.0,10498
40991,HIV,,,0.0,14055
40992,HIV,,,0.0,14056
40993,HIV,,,0.0,14057
40994,HIV,,,0.0,14058
40995,HIV,,,0.0,14056
40996,HIV,,,0.0,441
40997,HIV,,,0.0,441
40998,HIV,,,0.0,441
40999,HIV,,,0.0,441
41000,HIV,,,0.0,14059
41001,HIV,,,0.0,14060
41002,HIV,,,0.0,14060
41003,HIV,,,0.0,14060
41004,HIV,,,0.0,14060
41005,HIV,,,0.0,14060
41006,HIV,,,1.0,13539
41007,HIV,,,1.0,13539
41008,HIV,,,0.0,13539
41009,HIV,,,1.0,13539
41010,HIV,,,0.0,14061
41011,HIV,,,0.0,14062
41012,HIV,,,1.0,13539
41013,HIV,,,0.0,14063
41014,HIV,,,0.0,14063
41015,HIV,,,1.0,4548
41016,HIV,,,0.0,4548
41017,HIV,,,0.0,4548
41018,HIV,,,0.0,14064
41019,HIV,,,0.0,14064
41020,HIV,,,0.0,14065
41021,HIV,,,0.0,14066
41022,HIV,,,0.0,8710
41023,HIV,,,0.0,14067
41024,HIV,,,0.0,14068
41025,HIV,,,0.0,14069
41026,HIV,,,0.0,14070
41027,HIV,,,0.0,14059
41028,HIV,,,1.0,6918
41029,HIV,,,1.0,6918
41030,HIV,,,1.0,6918
41031,HIV,,,1.0,6918
41032,HIV,,,1.0,5
41033,HIV,,,1.0,5747
41034,HIV,,,1.0,5
41035,HIV,,,0.0,8710
41036,HIV,,,1.0,8710
41037,HIV,,,0.0,8710
41038,HIV,,,0.0,8710
41039,HIV,,,0.0,14071
41040,HIV,,,0.0,14072
41041,HIV,,,0.0,14073
41042,HIV,,,0.0,14074
41043,HIV,,,0.0,5165
41044,HIV,,,0.0,8959
41045,HIV,,,0.0,14075
41046,HIV,,,0.0,6801
41047,HIV,,,0.0,10633
41048,HIV,,,0.0,5165
41049,HIV,,,0.0,8959
41050,HIV,,,0.0,14076
41051,HIV,,,0.0,14077
41052,HIV,,,0.0,14078
41053,HIV,,,0.0,8959
41054,HIV,,,1.0,14079
41055,HIV,,,1.0,14079
41056,HIV,,,1.0,14080
41057,HIV,,,1.0,14081
41058,HIV,,,0.0,14082
41059,HIV,,,0.0,4382
41060,HIV,,,1.0,441
41061,HIV,,,1.0,13966
41062,HIV,,,0.0,14106
41063,HIV,,,0.0,14106
41064,HIV,,,0.0,14106
41065,HIV,,,0.0,14106
41066,HIV,,,0.0,14106
41067,HIV,,,0.0,14106
41068,HIV,,,0.0,14106
41069,HIV,,,0.0,14106
41070,HIV,,,0.0,14106
41071,HIV,,,0.0,14106
41072,HIV,,,0.0,14106
41073,HIV,,,0.0,14106
41074,HIV,,,0.0,14083
41075,HIV,,,0.0,13261
41076,HIV,,,0.0,13261
41077,HIV,,,0.0,13261
41078,HIV,,,0.0,13261
41079,HIV,,,0.0,12667
41080,HIV,,,0.0,14084
41081,HIV,,,0.0,13261
41082,HIV,,,0.0,14085
41083,HIV,,,0.0,14086
41084,HIV,,,0.0,335
41085,HIV,,,0.0,13261
41086,HIV,,,0.0,13261
41087,HIV,,,0.0,13360
41088,HIV,,,0.0,335
41089,HIV,,,0.0,335
41090,HIV,,,1.0,12667
41091,HIV,,,0.0,13261
41092,HIV,,,1.0,335
41093,HIV,,,1.0,335
41094,HIV,,,0.0,12667
41095,HIV,,,0.0,14033
41096,HIV,,,0.0,13261
41097,HIV,,,0.0,13261
41098,HIV,,,1.0,14087
41099,HIV,,,1.0,335
41100,HIV,,,0.0,14088
41101,HIV,,,0.0,14089
41102,HIV,,,0.0,14091
41103,HIV,,,0.0,7132
41104,HIV,,,0.0,14090
41105,HIV,,,0.0,14091
41106,HIV,,,0.0,14092
41107,HIV,,,0.0,14093
41108,HIV,,,0.0,14094
41109,HIV,,,0.0,14095
41110,HIV,,,0.0,14095
41111,HIV,,,0.0,14096
41112,HIV,,,0.0,14097
41113,HIV,,,0.0,14098
41114,HIV,,,0.0,14095
41115,HIV,,,0.0,8710
41116,HIV,,,0.0,8710
41117,HIV,,,0.0,7775
41118,HIV,,,0.0,7775
41119,HIV,,,0.0,8341
41120,HIV,,,0.0,8341
41121,HIV,,,0.0,8341
41122,HIV,,,0.0,8341
41123,HIV,,,0.0,8341
41124,HIV,,,0.0,8341
41125,HIV,,,0.0,8341
41126,HIV,,,0.0,14099
41127,brnpdb,9477.0,"Ergostane-2,3,6-triol, 25-methyl-, 2,3,6-tris(hydrogen sulfate)",,14100
41128,brnpdb,7807.0,Amphotericin B,,4056
41129,brnpdb,7267.0,"β-D-Glucopyranoside, 2-(3,4-dihydroxyphenyl)ethyl 3-O-(6-deoxy-α-L-mannopyranosyl)-, 4-[(2E)-3-(3,4-dihydroxyphenyl)-2-propenoate]",,14101
41130,brnpdb,5797.0,"9,12-Octadecadienoic acid, (9E,12E)-",,1016
41131,brnpdb,7150.0,"9,12-Octadecadienoic acid (9Z,12Z)-",,1016
41132,brnpdb,3895.0,(E)-3-(4-Hydroxyphenyl)acrylic acid,,5165
41133,brnpdb,8239.0,"9,12-Octadecadienoic acid",,1016
41134,brnpdb,8749.0,"L-Cysteine, L-tyrosylglycyl-L-leucyl-L-seryl-L-lysylglycyl-L-cysteinyl-L-phenylalanylglycyl-L-leucyl-L-lysyl-L-leucyl-L-α-aspartyl-L-arginyl-L-isoleucylglycyl-L-seryl-L-methionyl-L-serylglycyl-L-leucylglycyl-, cyclic (7→23)-disulfide",,14102
41135,brnpdb,9611.0,"Cycloocta[1,2-b:5,6-b′]diindole-6,13-dicarboxylic acid, 5,12-dihydro-, 6,13-dimethyl ester",,14103
41136,brnpdb,7316.0,"5-Azulenemethanol, 1,2,3,4,5,6,7,8-octahydro-α,α,3,8-tetramethyl-, (3S,5R,8S)-",,14104
41137,brnpdb,9610.0,"Cyclohexane, 1-ethenyl-1-methyl-2,4-bis(1-methylethenyl)-, (1S,2S,4R)-",,14105
41138,brnpdb,6859.0,"Cyclohexane, 1-ethenyl-1-methyl-2,4-bis(1-methylethenyl)-, (1R,2R,4S)-rel-",,14105
41139,brnpdb,7287.0,"L-Galactose, 6-deoxy-",,14126
41140,brnpdb,7374.0,"L-Mannose, 6-deoxy-",,14126
41141,brnpdb,5488.0,"Urs-12-en-28-oic acid, 3-hydroxy-, (3β,19α,20β)-",,14106
41142,brnpdb,7619.0,Dodecanedioic acid,,1016
41143,brnpdb,6310.0,"Urs-12-en-28-oic acid, 3-hydroxy-, (3β)-",,14106
41144,brnpdb,3471.0,caffeic acid,,5165
41145,brnpdb,6940.0,"Olean-12-en-3-ol, (3β)-",,14106
41146,brnpdb,2144.0,myristic acid,,1016
41147,brnpdb,8699.0,"1H-Cycloprop[e]azulen-4-ol, decahydro-1,1,4,7-tetramethyl-, (1aS,4S,4aR,7S,7aR,7bR)-",,2800
41148,brnpdb,7858.0,"1H-Cycloprop[e]azulen-4-ol, decahydro-1,1,4,7-tetramethyl-, (1aR,4S,4aS,7R,7aS,7bS)-",,2800
41149,brnpdb,122.0,Quercetin,,2546
41150,brnpdb,5244.0,"1H-Cycloprop[e]azulen-7-ol, 1a,2,3,5,6,7,7a,7b-octahydro-1,1,4,7-tetramethyl-, (1aR,7S,7aS,7bR)-",,2800
41151,brnpdb,7198.0,"1H-Cycloprop[e]azulen-4-ol, decahydro-1,1,4,7-tetramethyl-, (1aR,4S,4aR,7R,7aS,7bS)-",,2800
41152,brnpdb,5806.0,"1H-Cycloprop[e]azulen-4-ol, decahydro-1,1,4,7-tetramethyl-, (1aR,4R,4aR,7R,7aS,7bS)-",,2800
41153,brnpdb,6621.0,"Urs-12-en-28-oic acid, 3-hydroxy-, (3α)-",,14106
41154,brnpdb,7674.0,Octadecanal,,1016
41155,brnpdb,6397.0,"1H-Cyclopenta[1,3]cyclopropa[1,2]benzene, octahydro-7-methyl-3-methylene-4-(1-methylethyl)-, (3aS,3bR,4S,7R,7aR)-",,2800
41156,brnpdb,9290.0,"Card-20(22)-enolide, 3-[(2,6-dideoxy-4-O-β-D-glucopyranosyl-β-D-ribo-hexopyranosyl)oxy]-14-hydroxy-, (3β,5β)-",,14107
41157,brnpdb,1497.0,hexadecanoic acid,,1016
41158,brnpdb,2142.0,capric acid,,1016
41159,brnpdb,1223.0,3-O-methylquercetin,,2546
41160,brnpdb,9023.0,"2-Propenoic acid, 3-[2,2-dimethyl-8-(3-methyl-2-buten-1-yl)-2H-1-benzopyran-6-yl]-, (2E)-",,14108
41161,brnpdb,7246.0,"2-Propenoic acid, 3-[2,2-dimethyl-8-(3-methyl-2-buten-1-yl)-2H-1-benzopyran-6-yl]-, (2Z)-",,14108
41162,brnpdb,2143.0,lauric acid,,1016
41163,brnpdb,7187.0,"4H-1-Benzopyran-4-one, 3-[(6-deoxy-β-D-mannopyranosyl)oxy]-2-(3,4-dihydroxyphenyl)-5,7-dihydroxy-",,155
41164,brnpdb,6560.0,"4H-1-Benzopyran-4-one, 3-[(6-deoxy-α-L-mannopyranosyl)oxy]-2-(3,4-dihydroxyphenyl)-5,7-dihydroxy-",,155
41165,brnpdb,10052.0,"2-Propenoic acid, 3-[4-hydroxy-3,5-bis(3-methyl-2-buten-1-yl)phenyl]-",,14109
41166,brnpdb,6662.0,"2-Propenoic acid, 3-[4-hydroxy-3,5-bis(3-methyl-2-buten-1-yl)phenyl]-, (2E)-",,14109
41167,brnpdb,5456.0,"Bicyclo[7.2.0]undec-4-ene, 4,11,11-trimethyl-8-methylene-, (1R,4E,9S)-",,2800
41168,brnpdb,5308.0,"Bicyclo[7.2.0]undec-4-ene, 4,11,11-trimethyl-8-methylene-, (1R,4Z,9S)-",,2800
41169,brnpdb,9546.0,"4H-1-Benzopyran-4-one, 3-(α-L-arabinopyranosyloxy)-2-(3,4-dihydroxyphenyl)-5,7-dihydroxy-",,155
41170,brnpdb,9918.0,"4H-1-Benzopyran-4-one, 2-(3,4-dihydroxyphenyl)-5,7-dihydroxy-3-(D-xylopyranosyloxy)-",,155
41171,brnpdb,5353.0,"4H-1-Benzopyran-4-one, 3-(β-L-arabinopyranosyloxy)-2-(3,4-dihydroxyphenyl)-5,7-dihydroxy-",,155
41172,brnpdb,9756.0,"4H-1-Benzopyran-4-one, 3-(arabinopyranosyloxy)-2-(3,4-dihydroxyphenyl)-5,7-dihydroxy-",,155
41173,brnpdb,5412.0,"4H-1-Benzopyran-4-one, 3-(β-D-arabinopyranosyloxy)-2-(3,4-dihydroxyphenyl)-5,7-dihydroxy-",,155
41174,brnpdb,8078.0,"4H-1-Benzopyran-4-one, 2-(3,4-dihydroxyphenyl)-5,7-dihydroxy-3-(β-D-xylopyranosyloxy)-",,155
41175,brnpdb,10017.0,"Bicyclo[7.2.0]undec-4-ene, 4,11,11-trimethyl-8-methylene-, (1R,4E,9R)-",,2800
41176,brnpdb,9216.0,"4H-1-Benzopyran-4-one, 2-(3,4-dihydroxyphenyl)-3-(β-D-glucopyranosyloxy)-5,7-dihydroxy-",,155
41177,brnpdb,7515.0,"4H-1-Benzopyran-4-one, 2-(3,4-dihydroxyphenyl)-3-(β-D-galactopyranosyloxy)-5,7-dihydroxy-",,155
41178,brnpdb,5243.0,"4H-1-Benzopyran-4-one, 3-(β-D-allopyranosyloxy)-2-(3,4-dihydroxyphenyl)-5,7-dihydroxy-",,155
41179,brnpdb,5327.0,"1H-Cycloprop[e]azulene, decahydro-1,1,7-trimethyl-4-methylene-, (1aR,4aR,7R,7aR,7bS)-",,2800
41180,brnpdb,3470.0,Ferulic acid,,5165
41181,brnpdb,7431.0,"1H-Cycloprop[e]azulene, decahydro-1,1,7-trimethyl-4-methylene-, (1aR,4aS,7R,7aR,7bS)-",,2800
41182,brnpdb,5437.0,"1H-Cycloprop[e]azulene, decahydro-1,1,7-trimethyl-4-methylene-",,2800
41183,brnpdb,8883.0,"4H-1-Benzopyran-4-one, 2-(3,4-dihydroxyphenyl)-6-β-D-glucopyranosyl-5,7-dihydroxy-",,155
41184,brnpdb,7602.0,"1H-Cycloprop[e]azulene, decahydro-1,1,7-trimethyl-4-methylene-, (1aR,4aR,7R,7aS,7bS)-rel-",,2800
41185,brnpdb,10222.0,"4H-1-Benzopyran-4-one, 2-(3,4-dihydroxyphenyl)-5-hydroxy-3,7-dimethoxy-6-methyl-",,2546
41186,brnpdb,9109.0,"β-D-Glucopyranoside, 4-[[[(2E)-3-(3,4-dihydroxyphenyl)-1-oxo-2-propen-1-yl]oxy]methyl]-2-hydroxyphenyl",,4618
41187,brnpdb,6523.0,"4H-1-Benzopyran-4-one, 6-β-D-glucopyranosyl-5,7-dihydroxy-2-(4-hydroxyphenyl)-",,155
41188,brnpdb,6361.0,"1H-Naphtho[2,1-a]xanthene-2,10-diol, 2,3,4,4a,4b,5,6,6a,12,12a,12b,13,14,14a-tetradecahydro-1,1,4a,6a,8,12b-hexamethyl-, (2S,4aR,4bS,6aS,12aS,12bS,14aR)-",,14110
41189,brnpdb,3887.0,4-nerolidylcathecol,,14111
41190,brnpdb,9519.0,"9H-Xanthen-9-one, 2-β-D-glucopyranosyl-1,3,6,7-tetrahydroxy-",,155
41191,brnpdb,6009.0,"1-Naphthalenepropanoic acid, decahydro-5-[(2-hydroxy-5-methoxy-3-methylphenyl)methyl]-5,6,8a-trimethyl-2-(1-methylethylidene)-, (1S,4aR,5S,6S,8aR)-",,14112
41192,brnpdb,6665.0,"1-Naphthalenepropanoic acid, decahydro-5-[(2-hydroxy-5-methoxy-3-methylphenyl)methyl]-5,6,8a-trimethyl-2-(1-methylethylidene)-, methyl ester, [1S-(1α,4aβ,5β,6β,8aα)]-",,14113
41193,brnpdb,7030.0,"1H-Cycloprop[e]azulene, decahydro-1,1,4-trimethyl-7-methylene-, (1aR,4R,4aR,7aR,7bR)-",,2800
41194,brnpdb,3892.0,Kaempferide,,2546
41195,brnpdb,6760.0,"Bicyclo[2.2.1]heptan-2-ol, 1,7,7-trimethyl-, 2-acetate",,14114
41196,brnpdb,8833.0,"Bicyclo[2.2.1]heptan-2-ol, 1,7,7-trimethyl-, 2-acetate, (1R,2R,4R)-rel-",,14114
41197,brnpdb,9574.0,"Bicyclo[2.2.1]heptan-2-ol, 1,7,7-trimethyl-, 2-acetate, (1R,2S,4R)-rel-",,14114
41198,brnpdb,6597.0,"Bicyclo[3.1.0]hexan-3-ol, 4-methylene-1-(1-methylethyl)-, 3-acetate, (1S,3S,5S)-",,14114
41199,brnpdb,8237.0,"2(5H)-Oxepinone, 7-[6-(acetyloxy)-1-hydroxy-4-hexen-1-yl]-6,7-dihydro-7-methyl-3-(4-methyl-3-penten-1-yl)-",,14115
41200,brnpdb,9647.0,"5-Oxatricyclo[8.2.0.04,6]dodecane, 4,12,12-trimethyl-9-methylene-, (1R,4R,6R,10S)-",,2800
41201,brnpdb,9283.0,"5-Oxatricyclo[8.2.0.04,6]dodecane, 4,12,12-trimethyl-9-methylene-, (1S,4R,6R,10R)-",,2800
41202,brnpdb,5613.0,"4H-1-Benzopyran-4-one, 5,6,7-trihydroxy-3-methoxy-2-(4-methoxyphenyl)-",,2546
41203,brnpdb,1915.0,tricyclene,,189
41204,brnpdb,9596.0,"1H-Cycloprop[e]azulene, 1a,2,3,4,4a,5,6,7b-octahydro-1,1,4,7-tetramethyl-, (1aR,4R,4aR,7bS)-rel-",,2800
41205,brnpdb,6585.0,"1H-Cycloprop[e]azulene, 1a,2,3,4,4a,5,6,7b-octahydro-1,1,4,7-tetramethyl-, (1aR,4R,4aR,7bS)-",,2800
41206,brnpdb,8651.0,"Stigmast-5-en-3-ol, (3β,24S)-",,7388
41207,brnpdb,7333.0,"Stigmast-5-en-3-ol, (3β)-",,7388
41208,brnpdb,7884.0,"Stigmast-5-en-3-ol, (3β,24ξ)-",,7388
41209,brnpdb,7233.0,Stigmast-5-en-3-ol,,7388
41210,brnpdb,5696.0,"Bicyclo[7.2.0]undec-4-ene, 4,11,11-trimethyl-8-methylene-",,2800
41211,brnpdb,9032.0,"2(5H)-Furanone, 5-(2,4,6-octatriyn-1-yl)-, (5R)-",,14117
41212,brnpdb,1747.0,Myrcene,,14116
41213,brnpdb,5783.0,"1H-Cyclopenta[1,3]cyclopropa[1,2]benzene, 3a,3b,4,5,6,7-hexahydro-3,7-dimethyl-4-(1-methylethyl)-, (3aS,3bR,4S,7R,7aR)-",,2800
41214,brnpdb,8780.0,"2(3H)-Furanone, dihydro-4-hydroxy-5-(8-hydroxy-2,4,6-octatriyn-1-yl)-, (4S,5S)-",,14117
41215,brnpdb,9218.0,"Cyclobuta[1,2:3,4]dicyclopentene, decahydro-3a-methyl-6-methylene-1-(1-methylethyl)-, (1S,3aS,3bR,6aS,6bR)-",,2800
41216,brnpdb,7477.0,"2(3H)-Furanone, dihydro-4-hydroxy-5-(2,4,6-octatriyn-1-yl)-, (4S,5R)-",,14117
41217,brnpdb,7499.0,"2(3H)-Furanone, dihydro-4-hydroxy-5-(2,4,6-octatriyn-1-yl)-, (4R,5S)-rel-",,14117
41218,brnpdb,9601.0,"2(3H)-Furanone, 5-(1,8-dihydroxy-2,4,6-octatriyn-1-yl)dihydro-, (5S)-",,14117
41219,brnpdb,3631.0,Tetradecanal,,1016
41220,brnpdb,1737.0,Sabinene,,14118
41221,brnpdb,8658.0,"Bicyclo[7.2.0]undec-4-ene, 4,11,11-trimethyl-8-methylene-, (1S,4E,9R)-",,2800
41222,brnpdb,5936.0,"2(3H)-Furanone, dihydro-5-(8-hydroxy-2,4,6-octatriyn-1-yl)-, (5S)-",,14117
41223,brnpdb,5919.0,"4H-1-Benzopyran-4-one, 2,3-dihydro-3,5,7-trihydroxy-2-(4-methoxyphenyl)-, (2R,3R)-",,45
41224,brnpdb,6636.0,"4H-Benzo[de][1,6]naphthyridine, 8,9-dimethoxy-4-methyl-",,14119
41225,brnpdb,6604.0,"Bicyclo[3.3.1]non-2-ene-1,2-dicarboxaldehyde, 9-(acetyloxy)-8-[(1R)-1,5-dimethyl-4-hexen-1-yl]-5-methyl-, (1R,5R,8S,9R)-",,14120
41226,brnpdb,6695.0,"Bicyclo[3.3.1]non-2-ene-1,2-dicarboxaldehyde, 8-[(1R)-1,5-dimethyl-4-hexen-1-yl]-9-hydroxy-5-methyl-, (1R,5R,8S,9R)-",,14120
41227,brnpdb,1389.0,Linalyl acetate,,14111
41228,brnpdb,7099.0,"Naphthalene, 1,2,3,5,6,8a-hexahydro-4,7-dimethyl-1-(1-methylethyl)-, (1S,8aS)-",,14121
41229,brnpdb,8558.0,"Naphthalene, 1,2,3,5,6,8a-hexahydro-4,7-dimethyl-1-(1-methylethyl)-, (1S,8aR)-",,14121
41230,brnpdb,7805.0,"Tricyclo[4.4.0.02,7]dec-3-ene, 1,3-dimethyl-8-(1-methylethyl)-, (1R,2S,6S,7S,8S)-",,2800
41231,brnpdb,9377.0,"Tricyclo[4.4.0.02,7]dec-3-ene, 1,3-dimethyl-8-(1-methylethyl)-, (1S,2R,6R,7R,8S)-",,2800
41232,brnpdb,3278.0,nerolidol,,14111
41233,brnpdb,7314.0,"1H-Cycloprop[e]azulen-7-ol, decahydro-1,1,7-trimethyl-4-methylene-, (1aR,4aR,7S,7aR,7bR)-",,2800
41234,brnpdb,8640.0,"1H-Cycloprop[e]azulen-7-ol, decahydro-1,1,7-trimethyl-4-methylene-, (1aS,4aS,7R,7aS,7bS)-",,2800
41235,brnpdb,1746.0,β-Pinene,,2800
41236,brnpdb,3151.0,farnesol,,14111
41237,brnpdb,1741.0,Terpinen-4-ol,,14122
41238,brnpdb,8570.0,"6H-Purin-6-one, 2-amino-1,9-dihydro-9-[(2-hydroxyethoxy)methyl]-",,5424
41239,brnpdb,1380.0,Linalool,,14111
41240,brnpdb,2027.0,Camphene,,2800
41241,brnpdb,7698.0,"1,6-Cyclodecadiene, 1-methyl-5-methylene-8-(1-methylethyl)-, (1E,6E,8S)-",,2800
41242,brnpdb,1902.0,a-terpinene,,14123
41243,brnpdb,1755.0,α-Pinene,,2800
41244,brnpdb,7367.0,"2-Naphthalenemethanol, 1,2,3,4,4a,5,6,7-octahydro-α,α,4a,8-tetramethyl-, (2R,4aS)-",,14106
41245,brnpdb,6567.0,"2-Naphthalenemethanol, 1,2,3,4,4a,5,6,7-octahydro-α,α,4a,8-tetramethyl-, (2R,4aR)-",,14106
41246,brnpdb,10068.0,"α-L-Mannopyranose, 6-deoxy-",,14124
41247,brnpdb,8606.0,"α-D-Galactopyranose, 6-deoxy-",,14124
41248,brnpdb,10174.0,"4,6-Cyclopentacycloundecenediol, 1,2,3,3a,4,5,6,9,10,12a-decahydro-3-(1-hydroxy-1-methylethyl)-6,10,12a-trimethyl-, (3R,3aS,4S,6S,7E,10R,11E,12aR)-rel-(-)-",,4581
41249,brnpdb,10226.0,"Bicyclo[8.1.0]undeca-2,6-diene, 3,7,11,11-tetramethyl-, (1S,2E,6E,10R)-",,2800
41250,brnpdb,1914.0,limonene,,2800
41251,brnpdb,8123.0,D-Mannose,,14126
41252,brnpdb,9018.0,D-Galactose,,14126
41253,brnpdb,8971.0,D-Glucose,,14126
41254,brnpdb,1752.0,α-Terpinolene,,14122
41255,brnpdb,8304.0,D-Arabinose,,14125
41256,brnpdb,9464.0,D-Ribose,,14126
41257,brnpdb,9971.0,D-Xylose,,14126
41258,brnpdb,6231.0,Arabinose,,14126
41259,brnpdb,8910.0,L-Arabinose,,14126
41260,brnpdb,7881.0,L-Lyxose,,14125
41261,brnpdb,949.0,ω-fenil alcanoic acid,,5597
41262,brnpdb,6715.0,D-Galacturonic acid,,14127
41263,brnpdb,6593.0,D-Glucuronic acid,,14127
41264,brnpdb,1750.0,γ-Terpinene,,14128
41265,brnpdb,5788.0,"1,5-Cyclodecadiene, 1,5-dimethyl-8-(1-methylethenyl)-, (1E,5E,8R)-",,2800
41266,brnpdb,6561.0,"1,5-Cyclodecadiene, 1,5-dimethyl-8-(1-methylethenyl)-, (1E,5E,8S)-",,2800
41267,brnpdb,9705.0,"1,5-Cyclodecadiene, 1,5-dimethyl-8-(1-methylethenyl)-, (1E,5Z,8S)-",,2800
41268,brnpdb,1745.0,"1,8-Cineole",,14129
41269,brnpdb,3046.0,Malic acid,,205
41270,brnpdb,9449.0,"1,4,8-Cycloundecatriene, 2,6,6,9-tetramethyl-, (1E,4E,8E)-",,2800
41271,brnpdb,7404.0,"12-Oxabicyclo[9.1.0]dodeca-3,7-diene, 1,5,5,8-tetramethyl-, (1R,3E,7E,11R)-",,2800
41272,brnpdb,9811.0,"12-Oxabicyclo[9.1.0]dodeca-3,7-diene, 1,5,5,8-tetramethyl-",,2800
41273,brnpdb,1828.0,Benzyl benzoate,,5597
